2026.01.19 23:09:38 INFO  Started: Metals version 1.6.4 in folders 'C:\Users\USER\Desktop\Verilog\Verilog\Scala' for client Visual Studio Code 1.108.1.
1月 19, 2026 11:09:39 下午 org.eclipse.lsp4j.jsonrpc.services.GenericEndpoint notify
資訊: Unsupported notification method: $/setTrace
2026.01.19 23:09:40 WARN  Using H2 2.4.240 which is newer than the version Flyway has been verified with. The latest verified version of H2 is 2.3.232.
1月 19, 2026 11:09:43 下午 org.eclipse.lsp4j.jsonrpc.services.GenericEndpoint notify
資訊: Unsupported notification method: $/setTrace
1月 19, 2026 11:09:44 下午 org.eclipse.lsp4j.jsonrpc.services.GenericEndpoint notify
資訊: Unsupported notification method: $/setTrace
1月 19, 2026 11:11:32 下午 org.eclipse.lsp4j.jsonrpc.services.GenericEndpoint notify
資訊: Unsupported notification method: $/setTrace
2026.01.19 23:14:02 INFO  no build target found for C:\Users\USER\Desktop\Verilog\Verilog\Scala\Student.scala. Using presentation compiler with project's scala-library version: 3.3.6
2026.01.19 23:14:02 WARN  no build target for: C:\Users\USER\Desktop\Verilog\Verilog\Scala\Student.scala
2026.01.19 23:14:02 INFO  no build target found for C:\Users\USER\Desktop\Verilog\Verilog\Scala\Student.scala. Using presentation compiler with project's scala-library version: 3.3.6
2026.01.19 23:14:05 INFO  no build target found for C:\Users\USER\Desktop\Verilog\Verilog\Scala\Student.scala. Using presentation compiler with project's scala-library version: 3.3.6
2026.01.19 23:14:05 INFO  no build target found for C:\Users\USER\Desktop\Verilog\Verilog\Scala\Student.scala. Using presentation compiler with project's scala-library version: 3.3.6
2026.01.19 23:14:05 INFO  no build target found for C:\Users\USER\Desktop\Verilog\Verilog\Scala\Student.scala. Using presentation compiler with project's scala-library version: 3.3.6
1月 19, 2026 11:14:06 下午 org.eclipse.lsp4j.jsonrpc.RemoteEndpoint handleCancellation
警告: Unmatched cancel notification for request id 12
2026.01.19 23:14:05 INFO  no build target found for C:\Users\USER\Desktop\Verilog\Verilog\Scala\Student.scala. Using presentation compiler with project's scala-library version: 3.3.6
2026.01.19 23:14:05 INFO  no build target found for C:\Users\USER\Desktop\Verilog\Verilog\Scala\Student.scala. Using presentation compiler with project's scala-library version: 3.3.6
1月 19, 2026 11:14:06 下午 org.eclipse.lsp4j.jsonrpc.RemoteEndpoint handleCancellation
警告: Unmatched cancel notification for request id 15
2026.01.19 23:14:05 INFO  no build target found for C:\Users\USER\Desktop\Verilog\Verilog\Scala\Student.scala. Using presentation compiler with project's scala-library version: 3.3.6
2026.01.19 23:14:05 INFO  no build target found for C:\Users\USER\Desktop\Verilog\Verilog\Scala\Student.scala. Using presentation compiler with project's scala-library version: 3.3.6
2026.01.19 23:14:05 INFO  no build target found for C:\Users\USER\Desktop\Verilog\Verilog\Scala\Student.scala. Using presentation compiler with project's scala-library version: 3.3.6
2026.01.19 23:14:07 INFO  no build target found for C:\Users\USER\Desktop\Verilog\Verilog\Scala\Student.scala. Using presentation compiler with project's scala-library version: 3.3.6
2026.01.19 23:14:07 INFO  no build target found for C:\Users\USER\Desktop\Verilog\Verilog\Scala\Student.scala. Using presentation compiler with project's scala-library version: 3.3.6
2026.01.19 23:14:07 INFO  time: code lens generation in 3.64s
2026.01.19 23:14:07 WARN  Could not find semantic tokens for: file:///C:/Users/USER/Desktop/Verilog/Verilog/Scala/Student.scala
2026.01.19 23:14:07 INFO  no build target found for C:\Users\USER\Desktop\Verilog\Verilog\Scala\Student.scala. Using presentation compiler with project's scala-library version: 3.3.6
2026.01.19 23:14:07 INFO  no build target found for C:\Users\USER\Desktop\Verilog\Verilog\Scala\Student.scala. Using presentation compiler with project's scala-library version: 3.3.6
2026.01.19 23:14:07 INFO  no build target found for C:\Users\USER\Desktop\Verilog\Verilog\Scala\Student.scala. Using presentation compiler with project's scala-library version: 3.3.6
2026.01.19 23:14:07 INFO  no build target found for C:\Users\USER\Desktop\Verilog\Verilog\Scala\Student.scala. Using presentation compiler with project's scala-library version: 3.3.6
2026.01.19 23:14:07 INFO  no build target found for C:\Users\USER\Desktop\Verilog\Verilog\Scala\Student.scala. Using presentation compiler with project's scala-library version: 3.3.6
2026.01.19 23:14:08 INFO  no build target found for C:\Users\USER\Desktop\Verilog\Verilog\Scala\Student.scala. Using presentation compiler with project's scala-library version: 3.3.6
2026.01.19 23:14:08 INFO  no build target found for C:\Users\USER\Desktop\Verilog\Verilog\Scala\Student.scala. Using presentation compiler with project's scala-library version: 3.3.6
2026.01.19 23:14:09 INFO  no build target found for C:\Users\USER\Desktop\Verilog\Verilog\Scala\Student.scala. Using presentation compiler with project's scala-library version: 3.3.6
2026.01.19 23:14:09 INFO  no build target found for C:\Users\USER\Desktop\Verilog\Verilog\Scala\Student.scala. Using presentation compiler with project's scala-library version: 3.3.6
2026.01.19 23:14:09 INFO  no build target found for C:\Users\USER\Desktop\Verilog\Verilog\Scala\Student.scala. Using presentation compiler with project's scala-library version: 3.3.6
2026.01.19 23:14:09 INFO  no build target found for C:\Users\USER\Desktop\Verilog\Verilog\Scala\Student.scala. Using presentation compiler with project's scala-library version: 3.3.6
2026.01.19 23:14:09 INFO  no build target found for C:\Users\USER\Desktop\Verilog\Verilog\Scala\Student.scala. Using presentation compiler with project's scala-library version: 3.3.6
2026.01.19 23:14:10 INFO  no build target found for C:\Users\USER\Desktop\Verilog\Verilog\Scala\Student.scala. Using presentation compiler with project's scala-library version: 3.3.6
2026.01.19 23:14:11 INFO  no build target found for C:\Users\USER\Desktop\Verilog\Verilog\Scala\Student.scala. Using presentation compiler with project's scala-library version: 3.3.6
2026.01.19 23:14:11 INFO  no build target found for C:\Users\USER\Desktop\Verilog\Verilog\Scala\Student.scala. Using presentation compiler with project's scala-library version: 3.3.6
2026.01.19 23:14:12 INFO  no build target found for C:\Users\USER\Desktop\Verilog\Verilog\Scala\Student.scala. Using presentation compiler with project's scala-library version: 3.3.6
2026.01.19 23:14:12 INFO  no build target found for C:\Users\USER\Desktop\Verilog\Verilog\Scala\Student.scala. Using presentation compiler with project's scala-library version: 3.3.6
2026.01.19 23:14:11 INFO  no build target found for C:\Users\USER\Desktop\Verilog\Verilog\Scala\Student.scala. Using presentation compiler with project's scala-library version: 3.3.6
2026.01.19 23:14:12 INFO  no build target found for C:\Users\USER\Desktop\Verilog\Verilog\Scala\Student.scala. Using presentation compiler with project's scala-library version: 3.3.6
2026.01.19 23:14:12 INFO  no build target found for C:\Users\USER\Desktop\Verilog\Verilog\Scala\Student.scala. Using presentation compiler with project's scala-library version: 3.3.6
2026.01.19 23:14:23 INFO  no build target found for C:\Users\USER\Desktop\Verilog\Verilog\Scala\Student.scala. Using presentation compiler with project's scala-library version: 3.3.6
2026.01.19 23:14:23 WARN  no build target for: C:\Users\USER\Desktop\Verilog\Verilog\Scala\Student.scala
2026.01.19 23:14:23 INFO  no build target found for C:\Users\USER\Desktop\Verilog\Verilog\Scala\Student.scala. Using presentation compiler with project's scala-library version: 3.3.6
2026.01.19 23:14:23 INFO  no build target found for C:\Users\USER\Desktop\Verilog\Verilog\Scala\Student.scala. Using presentation compiler with project's scala-library version: 3.3.6
2026.01.19 23:14:23 INFO  no build target found for C:\Users\USER\Desktop\Verilog\Verilog\Scala\Student.scala. Using presentation compiler with project's scala-library version: 3.3.6
2026.01.19 23:14:28 INFO  running 'C:\Program Files\Eclipse Adoptium\jdk-25.0.0.36-hotspot\bin\java.exe -Djline.terminal=jline.UnsupportedTerminal -Dsbt.log.noformat=true -Dfile.encoding=UTF-8 -jar C:\Users\USER\AppData\Local\Temp\metals7364082417679571715\sbt-launch.jar -Dbloop.export-jar-classifiers=sources bloopInstall'
2026.01.19 23:14:28 WARN  no build target for: C:\Users\USER\Desktop\Verilog\Verilog\Scala\project\metals.sbt
2026.01.19 23:14:28 INFO  no build target found for C:\Users\USER\Desktop\Verilog\Verilog\Scala\project\project\metals.sbt. Using presentation compiler with project's scala-library version: 3.3.6
2026.01.19 23:14:28 WARN  no build target for: C:\Users\USER\Desktop\Verilog\Verilog\Scala\project\project\metals.sbt
2026.01.19 23:14:28 INFO  no build target found for C:\Users\USER\Desktop\Verilog\Verilog\Scala\Student.scala. Using presentation compiler with project's scala-library version: 3.3.6
2026.01.19 23:14:28 INFO  no build target found for C:\Users\USER\Desktop\Verilog\Verilog\Scala\project\metals.sbt. Using presentation compiler with project's scala-library version: 3.3.6
2026.01.19 23:14:29 ERROR [info] [launcher] getting org.scala-sbt sbt 1.4.6  (this may take some time)...
2026.01.19 23:14:33 INFO  no build target found for C:\Users\USER\Desktop\Verilog\Verilog\Scala\Student.scala. Using presentation compiler with project's scala-library version: 3.3.6
2026.01.19 23:14:33 INFO  no build target found for C:\Users\USER\Desktop\Verilog\Verilog\Scala\Student.scala. Using presentation compiler with project's scala-library version: 3.3.6
2026.01.19 23:14:33 INFO  no build target found for C:\Users\USER\Desktop\Verilog\Verilog\Scala\Student.scala. Using presentation compiler with project's scala-library version: 3.3.6
2026.01.19 23:14:33 INFO  no build target found for C:\Users\USER\Desktop\Verilog\Verilog\Scala\Student.scala. Using presentation compiler with project's scala-library version: 3.3.6
2026.01.19 23:14:33 INFO  no build target found for C:\Users\USER\Desktop\Verilog\Verilog\Scala\Student.scala. Using presentation compiler with project's scala-library version: 3.3.6
2026.01.19 23:14:33 WARN  no build target for: C:\Users\USER\Desktop\Verilog\Verilog\Scala\Student.scala
2026.01.19 23:14:34 INFO  no build target found for C:\Users\USER\Desktop\Verilog\Verilog\Scala\Student.scala. Using presentation compiler with project's scala-library version: 3.3.6
2026.01.19 23:14:34 INFO  no build target found for C:\Users\USER\Desktop\Verilog\Verilog\Scala\Student.scala. Using presentation compiler with project's scala-library version: 3.3.6
2026.01.19 23:14:34 INFO  no build target found for C:\Users\USER\Desktop\Verilog\Verilog\Scala\Student.scala. Using presentation compiler with project's scala-library version: 3.3.6
2026.01.19 23:14:34 INFO  no build target found for C:\Users\USER\Desktop\Verilog\Verilog\Scala\Student.scala. Using presentation compiler with project's scala-library version: 3.3.6
2026.01.19 23:14:34 INFO  no build target found for C:\Users\USER\Desktop\Verilog\Verilog\Scala\Student.scala. Using presentation compiler with project's scala-library version: 3.3.6
2026.01.19 23:14:34 INFO  no build target found for C:\Users\USER\Desktop\Verilog\Verilog\Scala\Student.scala. Using presentation compiler with project's scala-library version: 3.3.6
2026.01.19 23:14:37 INFO  no build target found for C:\Users\USER\Desktop\Verilog\Verilog\Scala\Student.scala. Using presentation compiler with project's scala-library version: 3.3.6
2026.01.19 23:14:37 INFO  no build target found for C:\Users\USER\Desktop\Verilog\Verilog\Scala\Student.scala. Using presentation compiler with project's scala-library version: 3.3.6
2026.01.19 23:14:37 INFO  no build target found for C:\Users\USER\Desktop\Verilog\Verilog\Scala\Student.scala. Using presentation compiler with project's scala-library version: 3.3.6
2026.01.19 23:14:37 INFO  no build target found for C:\Users\USER\Desktop\Verilog\Verilog\Scala\Student.scala. Using presentation compiler with project's scala-library version: 3.3.6
2026.01.19 23:14:37 INFO  no build target found for C:\Users\USER\Desktop\Verilog\Verilog\Scala\Student.scala. Using presentation compiler with project's scala-library version: 3.3.6
2026.01.19 23:14:38 INFO  no build target found for C:\Users\USER\Desktop\Verilog\Verilog\Scala\Student.scala. Using presentation compiler with project's scala-library version: 3.3.6
2026.01.19 23:14:37 INFO  no build target found for C:\Users\USER\Desktop\Verilog\Verilog\Scala\Student.scala. Using presentation compiler with project's scala-library version: 3.3.6
2026.01.19 23:14:37 INFO  no build target found for C:\Users\USER\Desktop\Verilog\Verilog\Scala\Student.scala. Using presentation compiler with project's scala-library version: 3.3.6
2026.01.19 23:14:38 INFO  no build target found for C:\Users\USER\Desktop\Verilog\Verilog\Scala\Student.scala. Using presentation compiler with project's scala-library version: 3.3.6
2026.01.19 23:14:38 INFO  no build target found for C:\Users\USER\Desktop\Verilog\Verilog\Scala\Student.scala. Using presentation compiler with project's scala-library version: 3.3.6
2026.01.19 23:14:38 INFO  no build target found for C:\Users\USER\Desktop\Verilog\Verilog\Scala\Student.scala. Using presentation compiler with project's scala-library version: 3.3.6
2026.01.19 23:14:38 INFO  no build target found for C:\Users\USER\Desktop\Verilog\Verilog\Scala\Student.scala. Using presentation compiler with project's scala-library version: 3.3.6
2026.01.19 23:14:38 INFO  no build target found for C:\Users\USER\Desktop\Verilog\Verilog\Scala\Student.scala. Using presentation compiler with project's scala-library version: 3.3.6
1月 19, 2026 11:14:38 下午 org.eclipse.lsp4j.jsonrpc.RemoteEndpoint handleCancellation
警告: Unmatched cancel notification for request id 123
1月 19, 2026 11:14:38 下午 org.eclipse.lsp4j.jsonrpc.RemoteEndpoint handleCancellation
警告: Unmatched cancel notification for request id 125
2026.01.19 23:14:38 INFO  no build target found for C:\Users\USER\Desktop\Verilog\Verilog\Scala\Student.scala. Using presentation compiler with project's scala-library version: 3.3.6
2026.01.19 23:14:38 INFO  no build target found for C:\Users\USER\Desktop\Verilog\Verilog\Scala\Student.scala. Using presentation compiler with project's scala-library version: 3.3.6
2026.01.19 23:14:39 INFO  no build target found for C:\Users\USER\Desktop\Verilog\Verilog\Scala\Student.scala. Using presentation compiler with project's scala-library version: 3.3.6
2026.01.19 23:14:40 INFO  no build target found for C:\Users\USER\Desktop\Verilog\Verilog\Scala\Student.scala. Using presentation compiler with project's scala-library version: 3.3.6
2026.01.19 23:14:40 INFO  no build target found for C:\Users\USER\Desktop\Verilog\Verilog\Scala\Student.scala. Using presentation compiler with project's scala-library version: 3.3.6
2026.01.19 23:14:40 INFO  no build target found for C:\Users\USER\Desktop\Verilog\Verilog\Scala\Student.scala. Using presentation compiler with project's scala-library version: 3.3.6
2026.01.19 23:14:40 INFO  no build target found for C:\Users\USER\Desktop\Verilog\Verilog\Scala\Student.scala. Using presentation compiler with project's scala-library version: 3.3.6
2026.01.19 23:14:40 INFO  no build target found for C:\Users\USER\Desktop\Verilog\Verilog\Scala\Student.scala. Using presentation compiler with project's scala-library version: 3.3.6
2026.01.19 23:14:40 INFO  no build target found for C:\Users\USER\Desktop\Verilog\Verilog\Scala\Student.scala. Using presentation compiler with project's scala-library version: 3.3.6
2026.01.19 23:14:40 INFO  no build target found for C:\Users\USER\Desktop\Verilog\Verilog\Scala\Student.scala. Using presentation compiler with project's scala-library version: 3.3.6
2026.01.19 23:14:40 INFO  no build target found for C:\Users\USER\Desktop\Verilog\Verilog\Scala\Student.scala. Using presentation compiler with project's scala-library version: 3.3.6
1月 19, 2026 11:14:41 下午 org.eclipse.lsp4j.jsonrpc.RemoteEndpoint handleCancellation
警告: Unmatched cancel notification for request id 144
2026.01.19 23:14:40 INFO  no build target found for C:\Users\USER\Desktop\Verilog\Verilog\Scala\Student.scala. Using presentation compiler with project's scala-library version: 3.3.6
2026.01.19 23:14:40 INFO  no build target found for C:\Users\USER\Desktop\Verilog\Verilog\Scala\Student.scala. Using presentation compiler with project's scala-library version: 3.3.6
2026.01.19 23:14:41 INFO  no build target found for C:\Users\USER\Desktop\Verilog\Verilog\Scala\Student.scala. Using presentation compiler with project's scala-library version: 3.3.6
2026.01.19 23:14:41 INFO  no build target found for C:\Users\USER\Desktop\Verilog\Verilog\Scala\Student.scala. Using presentation compiler with project's scala-library version: 3.3.6
2026.01.19 23:14:41 INFO  no build target found for C:\Users\USER\Desktop\Verilog\Verilog\Scala\Student.scala. Using presentation compiler with project's scala-library version: 3.3.6
2026.01.19 23:14:41 INFO  no build target found for C:\Users\USER\Desktop\Verilog\Verilog\Scala\Student.scala. Using presentation compiler with project's scala-library version: 3.3.6
2026.01.19 23:14:41 INFO  no build target found for C:\Users\USER\Desktop\Verilog\Verilog\Scala\Student.scala. Using presentation compiler with project's scala-library version: 3.3.6
2026.01.19 23:14:41 INFO  no build target found for C:\Users\USER\Desktop\Verilog\Verilog\Scala\Student.scala. Using presentation compiler with project's scala-library version: 3.3.6
2026.01.19 23:14:41 INFO  no build target found for C:\Users\USER\Desktop\Verilog\Verilog\Scala\Student.scala. Using presentation compiler with project's scala-library version: 3.3.6
2026.01.19 23:14:41 INFO  no build target found for C:\Users\USER\Desktop\Verilog\Verilog\Scala\Student.scala. Using presentation compiler with project's scala-library version: 3.3.6
2026.01.19 23:14:41 INFO  no build target found for C:\Users\USER\Desktop\Verilog\Verilog\Scala\Student.scala. Using presentation compiler with project's scala-library version: 3.3.6
2026.01.19 23:14:41 INFO  no build target found for C:\Users\USER\Desktop\Verilog\Verilog\Scala\Student.scala. Using presentation compiler with project's scala-library version: 3.3.6
2026.01.19 23:14:42 INFO  no build target found for C:\Users\USER\Desktop\Verilog\Verilog\Scala\Student.scala. Using presentation compiler with project's scala-library version: 3.3.6
2026.01.19 23:14:42 INFO  no build target found for C:\Users\USER\Desktop\Verilog\Verilog\Scala\Student.scala. Using presentation compiler with project's scala-library version: 3.3.6
2026.01.19 23:14:42 INFO  no build target found for C:\Users\USER\Desktop\Verilog\Verilog\Scala\Student.scala. Using presentation compiler with project's scala-library version: 3.3.6
2026.01.19 23:14:42 INFO  no build target found for C:\Users\USER\Desktop\Verilog\Verilog\Scala\Student.scala. Using presentation compiler with project's scala-library version: 3.3.6
2026.01.19 23:14:42 INFO  no build target found for C:\Users\USER\Desktop\Verilog\Verilog\Scala\Student.scala. Using presentation compiler with project's scala-library version: 3.3.6
2026.01.19 23:14:42 INFO  no build target found for C:\Users\USER\Desktop\Verilog\Verilog\Scala\Student.scala. Using presentation compiler with project's scala-library version: 3.3.6
2026.01.19 23:14:43 INFO  no build target found for C:\Users\USER\Desktop\Verilog\Verilog\Scala\Student.scala. Using presentation compiler with project's scala-library version: 3.3.6
2026.01.19 23:14:42 INFO  no build target found for C:\Users\USER\Desktop\Verilog\Verilog\Scala\Student.scala. Using presentation compiler with project's scala-library version: 3.3.6
2026.01.19 23:14:43 INFO  no build target found for C:\Users\USER\Desktop\Verilog\Verilog\Scala\Student.scala. Using presentation compiler with project's scala-library version: 3.3.6
2026.01.19 23:14:43 INFO  no build target found for C:\Users\USER\Desktop\Verilog\Verilog\Scala\Student.scala. Using presentation compiler with project's scala-library version: 3.3.6
2026.01.19 23:14:43 INFO  no build target found for C:\Users\USER\Desktop\Verilog\Verilog\Scala\Student.scala. Using presentation compiler with project's scala-library version: 3.3.6
2026.01.19 23:14:43 INFO  no build target found for C:\Users\USER\Desktop\Verilog\Verilog\Scala\Student.scala. Using presentation compiler with project's scala-library version: 3.3.6
2026.01.19 23:14:43 INFO  no build target found for C:\Users\USER\Desktop\Verilog\Verilog\Scala\Student.scala. Using presentation compiler with project's scala-library version: 3.3.6
2026.01.19 23:14:43 INFO  no build target found for C:\Users\USER\Desktop\Verilog\Verilog\Scala\Student.scala. Using presentation compiler with project's scala-library version: 3.3.6
2026.01.19 23:14:43 INFO  no build target found for C:\Users\USER\Desktop\Verilog\Verilog\Scala\Student.scala. Using presentation compiler with project's scala-library version: 3.3.6
2026.01.19 23:14:43 INFO  no build target found for C:\Users\USER\Desktop\Verilog\Verilog\Scala\Student.scala. Using presentation compiler with project's scala-library version: 3.3.6
2026.01.19 23:14:46 INFO  no build target found for C:\Users\USER\Desktop\Verilog\Verilog\Scala\Student.scala. Using presentation compiler with project's scala-library version: 3.3.6
2026.01.19 23:14:47 INFO  no build target found for C:\Users\USER\Desktop\Verilog\Verilog\Scala\Student.scala. Using presentation compiler with project's scala-library version: 3.3.6
2026.01.19 23:14:47 INFO  no build target found for C:\Users\USER\Desktop\Verilog\Verilog\Scala\Student.scala. Using presentation compiler with project's scala-library version: 3.3.6
2026.01.19 23:14:46 INFO  no build target found for C:\Users\USER\Desktop\Verilog\Verilog\Scala\Student.scala. Using presentation compiler with project's scala-library version: 3.3.6
2026.01.19 23:14:47 WARN  no build target for: C:\Users\USER\Desktop\Verilog\Verilog\Scala\Student.scala
2026.01.19 23:14:47 INFO  no build target found for C:\Users\USER\Desktop\Verilog\Verilog\Scala\Student.scala. Using presentation compiler with project's scala-library version: 3.3.6
2026.01.19 23:14:47 INFO  no build target found for C:\Users\USER\Desktop\Verilog\Verilog\Scala\Student.scala. Using presentation compiler with project's scala-library version: 3.3.6
2026.01.19 23:14:47 INFO  no build target found for C:\Users\USER\Desktop\Verilog\Verilog\Scala\Student.scala. Using presentation compiler with project's scala-library version: 3.3.6
2026.01.19 23:14:48 INFO  no build target found for C:\Users\USER\Desktop\Verilog\Verilog\Scala\Student.scala. Using presentation compiler with project's scala-library version: 3.3.6
2026.01.19 23:14:48 INFO  no build target found for C:\Users\USER\Desktop\Verilog\Verilog\Scala\Student.scala. Using presentation compiler with project's scala-library version: 3.3.6
2026.01.19 23:14:48 INFO  no build target found for C:\Users\USER\Desktop\Verilog\Verilog\Scala\Student.scala. Using presentation compiler with project's scala-library version: 3.3.6
2026.01.19 23:14:48 INFO  no build target found for C:\Users\USER\Desktop\Verilog\Verilog\Scala\Student.scala. Using presentation compiler with project's scala-library version: 3.3.6
2026.01.19 23:14:48 INFO  no build target found for C:\Users\USER\Desktop\Verilog\Verilog\Scala\Student.scala. Using presentation compiler with project's scala-library version: 3.3.6
2026.01.19 23:14:48 INFO  no build target found for C:\Users\USER\Desktop\Verilog\Verilog\Scala\Student.scala. Using presentation compiler with project's scala-library version: 3.3.6
2026.01.19 23:14:49 INFO  no build target found for C:\Users\USER\Desktop\Verilog\Verilog\Scala\Student.scala. Using presentation compiler with project's scala-library version: 3.3.6
2026.01.19 23:14:49 INFO  no build target found for C:\Users\USER\Desktop\Verilog\Verilog\Scala\Student.scala. Using presentation compiler with project's scala-library version: 3.3.6
2026.01.19 23:14:49 INFO  no build target found for C:\Users\USER\Desktop\Verilog\Verilog\Scala\Student.scala. Using presentation compiler with project's scala-library version: 3.3.6
2026.01.19 23:14:49 INFO  no build target found for C:\Users\USER\Desktop\Verilog\Verilog\Scala\Student.scala. Using presentation compiler with project's scala-library version: 3.3.6
2026.01.19 23:14:49 INFO  no build target found for C:\Users\USER\Desktop\Verilog\Verilog\Scala\Student.scala. Using presentation compiler with project's scala-library version: 3.3.6
2026.01.19 23:14:49 INFO  no build target found for C:\Users\USER\Desktop\Verilog\Verilog\Scala\Student.scala. Using presentation compiler with project's scala-library version: 3.3.6
2026.01.19 23:14:49 INFO  no build target found for C:\Users\USER\Desktop\Verilog\Verilog\Scala\Student.scala. Using presentation compiler with project's scala-library version: 3.3.6
2026.01.19 23:14:49 INFO  no build target found for C:\Users\USER\Desktop\Verilog\Verilog\Scala\Student.scala. Using presentation compiler with project's scala-library version: 3.3.6
2026.01.19 23:14:50 INFO  no build target found for C:\Users\USER\Desktop\Verilog\Verilog\Scala\Student.scala. Using presentation compiler with project's scala-library version: 3.3.6
2026.01.19 23:14:50 INFO  no build target found for C:\Users\USER\Desktop\Verilog\Verilog\Scala\Student.scala. Using presentation compiler with project's scala-library version: 3.3.6
2026.01.19 23:14:51 INFO  no build target found for C:\Users\USER\Desktop\Verilog\Verilog\Scala\Student.scala. Using presentation compiler with project's scala-library version: 3.3.6
2026.01.19 23:14:50 INFO  no build target found for C:\Users\USER\Desktop\Verilog\Verilog\Scala\Student.scala. Using presentation compiler with project's scala-library version: 3.3.6
1月 19, 2026 11:14:51 下午 org.eclipse.lsp4j.jsonrpc.RemoteEndpoint handleCancellation
警告: Unmatched cancel notification for request id 236
2026.01.19 23:14:51 INFO  no build target found for C:\Users\USER\Desktop\Verilog\Verilog\Scala\Student.scala. Using presentation compiler with project's scala-library version: 3.3.6
2026.01.19 23:14:50 INFO  no build target found for C:\Users\USER\Desktop\Verilog\Verilog\Scala\Student.scala. Using presentation compiler with project's scala-library version: 3.3.6
2026.01.19 23:14:50 INFO  no build target found for C:\Users\USER\Desktop\Verilog\Verilog\Scala\Student.scala. Using presentation compiler with project's scala-library version: 3.3.6
2026.01.19 23:14:50 INFO  no build target found for C:\Users\USER\Desktop\Verilog\Verilog\Scala\Student.scala. Using presentation compiler with project's scala-library version: 3.3.6
2026.01.19 23:14:51 INFO  no build target found for C:\Users\USER\Desktop\Verilog\Verilog\Scala\Student.scala. Using presentation compiler with project's scala-library version: 3.3.6
2026.01.19 23:14:50 INFO  no build target found for C:\Users\USER\Desktop\Verilog\Verilog\Scala\Student.scala. Using presentation compiler with project's scala-library version: 3.3.6
2026.01.19 23:14:51 INFO  no build target found for C:\Users\USER\Desktop\Verilog\Verilog\Scala\Student.scala. Using presentation compiler with project's scala-library version: 3.3.6
2026.01.19 23:14:50 INFO  no build target found for C:\Users\USER\Desktop\Verilog\Verilog\Scala\Student.scala. Using presentation compiler with project's scala-library version: 3.3.6
2026.01.19 23:14:52 INFO  no build target found for C:\Users\USER\Desktop\Verilog\Verilog\Scala\Student.scala. Using presentation compiler with project's scala-library version: 3.3.6
2026.01.19 23:14:52 INFO  no build target found for C:\Users\USER\Desktop\Verilog\Verilog\Scala\Student.scala. Using presentation compiler with project's scala-library version: 3.3.6
2026.01.19 23:14:52 INFO  no build target found for C:\Users\USER\Desktop\Verilog\Verilog\Scala\Student.scala. Using presentation compiler with project's scala-library version: 3.3.6
2026.01.19 23:14:52 INFO  no build target found for C:\Users\USER\Desktop\Verilog\Verilog\Scala\Student.scala. Using presentation compiler with project's scala-library version: 3.3.6
2026.01.19 23:14:52 INFO  no build target found for C:\Users\USER\Desktop\Verilog\Verilog\Scala\Student.scala. Using presentation compiler with project's scala-library version: 3.3.6
2026.01.19 23:14:52 INFO  no build target found for C:\Users\USER\Desktop\Verilog\Verilog\Scala\Student.scala. Using presentation compiler with project's scala-library version: 3.3.6
2026.01.19 23:14:52 INFO  no build target found for C:\Users\USER\Desktop\Verilog\Verilog\Scala\Student.scala. Using presentation compiler with project's scala-library version: 3.3.6
2026.01.19 23:14:52 INFO  no build target found for C:\Users\USER\Desktop\Verilog\Verilog\Scala\Student.scala. Using presentation compiler with project's scala-library version: 3.3.6
2026.01.19 23:14:53 INFO  no build target found for C:\Users\USER\Desktop\Verilog\Verilog\Scala\Student.scala. Using presentation compiler with project's scala-library version: 3.3.6
2026.01.19 23:14:53 INFO  no build target found for C:\Users\USER\Desktop\Verilog\Verilog\Scala\Student.scala. Using presentation compiler with project's scala-library version: 3.3.6
2026.01.19 23:14:54 INFO  no build target found for C:\Users\USER\Desktop\Verilog\Verilog\Scala\Student.scala. Using presentation compiler with project's scala-library version: 3.3.6
2026.01.19 23:14:54 INFO  no build target found for C:\Users\USER\Desktop\Verilog\Verilog\Scala\Student.scala. Using presentation compiler with project's scala-library version: 3.3.6
2026.01.19 23:14:54 INFO  no build target found for C:\Users\USER\Desktop\Verilog\Verilog\Scala\Student.scala. Using presentation compiler with project's scala-library version: 3.3.6
2026.01.19 23:14:55 INFO  no build target found for C:\Users\USER\Desktop\Verilog\Verilog\Scala\Student.scala. Using presentation compiler with project's scala-library version: 3.3.6
2026.01.19 23:14:55 INFO  no build target found for C:\Users\USER\Desktop\Verilog\Verilog\Scala\Student.scala. Using presentation compiler with project's scala-library version: 3.3.6
2026.01.19 23:14:54 INFO  no build target found for C:\Users\USER\Desktop\Verilog\Verilog\Scala\Student.scala. Using presentation compiler with project's scala-library version: 3.3.6
2026.01.19 23:14:54 INFO  no build target found for C:\Users\USER\Desktop\Verilog\Verilog\Scala\Student.scala. Using presentation compiler with project's scala-library version: 3.3.6
2026.01.19 23:14:54 INFO  no build target found for C:\Users\USER\Desktop\Verilog\Verilog\Scala\Student.scala. Using presentation compiler with project's scala-library version: 3.3.6
2026.01.19 23:14:55 INFO  no build target found for C:\Users\USER\Desktop\Verilog\Verilog\Scala\Student.scala. Using presentation compiler with project's scala-library version: 3.3.6
2026.01.19 23:14:55 INFO  no build target found for C:\Users\USER\Desktop\Verilog\Verilog\Scala\Student.scala. Using presentation compiler with project's scala-library version: 3.3.6
2026.01.19 23:14:56 INFO  no build target found for C:\Users\USER\Desktop\Verilog\Verilog\Scala\Student.scala. Using presentation compiler with project's scala-library version: 3.3.6
2026.01.19 23:14:57 INFO  no build target found for C:\Users\USER\Desktop\Verilog\Verilog\Scala\Student.scala. Using presentation compiler with project's scala-library version: 3.3.6
2026.01.19 23:14:57 INFO  no build target found for C:\Users\USER\Desktop\Verilog\Verilog\Scala\Student.scala. Using presentation compiler with project's scala-library version: 3.3.6
2026.01.19 23:14:57 INFO  no build target found for C:\Users\USER\Desktop\Verilog\Verilog\Scala\Student.scala. Using presentation compiler with project's scala-library version: 3.3.6
2026.01.19 23:14:57 INFO  no build target found for C:\Users\USER\Desktop\Verilog\Verilog\Scala\Student.scala. Using presentation compiler with project's scala-library version: 3.3.6
2026.01.19 23:14:57 INFO  no build target found for C:\Users\USER\Desktop\Verilog\Verilog\Scala\Student.scala. Using presentation compiler with project's scala-library version: 3.3.6
2026.01.19 23:14:57 INFO  no build target found for C:\Users\USER\Desktop\Verilog\Verilog\Scala\Student.scala. Using presentation compiler with project's scala-library version: 3.3.6
2026.01.19 23:14:57 INFO  no build target found for C:\Users\USER\Desktop\Verilog\Verilog\Scala\Student.scala. Using presentation compiler with project's scala-library version: 3.3.6
2026.01.19 23:14:57 INFO  no build target found for C:\Users\USER\Desktop\Verilog\Verilog\Scala\Student.scala. Using presentation compiler with project's scala-library version: 3.3.6
2026.01.19 23:14:57 INFO  no build target found for C:\Users\USER\Desktop\Verilog\Verilog\Scala\Student.scala. Using presentation compiler with project's scala-library version: 3.3.6
2026.01.19 23:14:57 INFO  no build target found for C:\Users\USER\Desktop\Verilog\Verilog\Scala\Student.scala. Using presentation compiler with project's scala-library version: 3.3.6
1月 19, 2026 11:14:57 下午 org.eclipse.lsp4j.jsonrpc.RemoteEndpoint handleCancellation
警告: Unmatched cancel notification for request id 301
2026.01.19 23:14:57 INFO  no build target found for C:\Users\USER\Desktop\Verilog\Verilog\Scala\Student.scala. Using presentation compiler with project's scala-library version: 3.3.6
2026.01.19 23:14:57 INFO  no build target found for C:\Users\USER\Desktop\Verilog\Verilog\Scala\Student.scala. Using presentation compiler with project's scala-library version: 3.3.6
2026.01.19 23:14:58 INFO  no build target found for C:\Users\USER\Desktop\Verilog\Verilog\Scala\Student.scala. Using presentation compiler with project's scala-library version: 3.3.6
2026.01.19 23:14:58 INFO  no build target found for C:\Users\USER\Desktop\Verilog\Verilog\Scala\Student.scala. Using presentation compiler with project's scala-library version: 3.3.6
2026.01.19 23:14:58 INFO  no build target found for C:\Users\USER\Desktop\Verilog\Verilog\Scala\Student.scala. Using presentation compiler with project's scala-library version: 3.3.6
2026.01.19 23:14:58 INFO  no build target found for C:\Users\USER\Desktop\Verilog\Verilog\Scala\Student.scala. Using presentation compiler with project's scala-library version: 3.3.6
2026.01.19 23:14:58 INFO  no build target found for C:\Users\USER\Desktop\Verilog\Verilog\Scala\Student.scala. Using presentation compiler with project's scala-library version: 3.3.6
2026.01.19 23:14:58 INFO  no build target found for C:\Users\USER\Desktop\Verilog\Verilog\Scala\Student.scala. Using presentation compiler with project's scala-library version: 3.3.6
2026.01.19 23:14:58 INFO  no build target found for C:\Users\USER\Desktop\Verilog\Verilog\Scala\Student.scala. Using presentation compiler with project's scala-library version: 3.3.6
2026.01.19 23:14:59 INFO  no build target found for C:\Users\USER\Desktop\Verilog\Verilog\Scala\Student.scala. Using presentation compiler with project's scala-library version: 3.3.6
2026.01.19 23:14:59 INFO  no build target found for C:\Users\USER\Desktop\Verilog\Verilog\Scala\Student.scala. Using presentation compiler with project's scala-library version: 3.3.6
2026.01.19 23:14:59 INFO  no build target found for C:\Users\USER\Desktop\Verilog\Verilog\Scala\Student.scala. Using presentation compiler with project's scala-library version: 3.3.6
2026.01.19 23:14:58 INFO  no build target found for C:\Users\USER\Desktop\Verilog\Verilog\Scala\Student.scala. Using presentation compiler with project's scala-library version: 3.3.6
2026.01.19 23:14:59 INFO  no build target found for C:\Users\USER\Desktop\Verilog\Verilog\Scala\Student.scala. Using presentation compiler with project's scala-library version: 3.3.6
2026.01.19 23:14:59 INFO  no build target found for C:\Users\USER\Desktop\Verilog\Verilog\Scala\Student.scala. Using presentation compiler with project's scala-library version: 3.3.6
2026.01.19 23:14:59 INFO  no build target found for C:\Users\USER\Desktop\Verilog\Verilog\Scala\Student.scala. Using presentation compiler with project's scala-library version: 3.3.6
2026.01.19 23:15:00 INFO  no build target found for C:\Users\USER\Desktop\Verilog\Verilog\Scala\Student.scala. Using presentation compiler with project's scala-library version: 3.3.6
2026.01.19 23:15:00 INFO  no build target found for C:\Users\USER\Desktop\Verilog\Verilog\Scala\Student.scala. Using presentation compiler with project's scala-library version: 3.3.6
2026.01.19 23:15:00 INFO  no build target found for C:\Users\USER\Desktop\Verilog\Verilog\Scala\Student.scala. Using presentation compiler with project's scala-library version: 3.3.6
2026.01.19 23:15:00 INFO  no build target found for C:\Users\USER\Desktop\Verilog\Verilog\Scala\Student.scala. Using presentation compiler with project's scala-library version: 3.3.6
2026.01.19 23:15:00 INFO  no build target found for C:\Users\USER\Desktop\Verilog\Verilog\Scala\Student.scala. Using presentation compiler with project's scala-library version: 3.3.6
2026.01.19 23:15:01 INFO  no build target found for C:\Users\USER\Desktop\Verilog\Verilog\Scala\Student.scala. Using presentation compiler with project's scala-library version: 3.3.6
2026.01.19 23:15:00 INFO  no build target found for C:\Users\USER\Desktop\Verilog\Verilog\Scala\Student.scala. Using presentation compiler with project's scala-library version: 3.3.6
2026.01.19 23:15:02 INFO  no build target found for C:\Users\USER\Desktop\Verilog\Verilog\Scala\Student.scala. Using presentation compiler with project's scala-library version: 3.3.6
2026.01.19 23:15:02 INFO  no build target found for C:\Users\USER\Desktop\Verilog\Verilog\Scala\Student.scala. Using presentation compiler with project's scala-library version: 3.3.6
2026.01.19 23:15:02 INFO  no build target found for C:\Users\USER\Desktop\Verilog\Verilog\Scala\Student.scala. Using presentation compiler with project's scala-library version: 3.3.6
2026.01.19 23:15:02 INFO  no build target found for C:\Users\USER\Desktop\Verilog\Verilog\Scala\Student.scala. Using presentation compiler with project's scala-library version: 3.3.6
2026.01.19 23:15:02 INFO  no build target found for C:\Users\USER\Desktop\Verilog\Verilog\Scala\Student.scala. Using presentation compiler with project's scala-library version: 3.3.6
2026.01.19 23:15:02 INFO  no build target found for C:\Users\USER\Desktop\Verilog\Verilog\Scala\Student.scala. Using presentation compiler with project's scala-library version: 3.3.6
2026.01.19 23:15:02 INFO  no build target found for C:\Users\USER\Desktop\Verilog\Verilog\Scala\Student.scala. Using presentation compiler with project's scala-library version: 3.3.6
2026.01.19 23:15:02 INFO  no build target found for C:\Users\USER\Desktop\Verilog\Verilog\Scala\Student.scala. Using presentation compiler with project's scala-library version: 3.3.6
1月 19, 2026 11:15:02 下午 org.eclipse.lsp4j.jsonrpc.RemoteEndpoint handleCancellation
警告: Unmatched cancel notification for request id 355
2026.01.19 23:15:02 INFO  no build target found for C:\Users\USER\Desktop\Verilog\Verilog\Scala\Student.scala. Using presentation compiler with project's scala-library version: 3.3.6
2026.01.19 23:15:02 INFO  no build target found for C:\Users\USER\Desktop\Verilog\Verilog\Scala\Student.scala. Using presentation compiler with project's scala-library version: 3.3.6
2026.01.19 23:15:03 INFO  no build target found for C:\Users\USER\Desktop\Verilog\Verilog\Scala\Student.scala. Using presentation compiler with project's scala-library version: 3.3.6
2026.01.19 23:15:03 INFO  no build target found for C:\Users\USER\Desktop\Verilog\Verilog\Scala\Student.scala. Using presentation compiler with project's scala-library version: 3.3.6
2026.01.19 23:15:03 INFO  no build target found for C:\Users\USER\Desktop\Verilog\Verilog\Scala\Student.scala. Using presentation compiler with project's scala-library version: 3.3.6
2026.01.19 23:15:03 INFO  no build target found for C:\Users\USER\Desktop\Verilog\Verilog\Scala\Student.scala. Using presentation compiler with project's scala-library version: 3.3.6
2026.01.19 23:15:03 INFO  no build target found for C:\Users\USER\Desktop\Verilog\Verilog\Scala\Student.scala. Using presentation compiler with project's scala-library version: 3.3.6
2026.01.19 23:15:03 INFO  no build target found for C:\Users\USER\Desktop\Verilog\Verilog\Scala\Student.scala. Using presentation compiler with project's scala-library version: 3.3.6
2026.01.19 23:15:02 INFO  no build target found for C:\Users\USER\Desktop\Verilog\Verilog\Scala\Student.scala. Using presentation compiler with project's scala-library version: 3.3.6
2026.01.19 23:15:03 INFO  no build target found for C:\Users\USER\Desktop\Verilog\Verilog\Scala\Student.scala. Using presentation compiler with project's scala-library version: 3.3.6
2026.01.19 23:15:05 INFO  no build target found for C:\Users\USER\Desktop\Verilog\Verilog\Scala\Student.scala. Using presentation compiler with project's scala-library version: 3.3.6
2026.01.19 23:15:07 INFO  no build target found for C:\Users\USER\Desktop\Verilog\Verilog\Scala\Student.scala. Using presentation compiler with project's scala-library version: 3.3.6
2026.01.19 23:15:07 INFO  no build target found for C:\Users\USER\Desktop\Verilog\Verilog\Scala\Student.scala. Using presentation compiler with project's scala-library version: 3.3.6
2026.01.19 23:15:07 INFO  no build target found for C:\Users\USER\Desktop\Verilog\Verilog\Scala\Student.scala. Using presentation compiler with project's scala-library version: 3.3.6
2026.01.19 23:15:08 INFO  no build target found for C:\Users\USER\Desktop\Verilog\Verilog\Scala\Student.scala. Using presentation compiler with project's scala-library version: 3.3.6
2026.01.19 23:15:09 INFO  no build target found for C:\Users\USER\Desktop\Verilog\Verilog\Scala\Student.scala. Using presentation compiler with project's scala-library version: 3.3.6
2026.01.19 23:15:09 INFO  no build target found for C:\Users\USER\Desktop\Verilog\Verilog\Scala\Student.scala. Using presentation compiler with project's scala-library version: 3.3.6
2026.01.19 23:15:08 INFO  no build target found for C:\Users\USER\Desktop\Verilog\Verilog\Scala\Student.scala. Using presentation compiler with project's scala-library version: 3.3.6
2026.01.19 23:15:08 INFO  no build target found for C:\Users\USER\Desktop\Verilog\Verilog\Scala\Student.scala. Using presentation compiler with project's scala-library version: 3.3.6
2026.01.19 23:15:09 INFO  no build target found for C:\Users\USER\Desktop\Verilog\Verilog\Scala\Student.scala. Using presentation compiler with project's scala-library version: 3.3.6
2026.01.19 23:15:09 INFO  no build target found for C:\Users\USER\Desktop\Verilog\Verilog\Scala\Student.scala. Using presentation compiler with project's scala-library version: 3.3.6
2026.01.19 23:15:10 INFO  no build target found for C:\Users\USER\Desktop\Verilog\Verilog\Scala\Student.scala. Using presentation compiler with project's scala-library version: 3.3.6
2026.01.19 23:15:10 INFO  no build target found for C:\Users\USER\Desktop\Verilog\Verilog\Scala\Student.scala. Using presentation compiler with project's scala-library version: 3.3.6
2026.01.19 23:15:10 INFO  no build target found for C:\Users\USER\Desktop\Verilog\Verilog\Scala\Student.scala. Using presentation compiler with project's scala-library version: 3.3.6
2026.01.19 23:15:10 INFO  no build target found for C:\Users\USER\Desktop\Verilog\Verilog\Scala\Student.scala. Using presentation compiler with project's scala-library version: 3.3.6
2026.01.19 23:15:10 INFO  no build target found for C:\Users\USER\Desktop\Verilog\Verilog\Scala\Student.scala. Using presentation compiler with project's scala-library version: 3.3.6
2026.01.19 23:15:10 INFO  no build target found for C:\Users\USER\Desktop\Verilog\Verilog\Scala\Student.scala. Using presentation compiler with project's scala-library version: 3.3.6
2026.01.19 23:15:10 INFO  no build target found for C:\Users\USER\Desktop\Verilog\Verilog\Scala\Student.scala. Using presentation compiler with project's scala-library version: 3.3.6
2026.01.19 23:15:10 INFO  no build target found for C:\Users\USER\Desktop\Verilog\Verilog\Scala\Student.scala. Using presentation compiler with project's scala-library version: 3.3.6
2026.01.19 23:15:10 INFO  no build target found for C:\Users\USER\Desktop\Verilog\Verilog\Scala\Student.scala. Using presentation compiler with project's scala-library version: 3.3.6
2026.01.19 23:15:10 INFO  no build target found for C:\Users\USER\Desktop\Verilog\Verilog\Scala\Student.scala. Using presentation compiler with project's scala-library version: 3.3.6
2026.01.19 23:15:11 INFO  no build target found for C:\Users\USER\Desktop\Verilog\Verilog\Scala\Student.scala. Using presentation compiler with project's scala-library version: 3.3.6
2026.01.19 23:15:11 INFO  no build target found for C:\Users\USER\Desktop\Verilog\Verilog\Scala\Student.scala. Using presentation compiler with project's scala-library version: 3.3.6
2026.01.19 23:15:11 INFO  no build target found for C:\Users\USER\Desktop\Verilog\Verilog\Scala\Student.scala. Using presentation compiler with project's scala-library version: 3.3.6
2026.01.19 23:15:11 INFO  no build target found for C:\Users\USER\Desktop\Verilog\Verilog\Scala\Student.scala. Using presentation compiler with project's scala-library version: 3.3.6
2026.01.19 23:15:11 INFO  no build target found for C:\Users\USER\Desktop\Verilog\Verilog\Scala\Student.scala. Using presentation compiler with project's scala-library version: 3.3.6
2026.01.19 23:15:12 INFO  no build target found for C:\Users\USER\Desktop\Verilog\Verilog\Scala\Student.scala. Using presentation compiler with project's scala-library version: 3.3.6
2026.01.19 23:15:12 INFO  no build target found for C:\Users\USER\Desktop\Verilog\Verilog\Scala\Student.scala. Using presentation compiler with project's scala-library version: 3.3.6
2026.01.19 23:15:12 INFO  no build target found for C:\Users\USER\Desktop\Verilog\Verilog\Scala\Student.scala. Using presentation compiler with project's scala-library version: 3.3.6
2026.01.19 23:15:12 INFO  no build target found for C:\Users\USER\Desktop\Verilog\Verilog\Scala\Student.scala. Using presentation compiler with project's scala-library version: 3.3.6
2026.01.19 23:15:12 INFO  no build target found for C:\Users\USER\Desktop\Verilog\Verilog\Scala\Student.scala. Using presentation compiler with project's scala-library version: 3.3.6
2026.01.19 23:15:13 INFO  no build target found for C:\Users\USER\Desktop\Verilog\Verilog\Scala\Student.scala. Using presentation compiler with project's scala-library version: 3.3.6
2026.01.19 23:15:13 INFO  no build target found for C:\Users\USER\Desktop\Verilog\Verilog\Scala\Student.scala. Using presentation compiler with project's scala-library version: 3.3.6
2026.01.19 23:15:12 INFO  no build target found for C:\Users\USER\Desktop\Verilog\Verilog\Scala\Student.scala. Using presentation compiler with project's scala-library version: 3.3.6
2026.01.19 23:15:14 INFO  no build target found for C:\Users\USER\Desktop\Verilog\Verilog\Scala\Student.scala. Using presentation compiler with project's scala-library version: 3.3.6
2026.01.19 23:15:14 INFO  no build target found for C:\Users\USER\Desktop\Verilog\Verilog\Scala\Student.scala. Using presentation compiler with project's scala-library version: 3.3.6
2026.01.19 23:15:14 WARN  no build target for: C:\Users\USER\Desktop\Verilog\Verilog\Scala\Student.scala
2026.01.19 23:15:14 INFO  no build target found for C:\Users\USER\Desktop\Verilog\Verilog\Scala\Student.scala. Using presentation compiler with project's scala-library version: 3.3.6
2026.01.19 23:15:14 INFO  no build target found for C:\Users\USER\Desktop\Verilog\Verilog\Scala\Student.scala. Using presentation compiler with project's scala-library version: 3.3.6
2026.01.19 23:15:14 INFO  no build target found for C:\Users\USER\Desktop\Verilog\Verilog\Scala\Student.scala. Using presentation compiler with project's scala-library version: 3.3.6
2026.01.19 23:15:15 INFO  no build target found for C:\Users\USER\Desktop\Verilog\Verilog\Scala\Student.scala. Using presentation compiler with project's scala-library version: 3.3.6
2026.01.19 23:15:15 INFO  no build target found for C:\Users\USER\Desktop\Verilog\Verilog\Scala\Student.scala. Using presentation compiler with project's scala-library version: 3.3.6
2026.01.19 23:15:15 INFO  no build target found for C:\Users\USER\Desktop\Verilog\Verilog\Scala\Student.scala. Using presentation compiler with project's scala-library version: 3.3.6
2026.01.19 23:15:15 INFO  no build target found for C:\Users\USER\Desktop\Verilog\Verilog\Scala\Student.scala. Using presentation compiler with project's scala-library version: 3.3.6
2026.01.19 23:16:49 INFO  no build target found for C:\Users\USER\Desktop\Verilog\Verilog\Scala\Student.scala. Using presentation compiler with project's scala-library version: 3.3.6
2026.01.19 23:16:49 INFO  no build target found for C:\Users\USER\Desktop\Verilog\Verilog\Scala\Student.scala. Using presentation compiler with project's scala-library version: 3.3.6
2026.01.19 23:16:49 INFO  no build target found for C:\Users\USER\Desktop\Verilog\Verilog\Scala\Student.scala. Using presentation compiler with project's scala-library version: 3.3.6
2026.01.19 23:16:50 INFO  no build target found for C:\Users\USER\Desktop\Verilog\Verilog\Scala\Student.scala. Using presentation compiler with project's scala-library version: 3.3.6
2026.01.19 23:16:50 INFO  no build target found for C:\Users\USER\Desktop\Verilog\Verilog\Scala\Student.scala. Using presentation compiler with project's scala-library version: 3.3.6
2026.01.19 23:16:50 INFO  no build target found for C:\Users\USER\Desktop\Verilog\Verilog\Scala\Student.scala. Using presentation compiler with project's scala-library version: 3.3.6
2026.01.19 23:16:51 INFO  no build target found for C:\Users\USER\Desktop\Verilog\Verilog\Scala\Student.scala. Using presentation compiler with project's scala-library version: 3.3.6
2026.01.19 23:16:50 INFO  no build target found for C:\Users\USER\Desktop\Verilog\Verilog\Scala\Student.scala. Using presentation compiler with project's scala-library version: 3.3.6
2026.01.19 23:16:50 INFO  no build target found for C:\Users\USER\Desktop\Verilog\Verilog\Scala\Student.scala. Using presentation compiler with project's scala-library version: 3.3.6
2026.01.19 23:16:52 INFO  no build target found for C:\Users\USER\Desktop\Verilog\Verilog\Scala\Student.scala. Using presentation compiler with project's scala-library version: 3.3.6
2026.01.19 23:16:52 INFO  no build target found for C:\Users\USER\Desktop\Verilog\Verilog\Scala\Student.scala. Using presentation compiler with project's scala-library version: 3.3.6
2026.01.19 23:16:52 INFO  no build target found for C:\Users\USER\Desktop\Verilog\Verilog\Scala\Student.scala. Using presentation compiler with project's scala-library version: 3.3.6
2026.01.19 23:16:52 INFO  no build target found for C:\Users\USER\Desktop\Verilog\Verilog\Scala\Student.scala. Using presentation compiler with project's scala-library version: 3.3.6
2026.01.19 23:16:53 INFO  no build target found for C:\Users\USER\Desktop\Verilog\Verilog\Scala\Student.scala. Using presentation compiler with project's scala-library version: 3.3.6
2026.01.19 23:16:53 INFO  no build target found for C:\Users\USER\Desktop\Verilog\Verilog\Scala\Student.scala. Using presentation compiler with project's scala-library version: 3.3.6
2026.01.19 23:16:52 INFO  no build target found for C:\Users\USER\Desktop\Verilog\Verilog\Scala\Student.scala. Using presentation compiler with project's scala-library version: 3.3.6
2026.01.19 23:16:53 INFO  no build target found for C:\Users\USER\Desktop\Verilog\Verilog\Scala\Student.scala. Using presentation compiler with project's scala-library version: 3.3.6
2026.01.19 23:16:53 INFO  no build target found for C:\Users\USER\Desktop\Verilog\Verilog\Scala\Student.scala. Using presentation compiler with project's scala-library version: 3.3.6
2026.01.19 23:16:53 INFO  no build target found for C:\Users\USER\Desktop\Verilog\Verilog\Scala\Student.scala. Using presentation compiler with project's scala-library version: 3.3.6
2026.01.19 23:16:55 INFO  no build target found for C:\Users\USER\Desktop\Verilog\Verilog\Scala\Student.scala. Using presentation compiler with project's scala-library version: 3.3.6
2026.01.19 23:16:55 INFO  no build target found for C:\Users\USER\Desktop\Verilog\Verilog\Scala\Student.scala. Using presentation compiler with project's scala-library version: 3.3.6
2026.01.19 23:16:55 INFO  no build target found for C:\Users\USER\Desktop\Verilog\Verilog\Scala\Student.scala. Using presentation compiler with project's scala-library version: 3.3.6
2026.01.19 23:16:55 INFO  no build target found for C:\Users\USER\Desktop\Verilog\Verilog\Scala\Student.scala. Using presentation compiler with project's scala-library version: 3.3.6
2026.01.19 23:16:56 INFO  no build target found for C:\Users\USER\Desktop\Verilog\Verilog\Scala\Student.scala. Using presentation compiler with project's scala-library version: 3.3.6
2026.01.19 23:16:55 INFO  no build target found for C:\Users\USER\Desktop\Verilog\Verilog\Scala\Student.scala. Using presentation compiler with project's scala-library version: 3.3.6
2026.01.19 23:16:56 INFO  no build target found for C:\Users\USER\Desktop\Verilog\Verilog\Scala\Student.scala. Using presentation compiler with project's scala-library version: 3.3.6
1月 19, 2026 11:16:56 下午 org.eclipse.lsp4j.jsonrpc.RemoteEndpoint handleCancellation
警告: Unmatched cancel notification for request id 494
2026.01.19 23:16:55 INFO  no build target found for C:\Users\USER\Desktop\Verilog\Verilog\Scala\Student.scala. Using presentation compiler with project's scala-library version: 3.3.6
2026.01.19 23:16:56 INFO  no build target found for C:\Users\USER\Desktop\Verilog\Verilog\Scala\Student.scala. Using presentation compiler with project's scala-library version: 3.3.6
2026.01.19 23:16:56 INFO  no build target found for C:\Users\USER\Desktop\Verilog\Verilog\Scala\Student.scala. Using presentation compiler with project's scala-library version: 3.3.6
2026.01.19 23:16:57 INFO  no build target found for C:\Users\USER\Desktop\Verilog\Verilog\Scala\Student.scala. Using presentation compiler with project's scala-library version: 3.3.6
2026.01.19 23:16:57 INFO  no build target found for C:\Users\USER\Desktop\Verilog\Verilog\Scala\Student.scala. Using presentation compiler with project's scala-library version: 3.3.6
2026.01.19 23:16:57 INFO  no build target found for C:\Users\USER\Desktop\Verilog\Verilog\Scala\Student.scala. Using presentation compiler with project's scala-library version: 3.3.6
2026.01.19 23:16:57 INFO  no build target found for C:\Users\USER\Desktop\Verilog\Verilog\Scala\Student.scala. Using presentation compiler with project's scala-library version: 3.3.6
2026.01.19 23:16:57 INFO  no build target found for C:\Users\USER\Desktop\Verilog\Verilog\Scala\Student.scala. Using presentation compiler with project's scala-library version: 3.3.6
2026.01.19 23:16:57 INFO  no build target found for C:\Users\USER\Desktop\Verilog\Verilog\Scala\Student.scala. Using presentation compiler with project's scala-library version: 3.3.6
2026.01.19 23:16:57 INFO  no build target found for C:\Users\USER\Desktop\Verilog\Verilog\Scala\Student.scala. Using presentation compiler with project's scala-library version: 3.3.6
2026.01.19 23:16:57 INFO  no build target found for C:\Users\USER\Desktop\Verilog\Verilog\Scala\Student.scala. Using presentation compiler with project's scala-library version: 3.3.6
2026.01.19 23:16:57 INFO  no build target found for C:\Users\USER\Desktop\Verilog\Verilog\Scala\Student.scala. Using presentation compiler with project's scala-library version: 3.3.6
2026.01.19 23:16:57 INFO  no build target found for C:\Users\USER\Desktop\Verilog\Verilog\Scala\Student.scala. Using presentation compiler with project's scala-library version: 3.3.6
2026.01.19 23:16:57 INFO  no build target found for C:\Users\USER\Desktop\Verilog\Verilog\Scala\Student.scala. Using presentation compiler with project's scala-library version: 3.3.6
2026.01.19 23:16:57 INFO  no build target found for C:\Users\USER\Desktop\Verilog\Verilog\Scala\Student.scala. Using presentation compiler with project's scala-library version: 3.3.6
2026.01.19 23:16:59 INFO  no build target found for C:\Users\USER\Desktop\Verilog\Verilog\Scala\Student.scala. Using presentation compiler with project's scala-library version: 3.3.6
2026.01.19 23:16:59 INFO  no build target found for C:\Users\USER\Desktop\Verilog\Verilog\Scala\Student.scala. Using presentation compiler with project's scala-library version: 3.3.6
2026.01.19 23:16:59 INFO  no build target found for C:\Users\USER\Desktop\Verilog\Verilog\Scala\Student.scala. Using presentation compiler with project's scala-library version: 3.3.6
2026.01.19 23:16:59 INFO  no build target found for C:\Users\USER\Desktop\Verilog\Verilog\Scala\Student.scala. Using presentation compiler with project's scala-library version: 3.3.6
1月 19, 2026 11:16:59 下午 org.eclipse.lsp4j.jsonrpc.RemoteEndpoint handleCancellation
警告: Unmatched cancel notification for request id 530
2026.01.19 23:16:59 INFO  no build target found for C:\Users\USER\Desktop\Verilog\Verilog\Scala\Student.scala. Using presentation compiler with project's scala-library version: 3.3.6
2026.01.19 23:17:00 INFO  no build target found for C:\Users\USER\Desktop\Verilog\Verilog\Scala\Student.scala. Using presentation compiler with project's scala-library version: 3.3.6
2026.01.19 23:16:59 INFO  no build target found for C:\Users\USER\Desktop\Verilog\Verilog\Scala\Student.scala. Using presentation compiler with project's scala-library version: 3.3.6
2026.01.19 23:16:59 INFO  no build target found for C:\Users\USER\Desktop\Verilog\Verilog\Scala\Student.scala. Using presentation compiler with project's scala-library version: 3.3.6
1月 19, 2026 11:17:00 下午 org.eclipse.lsp4j.jsonrpc.RemoteEndpoint handleCancellation
警告: Unmatched cancel notification for request id 537
2026.01.19 23:16:59 INFO  no build target found for C:\Users\USER\Desktop\Verilog\Verilog\Scala\Student.scala. Using presentation compiler with project's scala-library version: 3.3.6
2026.01.19 23:17:00 INFO  no build target found for C:\Users\USER\Desktop\Verilog\Verilog\Scala\Student.scala. Using presentation compiler with project's scala-library version: 3.3.6
2026.01.19 23:17:00 INFO  no build target found for C:\Users\USER\Desktop\Verilog\Verilog\Scala\Student.scala. Using presentation compiler with project's scala-library version: 3.3.6
2026.01.19 23:17:02 INFO  no build target found for C:\Users\USER\Desktop\Verilog\Verilog\Scala\Student.scala. Using presentation compiler with project's scala-library version: 3.3.6
2026.01.19 23:17:02 INFO  no build target found for C:\Users\USER\Desktop\Verilog\Verilog\Scala\Student.scala. Using presentation compiler with project's scala-library version: 3.3.6
2026.01.19 23:17:02 INFO  no build target found for C:\Users\USER\Desktop\Verilog\Verilog\Scala\Student.scala. Using presentation compiler with project's scala-library version: 3.3.6
2026.01.19 23:17:02 INFO  no build target found for C:\Users\USER\Desktop\Verilog\Verilog\Scala\Student.scala. Using presentation compiler with project's scala-library version: 3.3.6
2026.01.19 23:17:02 INFO  no build target found for C:\Users\USER\Desktop\Verilog\Verilog\Scala\Student.scala. Using presentation compiler with project's scala-library version: 3.3.6
2026.01.19 23:17:02 INFO  no build target found for C:\Users\USER\Desktop\Verilog\Verilog\Scala\Student.scala. Using presentation compiler with project's scala-library version: 3.3.6
2026.01.19 23:17:02 INFO  no build target found for C:\Users\USER\Desktop\Verilog\Verilog\Scala\Student.scala. Using presentation compiler with project's scala-library version: 3.3.6
2026.01.19 23:17:02 INFO  no build target found for C:\Users\USER\Desktop\Verilog\Verilog\Scala\Student.scala. Using presentation compiler with project's scala-library version: 3.3.6
2026.01.19 23:17:02 INFO  no build target found for C:\Users\USER\Desktop\Verilog\Verilog\Scala\Student.scala. Using presentation compiler with project's scala-library version: 3.3.6
2026.01.19 23:17:02 INFO  no build target found for C:\Users\USER\Desktop\Verilog\Verilog\Scala\Student.scala. Using presentation compiler with project's scala-library version: 3.3.6
2026.01.19 23:17:02 INFO  no build target found for C:\Users\USER\Desktop\Verilog\Verilog\Scala\Student.scala. Using presentation compiler with project's scala-library version: 3.3.6
2026.01.19 23:17:02 INFO  no build target found for C:\Users\USER\Desktop\Verilog\Verilog\Scala\Student.scala. Using presentation compiler with project's scala-library version: 3.3.6
2026.01.19 23:17:03 INFO  no build target found for C:\Users\USER\Desktop\Verilog\Verilog\Scala\Student.scala. Using presentation compiler with project's scala-library version: 3.3.6
2026.01.19 23:17:03 INFO  no build target found for C:\Users\USER\Desktop\Verilog\Verilog\Scala\Student.scala. Using presentation compiler with project's scala-library version: 3.3.6
2026.01.19 23:17:03 INFO  no build target found for C:\Users\USER\Desktop\Verilog\Verilog\Scala\Student.scala. Using presentation compiler with project's scala-library version: 3.3.6
2026.01.19 23:17:03 INFO  no build target found for C:\Users\USER\Desktop\Verilog\Verilog\Scala\Student.scala. Using presentation compiler with project's scala-library version: 3.3.6
2026.01.19 23:17:03 INFO  no build target found for C:\Users\USER\Desktop\Verilog\Verilog\Scala\Student.scala. Using presentation compiler with project's scala-library version: 3.3.6
2026.01.19 23:17:03 INFO  no build target found for C:\Users\USER\Desktop\Verilog\Verilog\Scala\Student.scala. Using presentation compiler with project's scala-library version: 3.3.6
2026.01.19 23:17:02 INFO  no build target found for C:\Users\USER\Desktop\Verilog\Verilog\Scala\Student.scala. Using presentation compiler with project's scala-library version: 3.3.6
2026.01.19 23:17:03 INFO  no build target found for C:\Users\USER\Desktop\Verilog\Verilog\Scala\Student.scala. Using presentation compiler with project's scala-library version: 3.3.6
2026.01.19 23:17:04 INFO  no build target found for C:\Users\USER\Desktop\Verilog\Verilog\Scala\Student.scala. Using presentation compiler with project's scala-library version: 3.3.6
2026.01.19 23:17:04 INFO  no build target found for C:\Users\USER\Desktop\Verilog\Verilog\Scala\Student.scala. Using presentation compiler with project's scala-library version: 3.3.6
2026.01.19 23:17:04 INFO  no build target found for C:\Users\USER\Desktop\Verilog\Verilog\Scala\Student.scala. Using presentation compiler with project's scala-library version: 3.3.6
2026.01.19 23:17:04 INFO  no build target found for C:\Users\USER\Desktop\Verilog\Verilog\Scala\Student.scala. Using presentation compiler with project's scala-library version: 3.3.6
2026.01.19 23:17:04 INFO  no build target found for C:\Users\USER\Desktop\Verilog\Verilog\Scala\Student.scala. Using presentation compiler with project's scala-library version: 3.3.6
2026.01.19 23:17:05 INFO  no build target found for C:\Users\USER\Desktop\Verilog\Verilog\Scala\Student.scala. Using presentation compiler with project's scala-library version: 3.3.6
2026.01.19 23:17:05 WARN  no build target for: C:\Users\USER\Desktop\Verilog\Verilog\Scala\Student.scala
2026.01.19 23:17:05 INFO  no build target found for C:\Users\USER\Desktop\Verilog\Verilog\Scala\Student.scala. Using presentation compiler with project's scala-library version: 3.3.6
2026.01.19 23:17:05 INFO  no build target found for C:\Users\USER\Desktop\Verilog\Verilog\Scala\Student.scala. Using presentation compiler with project's scala-library version: 3.3.6
2026.01.19 23:17:06 INFO  no build target found for C:\Users\USER\Desktop\Verilog\Verilog\Scala\Student.scala. Using presentation compiler with project's scala-library version: 3.3.6
2026.01.19 23:17:06 INFO  no build target found for C:\Users\USER\Desktop\Verilog\Verilog\Scala\Student.scala. Using presentation compiler with project's scala-library version: 3.3.6
2026.01.19 23:17:06 INFO  no build target found for C:\Users\USER\Desktop\Verilog\Verilog\Scala\Student.scala. Using presentation compiler with project's scala-library version: 3.3.6
2026.01.19 23:17:06 INFO  no build target found for C:\Users\USER\Desktop\Verilog\Verilog\Scala\Student.scala. Using presentation compiler with project's scala-library version: 3.3.6
2026.01.19 23:17:07 INFO  no build target found for C:\Users\USER\Desktop\Verilog\Verilog\Scala\Student.scala. Using presentation compiler with project's scala-library version: 3.3.6
2026.01.19 23:17:07 WARN  no build target for: C:\Users\USER\Desktop\Verilog\Verilog\Scala\Student.scala
2026.01.19 23:17:07 INFO  no build target found for C:\Users\USER\Desktop\Verilog\Verilog\Scala\Student.scala. Using presentation compiler with project's scala-library version: 3.3.6
2026.01.19 23:17:07 INFO  no build target found for C:\Users\USER\Desktop\Verilog\Verilog\Scala\Student.scala. Using presentation compiler with project's scala-library version: 3.3.6
2026.01.19 23:17:43 INFO  no build target found for C:\Users\USER\Desktop\Verilog\Verilog\Scala\Student.scala. Using presentation compiler with project's scala-library version: 3.3.6
2026.01.19 23:17:43 INFO  no build target found for C:\Users\USER\Desktop\Verilog\Verilog\Scala\Student.scala. Using presentation compiler with project's scala-library version: 3.3.6
2026.01.19 23:17:44 INFO  no build target found for C:\Users\USER\Desktop\Verilog\Verilog\Scala\Student.scala. Using presentation compiler with project's scala-library version: 3.3.6
2026.01.19 23:17:44 INFO  no build target found for C:\Users\USER\Desktop\Verilog\Verilog\Scala\Student.scala. Using presentation compiler with project's scala-library version: 3.3.6
2026.01.19 23:17:43 INFO  no build target found for C:\Users\USER\Desktop\Verilog\Verilog\Scala\Student.scala. Using presentation compiler with project's scala-library version: 3.3.6
2026.01.19 23:17:44 INFO  no build target found for C:\Users\USER\Desktop\Verilog\Verilog\Scala\Student.scala. Using presentation compiler with project's scala-library version: 3.3.6
2026.01.19 23:17:45 INFO  no build target found for C:\Users\USER\Desktop\Verilog\Verilog\Scala\Student.scala. Using presentation compiler with project's scala-library version: 3.3.6
2026.01.19 23:17:46 INFO  no build target found for C:\Users\USER\Desktop\Verilog\Verilog\Scala\Student.scala. Using presentation compiler with project's scala-library version: 3.3.6
2026.01.19 23:17:46 INFO  no build target found for C:\Users\USER\Desktop\Verilog\Verilog\Scala\Student.scala. Using presentation compiler with project's scala-library version: 3.3.6
2026.01.19 23:17:46 INFO  no build target found for C:\Users\USER\Desktop\Verilog\Verilog\Scala\Student.scala. Using presentation compiler with project's scala-library version: 3.3.6
2026.01.19 23:17:46 INFO  no build target found for C:\Users\USER\Desktop\Verilog\Verilog\Scala\Student.scala. Using presentation compiler with project's scala-library version: 3.3.6
2026.01.19 23:17:46 INFO  no build target found for C:\Users\USER\Desktop\Verilog\Verilog\Scala\Student.scala. Using presentation compiler with project's scala-library version: 3.3.6
2026.01.19 23:17:46 INFO  no build target found for C:\Users\USER\Desktop\Verilog\Verilog\Scala\Student.scala. Using presentation compiler with project's scala-library version: 3.3.6
2026.01.19 23:17:46 INFO  no build target found for C:\Users\USER\Desktop\Verilog\Verilog\Scala\Student.scala. Using presentation compiler with project's scala-library version: 3.3.6
2026.01.19 23:17:47 INFO  no build target found for C:\Users\USER\Desktop\Verilog\Verilog\Scala\Student.scala. Using presentation compiler with project's scala-library version: 3.3.6
2026.01.19 23:17:47 INFO  no build target found for C:\Users\USER\Desktop\Verilog\Verilog\Scala\Student.scala. Using presentation compiler with project's scala-library version: 3.3.6
2026.01.19 23:17:47 INFO  no build target found for C:\Users\USER\Desktop\Verilog\Verilog\Scala\Student.scala. Using presentation compiler with project's scala-library version: 3.3.6
2026.01.19 23:17:47 INFO  no build target found for C:\Users\USER\Desktop\Verilog\Verilog\Scala\Student.scala. Using presentation compiler with project's scala-library version: 3.3.6
2026.01.19 23:17:47 INFO  no build target found for C:\Users\USER\Desktop\Verilog\Verilog\Scala\Student.scala. Using presentation compiler with project's scala-library version: 3.3.6
2026.01.19 23:17:49 INFO  no build target found for C:\Users\USER\Desktop\Verilog\Verilog\Scala\Student.scala. Using presentation compiler with project's scala-library version: 3.3.6
2026.01.19 23:17:49 INFO  no build target found for C:\Users\USER\Desktop\Verilog\Verilog\Scala\Student.scala. Using presentation compiler with project's scala-library version: 3.3.6
2026.01.19 23:17:49 INFO  no build target found for C:\Users\USER\Desktop\Verilog\Verilog\Scala\Student.scala. Using presentation compiler with project's scala-library version: 3.3.6
2026.01.19 23:17:49 INFO  no build target found for C:\Users\USER\Desktop\Verilog\Verilog\Scala\Student.scala. Using presentation compiler with project's scala-library version: 3.3.6
2026.01.19 23:17:49 INFO  no build target found for C:\Users\USER\Desktop\Verilog\Verilog\Scala\Student.scala. Using presentation compiler with project's scala-library version: 3.3.6
2026.01.19 23:17:50 INFO  no build target found for C:\Users\USER\Desktop\Verilog\Verilog\Scala\Student.scala. Using presentation compiler with project's scala-library version: 3.3.6
2026.01.19 23:17:49 INFO  no build target found for C:\Users\USER\Desktop\Verilog\Verilog\Scala\Student.scala. Using presentation compiler with project's scala-library version: 3.3.6
2026.01.19 23:17:49 INFO  no build target found for C:\Users\USER\Desktop\Verilog\Verilog\Scala\Student.scala. Using presentation compiler with project's scala-library version: 3.3.6
1月 19, 2026 11:17:50 下午 org.eclipse.lsp4j.jsonrpc.RemoteEndpoint handleCancellation
警告: Unmatched cancel notification for request id 652
2026.01.19 23:17:49 INFO  no build target found for C:\Users\USER\Desktop\Verilog\Verilog\Scala\Student.scala. Using presentation compiler with project's scala-library version: 3.3.6
1月 19, 2026 11:17:50 下午 org.eclipse.lsp4j.jsonrpc.RemoteEndpoint handleCancellation
警告: Unmatched cancel notification for request id 654
2026.01.19 23:17:50 INFO  no build target found for C:\Users\USER\Desktop\Verilog\Verilog\Scala\Student.scala. Using presentation compiler with project's scala-library version: 3.3.6
2026.01.19 23:17:49 INFO  no build target found for C:\Users\USER\Desktop\Verilog\Verilog\Scala\Student.scala. Using presentation compiler with project's scala-library version: 3.3.6
2026.01.19 23:17:49 INFO  no build target found for C:\Users\USER\Desktop\Verilog\Verilog\Scala\Student.scala. Using presentation compiler with project's scala-library version: 3.3.6
2026.01.19 23:17:50 INFO  no build target found for C:\Users\USER\Desktop\Verilog\Verilog\Scala\Student.scala. Using presentation compiler with project's scala-library version: 3.3.6
2026.01.19 23:17:51 INFO  no build target found for C:\Users\USER\Desktop\Verilog\Verilog\Scala\Student.scala. Using presentation compiler with project's scala-library version: 3.3.6
2026.01.19 23:17:51 INFO  no build target found for C:\Users\USER\Desktop\Verilog\Verilog\Scala\Student.scala. Using presentation compiler with project's scala-library version: 3.3.6
2026.01.19 23:17:51 INFO  no build target found for C:\Users\USER\Desktop\Verilog\Verilog\Scala\Student.scala. Using presentation compiler with project's scala-library version: 3.3.6
2026.01.19 23:17:52 INFO  no build target found for C:\Users\USER\Desktop\Verilog\Verilog\Scala\Student.scala. Using presentation compiler with project's scala-library version: 3.3.6
2026.01.19 23:17:51 INFO  no build target found for C:\Users\USER\Desktop\Verilog\Verilog\Scala\Student.scala. Using presentation compiler with project's scala-library version: 3.3.6
2026.01.19 23:17:51 INFO  no build target found for C:\Users\USER\Desktop\Verilog\Verilog\Scala\Student.scala. Using presentation compiler with project's scala-library version: 3.3.6
2026.01.19 23:17:51 INFO  no build target found for C:\Users\USER\Desktop\Verilog\Verilog\Scala\Student.scala. Using presentation compiler with project's scala-library version: 3.3.6
2026.01.19 23:17:51 INFO  no build target found for C:\Users\USER\Desktop\Verilog\Verilog\Scala\Student.scala. Using presentation compiler with project's scala-library version: 3.3.6
2026.01.19 23:17:51 INFO  no build target found for C:\Users\USER\Desktop\Verilog\Verilog\Scala\Student.scala. Using presentation compiler with project's scala-library version: 3.3.6
2026.01.19 23:17:52 INFO  no build target found for C:\Users\USER\Desktop\Verilog\Verilog\Scala\Student.scala. Using presentation compiler with project's scala-library version: 3.3.6
2026.01.19 23:17:51 INFO  no build target found for C:\Users\USER\Desktop\Verilog\Verilog\Scala\Student.scala. Using presentation compiler with project's scala-library version: 3.3.6
2026.01.19 23:17:52 INFO  no build target found for C:\Users\USER\Desktop\Verilog\Verilog\Scala\Student.scala. Using presentation compiler with project's scala-library version: 3.3.6
2026.01.19 23:17:51 INFO  no build target found for C:\Users\USER\Desktop\Verilog\Verilog\Scala\Student.scala. Using presentation compiler with project's scala-library version: 3.3.6
2026.01.19 23:17:53 INFO  no build target found for C:\Users\USER\Desktop\Verilog\Verilog\Scala\Student.scala. Using presentation compiler with project's scala-library version: 3.3.6
2026.01.19 23:17:53 INFO  no build target found for C:\Users\USER\Desktop\Verilog\Verilog\Scala\Student.scala. Using presentation compiler with project's scala-library version: 3.3.6
2026.01.19 23:17:53 INFO  no build target found for C:\Users\USER\Desktop\Verilog\Verilog\Scala\Student.scala. Using presentation compiler with project's scala-library version: 3.3.6
2026.01.19 23:17:53 INFO  no build target found for C:\Users\USER\Desktop\Verilog\Verilog\Scala\Student.scala. Using presentation compiler with project's scala-library version: 3.3.6
2026.01.19 23:17:53 INFO  no build target found for C:\Users\USER\Desktop\Verilog\Verilog\Scala\Student.scala. Using presentation compiler with project's scala-library version: 3.3.6
2026.01.19 23:17:53 INFO  no build target found for C:\Users\USER\Desktop\Verilog\Verilog\Scala\Student.scala. Using presentation compiler with project's scala-library version: 3.3.6
2026.01.19 23:17:54 INFO  no build target found for C:\Users\USER\Desktop\Verilog\Verilog\Scala\Student.scala. Using presentation compiler with project's scala-library version: 3.3.6
2026.01.19 23:17:54 INFO  no build target found for C:\Users\USER\Desktop\Verilog\Verilog\Scala\Student.scala. Using presentation compiler with project's scala-library version: 3.3.6
2026.01.19 23:17:54 INFO  no build target found for C:\Users\USER\Desktop\Verilog\Verilog\Scala\Student.scala. Using presentation compiler with project's scala-library version: 3.3.6
2026.01.19 23:17:54 INFO  no build target found for C:\Users\USER\Desktop\Verilog\Verilog\Scala\Student.scala. Using presentation compiler with project's scala-library version: 3.3.6
2026.01.19 23:17:54 INFO  no build target found for C:\Users\USER\Desktop\Verilog\Verilog\Scala\Student.scala. Using presentation compiler with project's scala-library version: 3.3.6
2026.01.19 23:17:54 INFO  no build target found for C:\Users\USER\Desktop\Verilog\Verilog\Scala\Student.scala. Using presentation compiler with project's scala-library version: 3.3.6
2026.01.19 23:17:55 INFO  no build target found for C:\Users\USER\Desktop\Verilog\Verilog\Scala\Student.scala. Using presentation compiler with project's scala-library version: 3.3.6
2026.01.19 23:17:55 INFO  no build target found for C:\Users\USER\Desktop\Verilog\Verilog\Scala\Student.scala. Using presentation compiler with project's scala-library version: 3.3.6
2026.01.19 23:17:55 INFO  no build target found for C:\Users\USER\Desktop\Verilog\Verilog\Scala\Student.scala. Using presentation compiler with project's scala-library version: 3.3.6
2026.01.19 23:17:55 INFO  no build target found for C:\Users\USER\Desktop\Verilog\Verilog\Scala\Student.scala. Using presentation compiler with project's scala-library version: 3.3.6
2026.01.19 23:18:01 INFO  no build target found for C:\Users\USER\Desktop\Verilog\Verilog\Scala\Student.scala. Using presentation compiler with project's scala-library version: 3.3.6
2026.01.19 23:18:02 INFO  no build target found for C:\Users\USER\Desktop\Verilog\Verilog\Scala\Student.scala. Using presentation compiler with project's scala-library version: 3.3.6
2026.01.19 23:18:02 INFO  no build target found for C:\Users\USER\Desktop\Verilog\Verilog\Scala\Student.scala. Using presentation compiler with project's scala-library version: 3.3.6
2026.01.19 23:18:02 ERROR [info] [launcher] getting Scala 2.12.12 (for sbt)...
2026.01.19 23:18:01 INFO  no build target found for C:\Users\USER\Desktop\Verilog\Verilog\Scala\Student.scala. Using presentation compiler with project's scala-library version: 3.3.6
2026.01.19 23:18:01 INFO  no build target found for C:\Users\USER\Desktop\Verilog\Verilog\Scala\Student.scala. Using presentation compiler with project's scala-library version: 3.3.6
2026.01.19 23:18:02 INFO  no build target found for C:\Users\USER\Desktop\Verilog\Verilog\Scala\Student.scala. Using presentation compiler with project's scala-library version: 3.3.6
2026.01.19 23:18:02 INFO  no build target found for C:\Users\USER\Desktop\Verilog\Verilog\Scala\Student.scala. Using presentation compiler with project's scala-library version: 3.3.6
2026.01.19 23:18:03 INFO  no build target found for C:\Users\USER\Desktop\Verilog\Verilog\Scala\Student.scala. Using presentation compiler with project's scala-library version: 3.3.6
2026.01.19 23:18:03 INFO  no build target found for C:\Users\USER\Desktop\Verilog\Verilog\Scala\Student.scala. Using presentation compiler with project's scala-library version: 3.3.6
2026.01.19 23:18:03 INFO  no build target found for C:\Users\USER\Desktop\Verilog\Verilog\Scala\Student.scala. Using presentation compiler with project's scala-library version: 3.3.6
2026.01.19 23:18:03 INFO  no build target found for C:\Users\USER\Desktop\Verilog\Verilog\Scala\Student.scala. Using presentation compiler with project's scala-library version: 3.3.6
2026.01.19 23:18:03 INFO  no build target found for C:\Users\USER\Desktop\Verilog\Verilog\Scala\Student.scala. Using presentation compiler with project's scala-library version: 3.3.6
2026.01.19 23:18:03 INFO  no build target found for C:\Users\USER\Desktop\Verilog\Verilog\Scala\Student.scala. Using presentation compiler with project's scala-library version: 3.3.6
2026.01.19 23:18:03 INFO  no build target found for C:\Users\USER\Desktop\Verilog\Verilog\Scala\Student.scala. Using presentation compiler with project's scala-library version: 3.3.6
2026.01.19 23:18:03 INFO  no build target found for C:\Users\USER\Desktop\Verilog\Verilog\Scala\Student.scala. Using presentation compiler with project's scala-library version: 3.3.6
2026.01.19 23:18:03 INFO  no build target found for C:\Users\USER\Desktop\Verilog\Verilog\Scala\Student.scala. Using presentation compiler with project's scala-library version: 3.3.6
2026.01.19 23:18:03 INFO  no build target found for C:\Users\USER\Desktop\Verilog\Verilog\Scala\Student.scala. Using presentation compiler with project's scala-library version: 3.3.6
2026.01.19 23:18:04 INFO  no build target found for C:\Users\USER\Desktop\Verilog\Verilog\Scala\Student.scala. Using presentation compiler with project's scala-library version: 3.3.6
2026.01.19 23:18:04 INFO  no build target found for C:\Users\USER\Desktop\Verilog\Verilog\Scala\Student.scala. Using presentation compiler with project's scala-library version: 3.3.6
2026.01.19 23:18:04 INFO  no build target found for C:\Users\USER\Desktop\Verilog\Verilog\Scala\Student.scala. Using presentation compiler with project's scala-library version: 3.3.6
2026.01.19 23:18:04 INFO  no build target found for C:\Users\USER\Desktop\Verilog\Verilog\Scala\Student.scala. Using presentation compiler with project's scala-library version: 3.3.6
2026.01.19 23:18:04 INFO  no build target found for C:\Users\USER\Desktop\Verilog\Verilog\Scala\Student.scala. Using presentation compiler with project's scala-library version: 3.3.6
2026.01.19 23:18:04 INFO  no build target found for C:\Users\USER\Desktop\Verilog\Verilog\Scala\Student.scala. Using presentation compiler with project's scala-library version: 3.3.6
2026.01.19 23:18:04 INFO  no build target found for C:\Users\USER\Desktop\Verilog\Verilog\Scala\Student.scala. Using presentation compiler with project's scala-library version: 3.3.6
2026.01.19 23:18:04 INFO  no build target found for C:\Users\USER\Desktop\Verilog\Verilog\Scala\Student.scala. Using presentation compiler with project's scala-library version: 3.3.6
1月 19, 2026 11:18:05 下午 org.eclipse.lsp4j.jsonrpc.RemoteEndpoint handleCancellation
警告: Unmatched cancel notification for request id 760
2026.01.19 23:18:04 INFO  no build target found for C:\Users\USER\Desktop\Verilog\Verilog\Scala\Student.scala. Using presentation compiler with project's scala-library version: 3.3.6
2026.01.19 23:18:04 INFO  no build target found for C:\Users\USER\Desktop\Verilog\Verilog\Scala\Student.scala. Using presentation compiler with project's scala-library version: 3.3.6
2026.01.19 23:18:05 INFO  no build target found for C:\Users\USER\Desktop\Verilog\Verilog\Scala\Student.scala. Using presentation compiler with project's scala-library version: 3.3.6
2026.01.19 23:18:05 INFO  no build target found for C:\Users\USER\Desktop\Verilog\Verilog\Scala\Student.scala. Using presentation compiler with project's scala-library version: 3.3.6
2026.01.19 23:18:05 INFO  no build target found for C:\Users\USER\Desktop\Verilog\Verilog\Scala\Student.scala. Using presentation compiler with project's scala-library version: 3.3.6
2026.01.19 23:18:05 INFO  no build target found for C:\Users\USER\Desktop\Verilog\Verilog\Scala\Student.scala. Using presentation compiler with project's scala-library version: 3.3.6
2026.01.19 23:18:05 INFO  no build target found for C:\Users\USER\Desktop\Verilog\Verilog\Scala\Student.scala. Using presentation compiler with project's scala-library version: 3.3.6
2026.01.19 23:18:05 INFO  no build target found for C:\Users\USER\Desktop\Verilog\Verilog\Scala\Student.scala. Using presentation compiler with project's scala-library version: 3.3.6
2026.01.19 23:18:05 INFO  no build target found for C:\Users\USER\Desktop\Verilog\Verilog\Scala\Student.scala. Using presentation compiler with project's scala-library version: 3.3.6
2026.01.19 23:18:06 INFO  no build target found for C:\Users\USER\Desktop\Verilog\Verilog\Scala\Student.scala. Using presentation compiler with project's scala-library version: 3.3.6
2026.01.19 23:18:06 ERROR WARNING: A terminally deprecated method in sun.misc.Unsafe has been called
2026.01.19 23:18:06 ERROR WARNING: sun.misc.Unsafe::arrayBaseOffset has been called by net.openhft.hashing.UnsafeAccess (file:/C:/Users/USER/.sbt/boot/scala-2.12.12/org.scala-sbt/sbt/1.4.6/zero-allocation-hashing-0.10.1.jar)
2026.01.19 23:18:06 ERROR WARNING: Please consider reporting this to the maintainers of class net.openhft.hashing.UnsafeAccess
2026.01.19 23:18:06 ERROR WARNING: sun.misc.Unsafe::arrayBaseOffset will be removed in a future release
2026.01.19 23:18:05 INFO  no build target found for C:\Users\USER\Desktop\Verilog\Verilog\Scala\Student.scala. Using presentation compiler with project's scala-library version: 3.3.6
2026.01.19 23:18:05 INFO  no build target found for C:\Users\USER\Desktop\Verilog\Verilog\Scala\Student.scala. Using presentation compiler with project's scala-library version: 3.3.6
2026.01.19 23:18:06 ERROR WARNING: A restricted method in java.lang.System has been called
2026.01.19 23:18:06 ERROR WARNING: java.lang.System::load has been called by com.sun.jna.Native in an unnamed module (file:/C:/Users/USER/.sbt/boot/scala-2.12.12/org.scala-sbt/sbt/1.4.6/jna-5.5.0.jar)
2026.01.19 23:18:06 ERROR WARNING: Use --enable-native-access=ALL-UNNAMED to avoid a warning for callers in this module
2026.01.19 23:18:06 ERROR WARNING: Restricted methods will be blocked in a future release unless native access is enabled
2026.01.19 23:18:06 ERROR 
2026.01.19 23:18:06 INFO  no build target found for C:\Users\USER\Desktop\Verilog\Verilog\Scala\Student.scala. Using presentation compiler with project's scala-library version: 3.3.6
2026.01.19 23:18:06 INFO  no build target found for C:\Users\USER\Desktop\Verilog\Verilog\Scala\Student.scala. Using presentation compiler with project's scala-library version: 3.3.6
2026.01.19 23:18:06 INFO  no build target found for C:\Users\USER\Desktop\Verilog\Verilog\Scala\Student.scala. Using presentation compiler with project's scala-library version: 3.3.6
2026.01.19 23:18:06 INFO  no build target found for C:\Users\USER\Desktop\Verilog\Verilog\Scala\Student.scala. Using presentation compiler with project's scala-library version: 3.3.6
2026.01.19 23:18:06 ERROR java.lang.UnsupportedOperationException: Setting a Security Manager is not supported
2026.01.19 23:18:06 ERROR 	at java.base/java.lang.System.setSecurityManager(System.java:303)
2026.01.19 23:18:06 ERROR 	at sbt.TrapExit$.installManager(TrapExit.scala:54)
2026.01.19 23:18:06 ERROR 	at sbt.StandardMain$.runManaged(Main.scala:187)
2026.01.19 23:18:06 ERROR 	at sbt.xMain$.$anonfun$run$8(Main.scala:102)
2026.01.19 23:18:06 ERROR 	at scala.util.DynamicVariable.withValue(DynamicVariable.scala:62)
2026.01.19 23:18:06 ERROR 	at scala.Console$.withIn(Console.scala:230)
2026.01.19 23:18:06 ERROR 	at sbt.internal.util.Terminal$.withIn(Terminal.scala:557)
2026.01.19 23:18:06 ERROR 	at sbt.internal.util.Terminal$.$anonfun$withStreams$1(Terminal.scala:347)
2026.01.19 23:18:06 ERROR 	at scala.util.DynamicVariable.withValue(DynamicVariable.scala:62)
2026.01.19 23:18:06 ERROR 	at scala.Console$.withOut(Console.scala:167)
2026.01.19 23:18:06 ERROR 	at sbt.internal.util.Terminal$.$anonfun$withOut$2(Terminal.scala:547)
2026.01.19 23:18:06 ERROR 	at scala.util.DynamicVariable.withValue(DynamicVariable.scala:62)
2026.01.19 23:18:06 ERROR 	at scala.Console$.withErr(Console.scala:196)
2026.01.19 23:18:06 ERROR 	at sbt.internal.util.Terminal$.withOut(Terminal.scala:547)
2026.01.19 23:18:06 ERROR 	at sbt.internal.util.Terminal$.withStreams(Terminal.scala:347)
2026.01.19 23:18:06 ERROR 	at sbt.xMain$.run(Main.scala:86)
2026.01.19 23:18:06 ERROR 	at java.base/jdk.internal.reflect.DirectMethodHandleAccessor.invoke(DirectMethodHandleAccessor.java:104)
2026.01.19 23:18:06 ERROR 	at java.base/java.lang.reflect.Method.invoke(Method.java:565)
2026.01.19 23:18:06 ERROR 	at sbt.internal.XMainConfiguration.run(XMainConfiguration.scala:83)
2026.01.19 23:18:06 ERROR 	at sbt.xMain.run(Main.scala:46)
2026.01.19 23:18:06 ERROR 	at xsbt.boot.Launch$.$anonfun$run$1(Launch.scala:149)
2026.01.19 23:18:06 ERROR 	at xsbt.boot.Launch$.withContextLoader(Launch.scala:176)
2026.01.19 23:18:06 ERROR 	at xsbt.boot.Launch$.run(Launch.scala:149)
2026.01.19 23:18:06 ERROR 	at xsbt.boot.Launch$.$anonfun$apply$1(Launch.scala:44)
2026.01.19 23:18:06 ERROR 	at xsbt.boot.Launch$.launch(Launch.scala:159)
2026.01.19 23:18:06 ERROR 	at xsbt.boot.Launch$.apply(Launch.scala:44)
2026.01.19 23:18:06 ERROR 	at xsbt.boot.Launch$.apply(Launch.scala:21)
2026.01.19 23:18:06 ERROR 	at xsbt.boot.Boot$.runImpl(Boot.scala:78)
2026.01.19 23:18:06 ERROR 	at xsbt.boot.Boot$.run(Boot.scala:73)
2026.01.19 23:18:06 ERROR 	at xsbt.boot.Boot$.main(Boot.scala:21)
2026.01.19 23:18:06 ERROR 	at xsbt.boot.Boot.main(Boot.scala)
2026.01.19 23:18:06 ERROR [error] [launcher] error during sbt launcher: java.lang.UnsupportedOperationException: Setting a Security Manager is not supported
2026.01.19 23:18:06 INFO  time: ran 'sbt bloopInstall' in 3m38s
2026.01.19 23:18:06 ERROR sbt command failed: C:\Program Files\Eclipse Adoptium\jdk-25.0.0.36-hotspot\bin\java.exe -Djline.terminal=jline.UnsupportedTerminal -Dsbt.log.noformat=true -Dfile.encoding=UTF-8 -jar C:\Users\USER\AppData\Local\Temp\metals7364082417679571715\sbt-launch.jar -Dbloop.export-jar-classifiers=sources bloopInstall
2026.01.19 23:18:07 INFO  skipping build import with status 'Failed'
2026.01.19 23:18:07 INFO  no build target found for C:\Users\USER\Desktop\Verilog\Verilog\Scala\Student.scala. Using presentation compiler with project's scala-library version: 3.3.6
2026.01.19 23:18:07 INFO  no build target found for C:\Users\USER\Desktop\Verilog\Verilog\Scala\Student.scala. Using presentation compiler with project's scala-library version: 3.3.6
2026.01.19 23:18:06 INFO  no build target found for C:\Users\USER\Desktop\Verilog\Verilog\Scala\Student.scala. Using presentation compiler with project's scala-library version: 3.3.6
1月 19, 2026 11:18:07 下午 org.eclipse.lsp4j.jsonrpc.RemoteEndpoint handleCancellation
警告: Unmatched cancel notification for request id 789
2026.01.19 23:18:06 INFO  no build target found for C:\Users\USER\Desktop\Verilog\Verilog\Scala\Student.scala. Using presentation compiler with project's scala-library version: 3.3.6
2026.01.19 23:18:07 INFO  no build target found for C:\Users\USER\Desktop\Verilog\Verilog\Scala\Student.scala. Using presentation compiler with project's scala-library version: 3.3.6
2026.01.19 23:18:07 INFO  no build target found for C:\Users\USER\Desktop\Verilog\Verilog\Scala\Student.scala. Using presentation compiler with project's scala-library version: 3.3.6
2026.01.19 23:18:06 INFO  no build target found for C:\Users\USER\Desktop\Verilog\Verilog\Scala\Student.scala. Using presentation compiler with project's scala-library version: 3.3.6
2026.01.19 23:18:07 INFO  no build target found for C:\Users\USER\Desktop\Verilog\Verilog\Scala\Student.scala. Using presentation compiler with project's scala-library version: 3.3.6
2026.01.19 23:18:07 INFO  no build target found for C:\Users\USER\Desktop\Verilog\Verilog\Scala\Student.scala. Using presentation compiler with project's scala-library version: 3.3.6
2026.01.19 23:18:08 INFO  no build target found for C:\Users\USER\Desktop\Verilog\Verilog\Scala\Student.scala. Using presentation compiler with project's scala-library version: 3.3.6
2026.01.19 23:18:09 INFO  no build target found for C:\Users\USER\Desktop\Verilog\Verilog\Scala\Student.scala. Using presentation compiler with project's scala-library version: 3.3.6
2026.01.19 23:18:09 INFO  no build target found for C:\Users\USER\Desktop\Verilog\Verilog\Scala\Student.scala. Using presentation compiler with project's scala-library version: 3.3.6
2026.01.19 23:18:09 INFO  no build target found for C:\Users\USER\Desktop\Verilog\Verilog\Scala\Student.scala. Using presentation compiler with project's scala-library version: 3.3.6
2026.01.19 23:18:09 INFO  no build target found for C:\Users\USER\Desktop\Verilog\Verilog\Scala\Student.scala. Using presentation compiler with project's scala-library version: 3.3.6
2026.01.19 23:18:09 INFO  no build target found for C:\Users\USER\Desktop\Verilog\Verilog\Scala\Student.scala. Using presentation compiler with project's scala-library version: 3.3.6
2026.01.19 23:18:09 INFO  no build target found for C:\Users\USER\Desktop\Verilog\Verilog\Scala\Student.scala. Using presentation compiler with project's scala-library version: 3.3.6
2026.01.19 23:18:09 INFO  no build target found for C:\Users\USER\Desktop\Verilog\Verilog\Scala\Student.scala. Using presentation compiler with project's scala-library version: 3.3.6
2026.01.19 23:18:26 INFO  no build target found for C:\Users\USER\Desktop\Verilog\Verilog\Scala\Student.scala. Using presentation compiler with project's scala-library version: 3.3.6
2026.01.19 23:18:38 INFO  no build target found for C:\Users\USER\Desktop\Verilog\Verilog\Scala\Student.scala. Using presentation compiler with project's scala-library version: 3.3.6
2026.01.19 23:18:39 INFO  no build target found for C:\Users\USER\Desktop\Verilog\Verilog\Scala\Student.scala. Using presentation compiler with project's scala-library version: 3.3.6
2026.01.19 23:18:39 INFO  no build target found for C:\Users\USER\Desktop\Verilog\Verilog\Scala\Student.scala. Using presentation compiler with project's scala-library version: 3.3.6
2026.01.19 23:18:39 INFO  no build target found for C:\Users\USER\Desktop\Verilog\Verilog\Scala\Student.scala. Using presentation compiler with project's scala-library version: 3.3.6
2026.01.19 23:18:39 INFO  no build target found for C:\Users\USER\Desktop\Verilog\Verilog\Scala\Student.scala. Using presentation compiler with project's scala-library version: 3.3.6
2026.01.19 23:18:39 INFO  no build target found for C:\Users\USER\Desktop\Verilog\Verilog\Scala\Student.scala. Using presentation compiler with project's scala-library version: 3.3.6
2026.01.19 23:18:40 INFO  no build target found for C:\Users\USER\Desktop\Verilog\Verilog\Scala\Student.scala. Using presentation compiler with project's scala-library version: 3.3.6
2026.01.19 23:18:40 INFO  no build target found for C:\Users\USER\Desktop\Verilog\Verilog\Scala\Student.scala. Using presentation compiler with project's scala-library version: 3.3.6
2026.01.19 23:18:40 INFO  no build target found for C:\Users\USER\Desktop\Verilog\Verilog\Scala\Student.scala. Using presentation compiler with project's scala-library version: 3.3.6
2026.01.19 23:18:40 INFO  no build target found for C:\Users\USER\Desktop\Verilog\Verilog\Scala\Student.scala. Using presentation compiler with project's scala-library version: 3.3.6
2026.01.19 23:18:40 INFO  no build target found for C:\Users\USER\Desktop\Verilog\Verilog\Scala\Student.scala. Using presentation compiler with project's scala-library version: 3.3.6
2026.01.19 23:18:41 INFO  no build target found for C:\Users\USER\Desktop\Verilog\Verilog\Scala\Student.scala. Using presentation compiler with project's scala-library version: 3.3.6
2026.01.19 23:18:40 INFO  no build target found for C:\Users\USER\Desktop\Verilog\Verilog\Scala\Student.scala. Using presentation compiler with project's scala-library version: 3.3.6
2026.01.19 23:18:42 INFO  no build target found for C:\Users\USER\Desktop\Verilog\Verilog\Scala\Student.scala. Using presentation compiler with project's scala-library version: 3.3.6
2026.01.19 23:18:42 INFO  no build target found for C:\Users\USER\Desktop\Verilog\Verilog\Scala\Student.scala. Using presentation compiler with project's scala-library version: 3.3.6
2026.01.19 23:18:42 INFO  no build target found for C:\Users\USER\Desktop\Verilog\Verilog\Scala\Student.scala. Using presentation compiler with project's scala-library version: 3.3.6
2026.01.19 23:18:42 INFO  no build target found for C:\Users\USER\Desktop\Verilog\Verilog\Scala\Student.scala. Using presentation compiler with project's scala-library version: 3.3.6
2026.01.19 23:18:42 INFO  no build target found for C:\Users\USER\Desktop\Verilog\Verilog\Scala\Student.scala. Using presentation compiler with project's scala-library version: 3.3.6
2026.01.19 23:18:43 INFO  no build target found for C:\Users\USER\Desktop\Verilog\Verilog\Scala\Student.scala. Using presentation compiler with project's scala-library version: 3.3.6
2026.01.19 23:18:43 INFO  no build target found for C:\Users\USER\Desktop\Verilog\Verilog\Scala\Student.scala. Using presentation compiler with project's scala-library version: 3.3.6
2026.01.19 23:18:43 INFO  no build target found for C:\Users\USER\Desktop\Verilog\Verilog\Scala\Student.scala. Using presentation compiler with project's scala-library version: 3.3.6
2026.01.19 23:18:43 INFO  no build target found for C:\Users\USER\Desktop\Verilog\Verilog\Scala\Student.scala. Using presentation compiler with project's scala-library version: 3.3.6
2026.01.19 23:18:44 INFO  no build target found for C:\Users\USER\Desktop\Verilog\Verilog\Scala\Student.scala. Using presentation compiler with project's scala-library version: 3.3.6
2026.01.19 23:18:43 INFO  no build target found for C:\Users\USER\Desktop\Verilog\Verilog\Scala\Student.scala. Using presentation compiler with project's scala-library version: 3.3.6
2026.01.19 23:18:43 INFO  no build target found for C:\Users\USER\Desktop\Verilog\Verilog\Scala\Student.scala. Using presentation compiler with project's scala-library version: 3.3.6
2026.01.19 23:18:44 WARN  no build target for: C:\Users\USER\Desktop\Verilog\Verilog\Scala\Student.scala
2026.01.19 23:18:44 INFO  no build target found for C:\Users\USER\Desktop\Verilog\Verilog\Scala\Student.scala. Using presentation compiler with project's scala-library version: 3.3.6
2026.01.19 23:18:43 INFO  no build target found for C:\Users\USER\Desktop\Verilog\Verilog\Scala\Student.scala. Using presentation compiler with project's scala-library version: 3.3.6
2026.01.19 23:18:44 INFO  skipping build import with status 'Failed'
2026.01.19 23:18:43 INFO  no build target found for C:\Users\USER\Desktop\Verilog\Verilog\Scala\Student.scala. Using presentation compiler with project's scala-library version: 3.3.6
2026.01.19 23:18:45 INFO  no build target found for C:\Users\USER\Desktop\Verilog\Verilog\Scala\Student.scala. Using presentation compiler with project's scala-library version: 3.3.6
2026.01.19 23:18:45 INFO  no build target found for C:\Users\USER\Desktop\Verilog\Verilog\Scala\Student.scala. Using presentation compiler with project's scala-library version: 3.3.6
2026.01.19 23:18:45 INFO  no build target found for C:\Users\USER\Desktop\Verilog\Verilog\Scala\Student.scala. Using presentation compiler with project's scala-library version: 3.3.6
2026.01.19 23:18:52 INFO  no build target found for C:\Users\USER\Desktop\Verilog\Verilog\Scala\Student.scala. Using presentation compiler with project's scala-library version: 3.3.6
2026.01.19 23:18:52 INFO  no build target found for C:\Users\USER\Desktop\Verilog\Verilog\Scala\Student.scala. Using presentation compiler with project's scala-library version: 3.3.6
2026.01.19 23:18:52 INFO  no build target found for C:\Users\USER\Desktop\Verilog\Verilog\Scala\Student.scala. Using presentation compiler with project's scala-library version: 3.3.6
2026.01.19 23:18:58 INFO  no build target found for C:\Users\USER\Desktop\Verilog\Verilog\Scala\Student.scala. Using presentation compiler with project's scala-library version: 3.3.6
2026.01.19 23:18:58 INFO  no build target found for C:\Users\USER\Desktop\Verilog\Verilog\Scala\Student.scala. Using presentation compiler with project's scala-library version: 3.3.6
2026.01.19 23:18:58 INFO  no build target found for C:\Users\USER\Desktop\Verilog\Verilog\Scala\Student.scala. Using presentation compiler with project's scala-library version: 3.3.6
2026.01.19 23:19:01 INFO  no build target found for C:\Users\USER\Desktop\Verilog\Verilog\Scala\Student.scala. Using presentation compiler with project's scala-library version: 3.3.6
2026.01.19 23:19:01 INFO  no build target found for C:\Users\USER\Desktop\Verilog\Verilog\Scala\Student.scala. Using presentation compiler with project's scala-library version: 3.3.6
2026.01.19 23:19:15 INFO  no build target found for C:\Users\USER\Desktop\Verilog\Verilog\Scala\Student.scala. Using presentation compiler with project's scala-library version: 3.3.6
2026.01.19 23:19:22 INFO  no build target found for C:\Users\USER\Desktop\Verilog\Verilog\Scala\Student.scala. Using presentation compiler with project's scala-library version: 3.3.6
2026.01.19 23:19:23 INFO  no build target found for C:\Users\USER\Desktop\Verilog\Verilog\Scala\Student.scala. Using presentation compiler with project's scala-library version: 3.3.6
2026.01.19 23:19:23 INFO  no build target found for C:\Users\USER\Desktop\Verilog\Verilog\Scala\Student.scala. Using presentation compiler with project's scala-library version: 3.3.6
2026.01.19 23:19:22 INFO  no build target found for C:\Users\USER\Desktop\Verilog\Verilog\Scala\Student.scala. Using presentation compiler with project's scala-library version: 3.3.6
2026.01.19 23:19:23 INFO  no build target found for C:\Users\USER\Desktop\Verilog\Verilog\Scala\Student.scala. Using presentation compiler with project's scala-library version: 3.3.6
2026.01.19 23:19:23 INFO  no build target found for C:\Users\USER\Desktop\Verilog\Verilog\Scala\Student.scala. Using presentation compiler with project's scala-library version: 3.3.6
2026.01.19 23:19:24 INFO  no build target found for C:\Users\USER\Desktop\Verilog\Verilog\Scala\Student.scala. Using presentation compiler with project's scala-library version: 3.3.6
2026.01.19 23:19:24 INFO  no build target found for C:\Users\USER\Desktop\Verilog\Verilog\Scala\Student.scala. Using presentation compiler with project's scala-library version: 3.3.6
2026.01.19 23:19:24 INFO  no build target found for C:\Users\USER\Desktop\Verilog\Verilog\Scala\Student.scala. Using presentation compiler with project's scala-library version: 3.3.6
2026.01.19 23:19:24 INFO  no build target found for C:\Users\USER\Desktop\Verilog\Verilog\Scala\Student.scala. Using presentation compiler with project's scala-library version: 3.3.6
2026.01.19 23:19:24 INFO  no build target found for C:\Users\USER\Desktop\Verilog\Verilog\Scala\Student.scala. Using presentation compiler with project's scala-library version: 3.3.6
2026.01.19 23:19:24 INFO  no build target found for C:\Users\USER\Desktop\Verilog\Verilog\Scala\Student.scala. Using presentation compiler with project's scala-library version: 3.3.6
2026.01.19 23:19:24 INFO  no build target found for C:\Users\USER\Desktop\Verilog\Verilog\Scala\Student.scala. Using presentation compiler with project's scala-library version: 3.3.6
2026.01.19 23:19:24 INFO  no build target found for C:\Users\USER\Desktop\Verilog\Verilog\Scala\Student.scala. Using presentation compiler with project's scala-library version: 3.3.6
2026.01.19 23:19:24 INFO  no build target found for C:\Users\USER\Desktop\Verilog\Verilog\Scala\Student.scala. Using presentation compiler with project's scala-library version: 3.3.6
2026.01.19 23:19:25 INFO  no build target found for C:\Users\USER\Desktop\Verilog\Verilog\Scala\Student.scala. Using presentation compiler with project's scala-library version: 3.3.6
2026.01.19 23:19:25 INFO  no build target found for C:\Users\USER\Desktop\Verilog\Verilog\Scala\Student.scala. Using presentation compiler with project's scala-library version: 3.3.6
2026.01.19 23:19:25 INFO  no build target found for C:\Users\USER\Desktop\Verilog\Verilog\Scala\Student.scala. Using presentation compiler with project's scala-library version: 3.3.6
2026.01.19 23:19:26 INFO  no build target found for C:\Users\USER\Desktop\Verilog\Verilog\Scala\Student.scala. Using presentation compiler with project's scala-library version: 3.3.6
2026.01.19 23:19:25 INFO  no build target found for C:\Users\USER\Desktop\Verilog\Verilog\Scala\Student.scala. Using presentation compiler with project's scala-library version: 3.3.6
2026.01.19 23:19:25 INFO  no build target found for C:\Users\USER\Desktop\Verilog\Verilog\Scala\Student.scala. Using presentation compiler with project's scala-library version: 3.3.6
2026.01.19 23:19:25 INFO  no build target found for C:\Users\USER\Desktop\Verilog\Verilog\Scala\Student.scala. Using presentation compiler with project's scala-library version: 3.3.6
2026.01.19 23:19:26 INFO  no build target found for C:\Users\USER\Desktop\Verilog\Verilog\Scala\Student.scala. Using presentation compiler with project's scala-library version: 3.3.6
2026.01.19 23:19:26 INFO  no build target found for C:\Users\USER\Desktop\Verilog\Verilog\Scala\Student.scala. Using presentation compiler with project's scala-library version: 3.3.6
2026.01.19 23:19:25 INFO  no build target found for C:\Users\USER\Desktop\Verilog\Verilog\Scala\Student.scala. Using presentation compiler with project's scala-library version: 3.3.6
2026.01.19 23:19:25 INFO  no build target found for C:\Users\USER\Desktop\Verilog\Verilog\Scala\Student.scala. Using presentation compiler with project's scala-library version: 3.3.6
2026.01.19 23:19:26 INFO  no build target found for C:\Users\USER\Desktop\Verilog\Verilog\Scala\Student.scala. Using presentation compiler with project's scala-library version: 3.3.6
2026.01.19 23:19:27 INFO  no build target found for C:\Users\USER\Desktop\Verilog\Verilog\Scala\Student.scala. Using presentation compiler with project's scala-library version: 3.3.6
2026.01.19 23:19:26 INFO  no build target found for C:\Users\USER\Desktop\Verilog\Verilog\Scala\Student.scala. Using presentation compiler with project's scala-library version: 3.3.6
2026.01.19 23:19:26 INFO  no build target found for C:\Users\USER\Desktop\Verilog\Verilog\Scala\Student.scala. Using presentation compiler with project's scala-library version: 3.3.6
2026.01.19 23:19:28 INFO  no build target found for C:\Users\USER\Desktop\Verilog\Verilog\Scala\Student.scala. Using presentation compiler with project's scala-library version: 3.3.6
2026.01.19 23:19:28 INFO  no build target found for C:\Users\USER\Desktop\Verilog\Verilog\Scala\Student.scala. Using presentation compiler with project's scala-library version: 3.3.6
2026.01.19 23:19:28 INFO  no build target found for C:\Users\USER\Desktop\Verilog\Verilog\Scala\Student.scala. Using presentation compiler with project's scala-library version: 3.3.6
2026.01.19 23:19:28 INFO  no build target found for C:\Users\USER\Desktop\Verilog\Verilog\Scala\Student.scala. Using presentation compiler with project's scala-library version: 3.3.6
2026.01.19 23:19:28 INFO  no build target found for C:\Users\USER\Desktop\Verilog\Verilog\Scala\Student.scala. Using presentation compiler with project's scala-library version: 3.3.6
2026.01.19 23:19:28 INFO  no build target found for C:\Users\USER\Desktop\Verilog\Verilog\Scala\Student.scala. Using presentation compiler with project's scala-library version: 3.3.6
2026.01.19 23:19:28 INFO  no build target found for C:\Users\USER\Desktop\Verilog\Verilog\Scala\Student.scala. Using presentation compiler with project's scala-library version: 3.3.6
2026.01.19 23:19:28 INFO  no build target found for C:\Users\USER\Desktop\Verilog\Verilog\Scala\Student.scala. Using presentation compiler with project's scala-library version: 3.3.6
2026.01.19 23:19:28 INFO  no build target found for C:\Users\USER\Desktop\Verilog\Verilog\Scala\Student.scala. Using presentation compiler with project's scala-library version: 3.3.6
2026.01.19 23:19:29 INFO  no build target found for C:\Users\USER\Desktop\Verilog\Verilog\Scala\Student.scala. Using presentation compiler with project's scala-library version: 3.3.6
2026.01.19 23:19:29 INFO  no build target found for C:\Users\USER\Desktop\Verilog\Verilog\Scala\Student.scala. Using presentation compiler with project's scala-library version: 3.3.6
2026.01.19 23:19:29 INFO  no build target found for C:\Users\USER\Desktop\Verilog\Verilog\Scala\Student.scala. Using presentation compiler with project's scala-library version: 3.3.6
2026.01.19 23:19:29 INFO  no build target found for C:\Users\USER\Desktop\Verilog\Verilog\Scala\Student.scala. Using presentation compiler with project's scala-library version: 3.3.6
2026.01.19 23:19:30 INFO  no build target found for C:\Users\USER\Desktop\Verilog\Verilog\Scala\Student.scala. Using presentation compiler with project's scala-library version: 3.3.6
2026.01.19 23:19:30 INFO  no build target found for C:\Users\USER\Desktop\Verilog\Verilog\Scala\Student.scala. Using presentation compiler with project's scala-library version: 3.3.6
2026.01.19 23:19:30 INFO  no build target found for C:\Users\USER\Desktop\Verilog\Verilog\Scala\Student.scala. Using presentation compiler with project's scala-library version: 3.3.6
2026.01.19 23:19:31 INFO  no build target found for C:\Users\USER\Desktop\Verilog\Verilog\Scala\Student.scala. Using presentation compiler with project's scala-library version: 3.3.6
2026.01.19 23:19:30 INFO  no build target found for C:\Users\USER\Desktop\Verilog\Verilog\Scala\Student.scala. Using presentation compiler with project's scala-library version: 3.3.6
2026.01.19 23:19:30 INFO  no build target found for C:\Users\USER\Desktop\Verilog\Verilog\Scala\Student.scala. Using presentation compiler with project's scala-library version: 3.3.6
2026.01.19 23:19:31 INFO  no build target found for C:\Users\USER\Desktop\Verilog\Verilog\Scala\Student.scala. Using presentation compiler with project's scala-library version: 3.3.6
2026.01.19 23:19:32 INFO  no build target found for C:\Users\USER\Desktop\Verilog\Verilog\Scala\Student.scala. Using presentation compiler with project's scala-library version: 3.3.6
2026.01.19 23:19:32 INFO  no build target found for C:\Users\USER\Desktop\Verilog\Verilog\Scala\Student.scala. Using presentation compiler with project's scala-library version: 3.3.6
2026.01.19 23:19:31 INFO  no build target found for C:\Users\USER\Desktop\Verilog\Verilog\Scala\Student.scala. Using presentation compiler with project's scala-library version: 3.3.6
2026.01.19 23:19:31 INFO  no build target found for C:\Users\USER\Desktop\Verilog\Verilog\Scala\Student.scala. Using presentation compiler with project's scala-library version: 3.3.6
2026.01.19 23:19:32 INFO  no build target found for C:\Users\USER\Desktop\Verilog\Verilog\Scala\Student.scala. Using presentation compiler with project's scala-library version: 3.3.6
2026.01.19 23:19:32 INFO  no build target found for C:\Users\USER\Desktop\Verilog\Verilog\Scala\Student.scala. Using presentation compiler with project's scala-library version: 3.3.6
2026.01.19 23:19:31 INFO  no build target found for C:\Users\USER\Desktop\Verilog\Verilog\Scala\Student.scala. Using presentation compiler with project's scala-library version: 3.3.6
2026.01.19 23:19:33 INFO  no build target found for C:\Users\USER\Desktop\Verilog\Verilog\Scala\Student.scala. Using presentation compiler with project's scala-library version: 3.3.6
2026.01.19 23:19:33 INFO  no build target found for C:\Users\USER\Desktop\Verilog\Verilog\Scala\Student.scala. Using presentation compiler with project's scala-library version: 3.3.6
2026.01.19 23:19:33 INFO  no build target found for C:\Users\USER\Desktop\Verilog\Verilog\Scala\Student.scala. Using presentation compiler with project's scala-library version: 3.3.6
2026.01.19 23:19:33 INFO  no build target found for C:\Users\USER\Desktop\Verilog\Verilog\Scala\Student.scala. Using presentation compiler with project's scala-library version: 3.3.6
2026.01.19 23:19:33 INFO  no build target found for C:\Users\USER\Desktop\Verilog\Verilog\Scala\Student.scala. Using presentation compiler with project's scala-library version: 3.3.6
2026.01.19 23:19:35 INFO  no build target found for C:\Users\USER\Desktop\Verilog\Verilog\Scala\Student.scala. Using presentation compiler with project's scala-library version: 3.3.6
2026.01.19 23:19:35 INFO  no build target found for C:\Users\USER\Desktop\Verilog\Verilog\Scala\Student.scala. Using presentation compiler with project's scala-library version: 3.3.6
2026.01.19 23:19:35 INFO  no build target found for C:\Users\USER\Desktop\Verilog\Verilog\Scala\Student.scala. Using presentation compiler with project's scala-library version: 3.3.6
2026.01.19 23:19:35 INFO  no build target found for C:\Users\USER\Desktop\Verilog\Verilog\Scala\Student.scala. Using presentation compiler with project's scala-library version: 3.3.6
2026.01.19 23:19:35 INFO  no build target found for C:\Users\USER\Desktop\Verilog\Verilog\Scala\Student.scala. Using presentation compiler with project's scala-library version: 3.3.6
2026.01.19 23:19:35 INFO  no build target found for C:\Users\USER\Desktop\Verilog\Verilog\Scala\Student.scala. Using presentation compiler with project's scala-library version: 3.3.6
2026.01.19 23:19:35 INFO  no build target found for C:\Users\USER\Desktop\Verilog\Verilog\Scala\Student.scala. Using presentation compiler with project's scala-library version: 3.3.6
2026.01.19 23:19:35 INFO  no build target found for C:\Users\USER\Desktop\Verilog\Verilog\Scala\Student.scala. Using presentation compiler with project's scala-library version: 3.3.6
2026.01.19 23:19:35 INFO  no build target found for C:\Users\USER\Desktop\Verilog\Verilog\Scala\Student.scala. Using presentation compiler with project's scala-library version: 3.3.6
2026.01.19 23:19:35 INFO  no build target found for C:\Users\USER\Desktop\Verilog\Verilog\Scala\Student.scala. Using presentation compiler with project's scala-library version: 3.3.6
2026.01.19 23:19:35 INFO  no build target found for C:\Users\USER\Desktop\Verilog\Verilog\Scala\Student.scala. Using presentation compiler with project's scala-library version: 3.3.6
2026.01.19 23:19:36 INFO  no build target found for C:\Users\USER\Desktop\Verilog\Verilog\Scala\Student.scala. Using presentation compiler with project's scala-library version: 3.3.6
2026.01.19 23:19:36 INFO  no build target found for C:\Users\USER\Desktop\Verilog\Verilog\Scala\Student.scala. Using presentation compiler with project's scala-library version: 3.3.6
2026.01.19 23:19:36 INFO  no build target found for C:\Users\USER\Desktop\Verilog\Verilog\Scala\Student.scala. Using presentation compiler with project's scala-library version: 3.3.6
2026.01.19 23:19:36 INFO  no build target found for C:\Users\USER\Desktop\Verilog\Verilog\Scala\Student.scala. Using presentation compiler with project's scala-library version: 3.3.6
2026.01.19 23:19:36 INFO  no build target found for C:\Users\USER\Desktop\Verilog\Verilog\Scala\Student.scala. Using presentation compiler with project's scala-library version: 3.3.6
2026.01.19 23:19:37 INFO  no build target found for C:\Users\USER\Desktop\Verilog\Verilog\Scala\Student.scala. Using presentation compiler with project's scala-library version: 3.3.6
2026.01.19 23:19:37 WARN  no build target for: C:\Users\USER\Desktop\Verilog\Verilog\Scala\Student.scala
2026.01.19 23:19:37 INFO  no build target found for C:\Users\USER\Desktop\Verilog\Verilog\Scala\Student.scala. Using presentation compiler with project's scala-library version: 3.3.6
2026.01.19 23:19:37 INFO  skipping build import with status 'Failed'
2026.01.19 23:19:37 INFO  no build target found for C:\Users\USER\Desktop\Verilog\Verilog\Scala\Student.scala. Using presentation compiler with project's scala-library version: 3.3.6
2026.01.19 23:19:38 INFO  no build target found for C:\Users\USER\Desktop\Verilog\Verilog\Scala\Student.scala. Using presentation compiler with project's scala-library version: 3.3.6
2026.01.19 23:19:39 INFO  no build target found for C:\Users\USER\Desktop\Verilog\Verilog\Scala\Student.scala. Using presentation compiler with project's scala-library version: 3.3.6
2026.01.19 23:19:39 INFO  no build target found for C:\Users\USER\Desktop\Verilog\Verilog\Scala\Student.scala. Using presentation compiler with project's scala-library version: 3.3.6
2026.01.19 23:19:38 INFO  no build target found for C:\Users\USER\Desktop\Verilog\Verilog\Scala\Student.scala. Using presentation compiler with project's scala-library version: 3.3.6
2026.01.19 23:19:39 INFO  no build target found for C:\Users\USER\Desktop\Verilog\Verilog\Scala\Student.scala. Using presentation compiler with project's scala-library version: 3.3.6
2026.01.19 23:19:39 WARN  no build target for: C:\Users\USER\Desktop\Verilog\Verilog\Scala\Student.scala
2026.01.19 23:19:39 INFO  no build target found for C:\Users\USER\Desktop\Verilog\Verilog\Scala\Student.scala. Using presentation compiler with project's scala-library version: 3.3.6
2026.01.19 23:19:39 INFO  skipping build import with status 'Failed'
2026.01.19 23:19:39 INFO  no build target found for C:\Users\USER\Desktop\Verilog\Verilog\Scala\Student.scala. Using presentation compiler with project's scala-library version: 3.3.6
2026.01.19 23:19:40 INFO  no build target found for C:\Users\USER\Desktop\Verilog\Verilog\Scala\Student.scala. Using presentation compiler with project's scala-library version: 3.3.6
2026.01.19 23:19:41 INFO  no build target found for C:\Users\USER\Desktop\Verilog\Verilog\Scala\Student.scala. Using presentation compiler with project's scala-library version: 3.3.6
2026.01.19 23:19:41 INFO  no build target found for C:\Users\USER\Desktop\Verilog\Verilog\Scala\Student.scala. Using presentation compiler with project's scala-library version: 3.3.6
2026.01.19 23:19:40 INFO  no build target found for C:\Users\USER\Desktop\Verilog\Verilog\Scala\Student.scala. Using presentation compiler with project's scala-library version: 3.3.6
2026.01.19 23:19:41 INFO  no build target found for C:\Users\USER\Desktop\Verilog\Verilog\Scala\Student.scala. Using presentation compiler with project's scala-library version: 3.3.6
2026.01.19 23:19:41 WARN  no build target for: C:\Users\USER\Desktop\Verilog\Verilog\Scala\Student.scala
2026.01.19 23:19:41 INFO  no build target found for C:\Users\USER\Desktop\Verilog\Verilog\Scala\Student.scala. Using presentation compiler with project's scala-library version: 3.3.6
2026.01.19 23:19:41 INFO  skipping build import with status 'Failed'
2026.01.19 23:19:41 INFO  no build target found for C:\Users\USER\Desktop\Verilog\Verilog\Scala\Student.scala. Using presentation compiler with project's scala-library version: 3.3.6
2026.01.19 23:19:41 INFO  no build target found for C:\Users\USER\Desktop\Verilog\Verilog\Scala\Student.scala. Using presentation compiler with project's scala-library version: 3.3.6
2026.01.19 23:19:41 INFO  no build target found for C:\Users\USER\Desktop\Verilog\Verilog\Scala\Student.scala. Using presentation compiler with project's scala-library version: 3.3.6
2026.01.19 23:19:42 INFO  no build target found for C:\Users\USER\Desktop\Verilog\Verilog\Scala\Student.scala. Using presentation compiler with project's scala-library version: 3.3.6
2026.01.19 23:19:44 INFO  no build target found for C:\Users\USER\Desktop\Verilog\Verilog\Scala\Student.scala. Using presentation compiler with project's scala-library version: 3.3.6
2026.01.19 23:19:44 INFO  no build target found for C:\Users\USER\Desktop\Verilog\Verilog\Scala\Student.scala. Using presentation compiler with project's scala-library version: 3.3.6
2026.01.19 23:19:44 INFO  no build target found for C:\Users\USER\Desktop\Verilog\Verilog\Scala\Student.scala. Using presentation compiler with project's scala-library version: 3.3.6
2026.01.19 23:19:44 INFO  no build target found for C:\Users\USER\Desktop\Verilog\Verilog\Scala\Student.scala. Using presentation compiler with project's scala-library version: 3.3.6
2026.01.19 23:19:44 INFO  no build target found for C:\Users\USER\Desktop\Verilog\Verilog\Scala\Student.scala. Using presentation compiler with project's scala-library version: 3.3.6
2026.01.19 23:19:44 INFO  no build target found for C:\Users\USER\Desktop\Verilog\Verilog\Scala\Student.scala. Using presentation compiler with project's scala-library version: 3.3.6
2026.01.19 23:19:45 INFO  no build target found for C:\Users\USER\Desktop\Verilog\Verilog\Scala\Student.scala. Using presentation compiler with project's scala-library version: 3.3.6
2026.01.19 23:19:45 INFO  no build target found for C:\Users\USER\Desktop\Verilog\Verilog\Scala\Student.scala. Using presentation compiler with project's scala-library version: 3.3.6
2026.01.19 23:19:45 INFO  no build target found for C:\Users\USER\Desktop\Verilog\Verilog\Scala\Student.scala. Using presentation compiler with project's scala-library version: 3.3.6
2026.01.19 23:19:45 INFO  no build target found for C:\Users\USER\Desktop\Verilog\Verilog\Scala\Student.scala. Using presentation compiler with project's scala-library version: 3.3.6
2026.01.19 23:19:45 INFO  no build target found for C:\Users\USER\Desktop\Verilog\Verilog\Scala\Student.scala. Using presentation compiler with project's scala-library version: 3.3.6
2026.01.19 23:19:45 INFO  no build target found for C:\Users\USER\Desktop\Verilog\Verilog\Scala\Student.scala. Using presentation compiler with project's scala-library version: 3.3.6
2026.01.19 23:19:45 INFO  no build target found for C:\Users\USER\Desktop\Verilog\Verilog\Scala\Student.scala. Using presentation compiler with project's scala-library version: 3.3.6
2026.01.19 23:19:45 INFO  no build target found for C:\Users\USER\Desktop\Verilog\Verilog\Scala\Student.scala. Using presentation compiler with project's scala-library version: 3.3.6
2026.01.19 23:19:47 INFO  no build target found for C:\Users\USER\Desktop\Verilog\Verilog\Scala\Student.scala. Using presentation compiler with project's scala-library version: 3.3.6
2026.01.19 23:19:47 INFO  no build target found for C:\Users\USER\Desktop\Verilog\Verilog\Scala\Student.scala. Using presentation compiler with project's scala-library version: 3.3.6
2026.01.19 23:19:47 INFO  no build target found for C:\Users\USER\Desktop\Verilog\Verilog\Scala\Student.scala. Using presentation compiler with project's scala-library version: 3.3.6
2026.01.19 23:19:47 INFO  no build target found for C:\Users\USER\Desktop\Verilog\Verilog\Scala\Student.scala. Using presentation compiler with project's scala-library version: 3.3.6
2026.01.19 23:19:47 INFO  no build target found for C:\Users\USER\Desktop\Verilog\Verilog\Scala\Student.scala. Using presentation compiler with project's scala-library version: 3.3.6
2026.01.19 23:19:47 INFO  no build target found for C:\Users\USER\Desktop\Verilog\Verilog\Scala\Student.scala. Using presentation compiler with project's scala-library version: 3.3.6
2026.01.19 23:19:47 INFO  no build target found for C:\Users\USER\Desktop\Verilog\Verilog\Scala\Student.scala. Using presentation compiler with project's scala-library version: 3.3.6
2026.01.19 23:19:48 INFO  no build target found for C:\Users\USER\Desktop\Verilog\Verilog\Scala\Student.scala. Using presentation compiler with project's scala-library version: 3.3.6
2026.01.19 23:19:48 INFO  no build target found for C:\Users\USER\Desktop\Verilog\Verilog\Scala\Student.scala. Using presentation compiler with project's scala-library version: 3.3.6
2026.01.19 23:19:48 INFO  no build target found for C:\Users\USER\Desktop\Verilog\Verilog\Scala\Student.scala. Using presentation compiler with project's scala-library version: 3.3.6
2026.01.19 23:19:48 INFO  no build target found for C:\Users\USER\Desktop\Verilog\Verilog\Scala\Student.scala. Using presentation compiler with project's scala-library version: 3.3.6
2026.01.19 23:19:48 INFO  no build target found for C:\Users\USER\Desktop\Verilog\Verilog\Scala\Student.scala. Using presentation compiler with project's scala-library version: 3.3.6
2026.01.19 23:19:48 INFO  no build target found for C:\Users\USER\Desktop\Verilog\Verilog\Scala\Student.scala. Using presentation compiler with project's scala-library version: 3.3.6
2026.01.19 23:19:48 INFO  no build target found for C:\Users\USER\Desktop\Verilog\Verilog\Scala\Student.scala. Using presentation compiler with project's scala-library version: 3.3.6
2026.01.19 23:19:48 INFO  no build target found for C:\Users\USER\Desktop\Verilog\Verilog\Scala\Student.scala. Using presentation compiler with project's scala-library version: 3.3.6
2026.01.19 23:19:49 INFO  no build target found for C:\Users\USER\Desktop\Verilog\Verilog\Scala\Student.scala. Using presentation compiler with project's scala-library version: 3.3.6
2026.01.19 23:19:48 INFO  no build target found for C:\Users\USER\Desktop\Verilog\Verilog\Scala\Student.scala. Using presentation compiler with project's scala-library version: 3.3.6
2026.01.19 23:19:50 INFO  no build target found for C:\Users\USER\Desktop\Verilog\Verilog\Scala\Student.scala. Using presentation compiler with project's scala-library version: 3.3.6
2026.01.19 23:19:50 INFO  no build target found for C:\Users\USER\Desktop\Verilog\Verilog\Scala\Student.scala. Using presentation compiler with project's scala-library version: 3.3.6
2026.01.19 23:19:50 INFO  no build target found for C:\Users\USER\Desktop\Verilog\Verilog\Scala\Student.scala. Using presentation compiler with project's scala-library version: 3.3.6
2026.01.19 23:19:50 INFO  no build target found for C:\Users\USER\Desktop\Verilog\Verilog\Scala\Student.scala. Using presentation compiler with project's scala-library version: 3.3.6
2026.01.19 23:19:50 INFO  no build target found for C:\Users\USER\Desktop\Verilog\Verilog\Scala\Student.scala. Using presentation compiler with project's scala-library version: 3.3.6
2026.01.19 23:19:52 INFO  no build target found for C:\Users\USER\Desktop\Verilog\Verilog\Scala\Student.scala. Using presentation compiler with project's scala-library version: 3.3.6
2026.01.19 23:19:52 INFO  no build target found for C:\Users\USER\Desktop\Verilog\Verilog\Scala\Student.scala. Using presentation compiler with project's scala-library version: 3.3.6
2026.01.19 23:19:52 INFO  no build target found for C:\Users\USER\Desktop\Verilog\Verilog\Scala\Student.scala. Using presentation compiler with project's scala-library version: 3.3.6
2026.01.19 23:19:52 INFO  no build target found for C:\Users\USER\Desktop\Verilog\Verilog\Scala\Student.scala. Using presentation compiler with project's scala-library version: 3.3.6
2026.01.19 23:19:52 INFO  no build target found for C:\Users\USER\Desktop\Verilog\Verilog\Scala\Student.scala. Using presentation compiler with project's scala-library version: 3.3.6
2026.01.19 23:19:53 INFO  no build target found for C:\Users\USER\Desktop\Verilog\Verilog\Scala\Student.scala. Using presentation compiler with project's scala-library version: 3.3.6
2026.01.19 23:19:53 INFO  no build target found for C:\Users\USER\Desktop\Verilog\Verilog\Scala\Student.scala. Using presentation compiler with project's scala-library version: 3.3.6
2026.01.19 23:19:52 INFO  no build target found for C:\Users\USER\Desktop\Verilog\Verilog\Scala\Student.scala. Using presentation compiler with project's scala-library version: 3.3.6
2026.01.19 23:19:53 INFO  no build target found for C:\Users\USER\Desktop\Verilog\Verilog\Scala\Student.scala. Using presentation compiler with project's scala-library version: 3.3.6
2026.01.19 23:19:53 INFO  no build target found for C:\Users\USER\Desktop\Verilog\Verilog\Scala\Student.scala. Using presentation compiler with project's scala-library version: 3.3.6
2026.01.19 23:19:53 INFO  no build target found for C:\Users\USER\Desktop\Verilog\Verilog\Scala\Student.scala. Using presentation compiler with project's scala-library version: 3.3.6
2026.01.19 23:19:53 INFO  no build target found for C:\Users\USER\Desktop\Verilog\Verilog\Scala\Student.scala. Using presentation compiler with project's scala-library version: 3.3.6
2026.01.19 23:19:53 INFO  no build target found for C:\Users\USER\Desktop\Verilog\Verilog\Scala\Student.scala. Using presentation compiler with project's scala-library version: 3.3.6
2026.01.19 23:19:53 INFO  no build target found for C:\Users\USER\Desktop\Verilog\Verilog\Scala\Student.scala. Using presentation compiler with project's scala-library version: 3.3.6
2026.01.19 23:19:53 INFO  no build target found for C:\Users\USER\Desktop\Verilog\Verilog\Scala\Student.scala. Using presentation compiler with project's scala-library version: 3.3.6
2026.01.19 23:19:54 INFO  no build target found for C:\Users\USER\Desktop\Verilog\Verilog\Scala\Student.scala. Using presentation compiler with project's scala-library version: 3.3.6
2026.01.19 23:19:54 INFO  no build target found for C:\Users\USER\Desktop\Verilog\Verilog\Scala\Student.scala. Using presentation compiler with project's scala-library version: 3.3.6
2026.01.19 23:19:54 INFO  no build target found for C:\Users\USER\Desktop\Verilog\Verilog\Scala\Student.scala. Using presentation compiler with project's scala-library version: 3.3.6
2026.01.19 23:19:54 INFO  no build target found for C:\Users\USER\Desktop\Verilog\Verilog\Scala\Student.scala. Using presentation compiler with project's scala-library version: 3.3.6
2026.01.19 23:19:56 INFO  no build target found for C:\Users\USER\Desktop\Verilog\Verilog\Scala\Student.scala. Using presentation compiler with project's scala-library version: 3.3.6
2026.01.19 23:19:56 INFO  no build target found for C:\Users\USER\Desktop\Verilog\Verilog\Scala\Student.scala. Using presentation compiler with project's scala-library version: 3.3.6
2026.01.19 23:19:56 INFO  no build target found for C:\Users\USER\Desktop\Verilog\Verilog\Scala\Student.scala. Using presentation compiler with project's scala-library version: 3.3.6
2026.01.19 23:19:58 INFO  no build target found for C:\Users\USER\Desktop\Verilog\Verilog\Scala\Student.scala. Using presentation compiler with project's scala-library version: 3.3.6
2026.01.19 23:19:58 INFO  no build target found for C:\Users\USER\Desktop\Verilog\Verilog\Scala\Student.scala. Using presentation compiler with project's scala-library version: 3.3.6
2026.01.19 23:19:58 INFO  no build target found for C:\Users\USER\Desktop\Verilog\Verilog\Scala\Student.scala. Using presentation compiler with project's scala-library version: 3.3.6
2026.01.19 23:19:58 INFO  no build target found for C:\Users\USER\Desktop\Verilog\Verilog\Scala\Student.scala. Using presentation compiler with project's scala-library version: 3.3.6
2026.01.19 23:19:58 INFO  no build target found for C:\Users\USER\Desktop\Verilog\Verilog\Scala\Student.scala. Using presentation compiler with project's scala-library version: 3.3.6
2026.01.19 23:19:58 INFO  no build target found for C:\Users\USER\Desktop\Verilog\Verilog\Scala\Student.scala. Using presentation compiler with project's scala-library version: 3.3.6
2026.01.19 23:19:59 INFO  no build target found for C:\Users\USER\Desktop\Verilog\Verilog\Scala\Student.scala. Using presentation compiler with project's scala-library version: 3.3.6
2026.01.19 23:19:59 INFO  Created report: Optional[file:///C:/Users/USER/Desktop/Verilog/Verilog/Scala/Student.scala]
2026.01.19 23:19:59 INFO  empty definition using pc, found symbol in pc:  (full report at: "C:\Users\USER\Desktop\Verilog\Verilog\Scala\.metals\.reports\metals-full\2026-01-19\r_empty-definition_23-19-59-412.md")
2026.01.19 23:19:59 INFO  no build target found for C:\Users\USER\Desktop\Verilog\Verilog\Scala\Student.scala. Using presentation compiler with project's scala-library version: 3.3.6
2026.01.19 23:19:59 INFO  no build target found for C:\Users\USER\Desktop\Verilog\Verilog\Scala\Student.scala. Using presentation compiler with project's scala-library version: 3.3.6
2026.01.19 23:19:59 INFO  no build target found for C:\Users\USER\Desktop\Verilog\Verilog\Scala\Student.scala. Using presentation compiler with project's scala-library version: 3.3.6
2026.01.19 23:20:00 INFO  no build target found for C:\Users\USER\Desktop\Verilog\Verilog\Scala\Student.scala. Using presentation compiler with project's scala-library version: 3.3.6
2026.01.19 23:19:59 INFO  no build target found for C:\Users\USER\Desktop\Verilog\Verilog\Scala\Student.scala. Using presentation compiler with project's scala-library version: 3.3.6
2026.01.19 23:19:59 INFO  no build target found for C:\Users\USER\Desktop\Verilog\Verilog\Scala\Student.scala. Using presentation compiler with project's scala-library version: 3.3.6
2026.01.19 23:20:01 INFO  no build target found for C:\Users\USER\Desktop\Verilog\Verilog\Scala\Student.scala. Using presentation compiler with project's scala-library version: 3.3.6
2026.01.19 23:20:01 INFO  no build target found for C:\Users\USER\Desktop\Verilog\Verilog\Scala\Student.scala. Using presentation compiler with project's scala-library version: 3.3.6
2026.01.19 23:20:01 INFO  no build target found for C:\Users\USER\Desktop\Verilog\Verilog\Scala\Student.scala. Using presentation compiler with project's scala-library version: 3.3.6
2026.01.19 23:20:01 INFO  no build target found for C:\Users\USER\Desktop\Verilog\Verilog\Scala\Student.scala. Using presentation compiler with project's scala-library version: 3.3.6
2026.01.19 23:20:02 INFO  no build target found for C:\Users\USER\Desktop\Verilog\Verilog\Scala\Student.scala. Using presentation compiler with project's scala-library version: 3.3.6
2026.01.19 23:20:02 WARN  no build target for: C:\Users\USER\Desktop\Verilog\Verilog\Scala\Student.scala
2026.01.19 23:20:02 INFO  no build target found for C:\Users\USER\Desktop\Verilog\Verilog\Scala\Student.scala. Using presentation compiler with project's scala-library version: 3.3.6
2026.01.19 23:20:02 INFO  skipping build import with status 'Failed'
2026.01.19 23:20:02 INFO  no build target found for C:\Users\USER\Desktop\Verilog\Verilog\Scala\Student.scala. Using presentation compiler with project's scala-library version: 3.3.6
1月 19, 2026 11:20:06 下午 org.eclipse.lsp4j.jsonrpc.services.GenericEndpoint notify
資訊: Unsupported notification method: $/setTrace
1月 19, 2026 11:20:09 下午 org.eclipse.lsp4j.jsonrpc.services.GenericEndpoint notify
資訊: Unsupported notification method: $/setTrace
2026.01.19 23:22:57 INFO  no build target found for C:\Users\USER\Desktop\Verilog\Verilog\Scala\Student.scala. Using presentation compiler with project's scala-library version: 3.3.6
2026.01.19 23:23:39 INFO  no build target found for C:\Users\USER\Desktop\Verilog\Verilog\Scala\Student.scala. Using presentation compiler with project's scala-library version: 3.3.6
2026.01.19 23:23:39 INFO  no build target found for C:\Users\USER\Desktop\Verilog\Verilog\Scala\Student.scala. Using presentation compiler with project's scala-library version: 3.3.6
2026.01.19 23:23:40 INFO  no build target found for C:\Users\USER\Desktop\Verilog\Verilog\Scala\Student.scala. Using presentation compiler with project's scala-library version: 3.3.6
2026.01.19 23:23:40 INFO  no build target found for C:\Users\USER\Desktop\Verilog\Verilog\Scala\Student.scala. Using presentation compiler with project's scala-library version: 3.3.6
2026.01.19 23:23:39 INFO  no build target found for C:\Users\USER\Desktop\Verilog\Verilog\Scala\Student.scala. Using presentation compiler with project's scala-library version: 3.3.6
2026.01.19 23:23:39 INFO  no build target found for C:\Users\USER\Desktop\Verilog\Verilog\Scala\Student.scala. Using presentation compiler with project's scala-library version: 3.3.6
2026.01.19 23:23:40 INFO  no build target found for C:\Users\USER\Desktop\Verilog\Verilog\Scala\Student.scala. Using presentation compiler with project's scala-library version: 3.3.6
2026.01.19 23:23:40 WARN  no build target for: C:\Users\USER\Desktop\Verilog\Verilog\Scala\Student.scala
2026.01.19 23:23:40 INFO  no build target found for C:\Users\USER\Desktop\Verilog\Verilog\Scala\Student.scala. Using presentation compiler with project's scala-library version: 3.3.6
2026.01.19 23:23:40 INFO  skipping build import with status 'Failed'
2026.01.19 23:23:40 INFO  no build target found for C:\Users\USER\Desktop\Verilog\Verilog\Scala\Student.scala. Using presentation compiler with project's scala-library version: 3.3.6
2026.01.19 23:23:41 INFO  no build target found for C:\Users\USER\Desktop\Verilog\Verilog\Scala\Student.scala. Using presentation compiler with project's scala-library version: 3.3.6
2026.01.19 23:23:41 INFO  no build target found for C:\Users\USER\Desktop\Verilog\Verilog\Scala\Student.scala. Using presentation compiler with project's scala-library version: 3.3.6
2026.01.19 23:23:41 INFO  no build target found for C:\Users\USER\Desktop\Verilog\Verilog\Scala\Student.scala. Using presentation compiler with project's scala-library version: 3.3.6
2026.01.19 23:23:42 INFO  no build target found for C:\Users\USER\Desktop\Verilog\Verilog\Scala\Student.scala. Using presentation compiler with project's scala-library version: 3.3.6
2026.01.19 23:23:42 INFO  no build target found for C:\Users\USER\Desktop\Verilog\Verilog\Scala\Student.scala. Using presentation compiler with project's scala-library version: 3.3.6
2026.01.19 23:23:42 INFO  no build target found for C:\Users\USER\Desktop\Verilog\Verilog\Scala\Student.scala. Using presentation compiler with project's scala-library version: 3.3.6
2026.01.19 23:23:43 INFO  no build target found for C:\Users\USER\Desktop\Verilog\Verilog\Scala\Student.scala. Using presentation compiler with project's scala-library version: 3.3.6
2026.01.19 23:23:42 INFO  no build target found for C:\Users\USER\Desktop\Verilog\Verilog\Scala\Student.scala. Using presentation compiler with project's scala-library version: 3.3.6
2026.01.19 23:23:43 INFO  no build target found for C:\Users\USER\Desktop\Verilog\Verilog\Scala\Student.scala. Using presentation compiler with project's scala-library version: 3.3.6
2026.01.19 23:23:43 INFO  no build target found for C:\Users\USER\Desktop\Verilog\Verilog\Scala\Student.scala. Using presentation compiler with project's scala-library version: 3.3.6
2026.01.19 23:23:43 INFO  no build target found for C:\Users\USER\Desktop\Verilog\Verilog\Scala\Student.scala. Using presentation compiler with project's scala-library version: 3.3.6
2026.01.19 23:23:43 INFO  no build target found for C:\Users\USER\Desktop\Verilog\Verilog\Scala\Student.scala. Using presentation compiler with project's scala-library version: 3.3.6
2026.01.19 23:23:43 INFO  no build target found for C:\Users\USER\Desktop\Verilog\Verilog\Scala\Student.scala. Using presentation compiler with project's scala-library version: 3.3.6
2026.01.19 23:23:43 INFO  no build target found for C:\Users\USER\Desktop\Verilog\Verilog\Scala\Student.scala. Using presentation compiler with project's scala-library version: 3.3.6
2026.01.19 23:23:44 INFO  no build target found for C:\Users\USER\Desktop\Verilog\Verilog\Scala\Student.scala. Using presentation compiler with project's scala-library version: 3.3.6
2026.01.19 23:23:44 WARN  no build target for: C:\Users\USER\Desktop\Verilog\Verilog\Scala\Student.scala
2026.01.19 23:23:44 INFO  no build target found for C:\Users\USER\Desktop\Verilog\Verilog\Scala\Student.scala. Using presentation compiler with project's scala-library version: 3.3.6
2026.01.19 23:23:44 INFO  skipping build import with status 'Failed'
2026.01.19 23:23:47 INFO  no build target found for C:\Users\USER\Desktop\Verilog\Verilog\Scala\Student.scala. Using presentation compiler with project's scala-library version: 3.3.6
2026.01.19 23:23:47 INFO  no build target found for C:\Users\USER\Desktop\Verilog\Verilog\Scala\Student.scala. Using presentation compiler with project's scala-library version: 3.3.6
2026.01.19 23:23:47 INFO  no build target found for C:\Users\USER\Desktop\Verilog\Verilog\Scala\Student.scala. Using presentation compiler with project's scala-library version: 3.3.6
2026.01.19 23:23:47 INFO  no build target found for C:\Users\USER\Desktop\Verilog\Verilog\Scala\Student.scala. Using presentation compiler with project's scala-library version: 3.3.6
2026.01.19 23:23:47 INFO  no build target found for C:\Users\USER\Desktop\Verilog\Verilog\Scala\Student.scala. Using presentation compiler with project's scala-library version: 3.3.6
2026.01.19 23:23:47 INFO  no build target found for C:\Users\USER\Desktop\Verilog\Verilog\Scala\Student.scala. Using presentation compiler with project's scala-library version: 3.3.6
2026.01.19 23:23:47 WARN  no build target for: C:\Users\USER\Desktop\Verilog\Verilog\Scala\Student.scala
2026.01.19 23:23:48 INFO  no build target found for C:\Users\USER\Desktop\Verilog\Verilog\Scala\Student.scala. Using presentation compiler with project's scala-library version: 3.3.6
2026.01.19 23:23:48 INFO  skipping build import with status 'Failed'
2026.01.19 23:23:48 INFO  no build target found for C:\Users\USER\Desktop\Verilog\Verilog\Scala\Student.scala. Using presentation compiler with project's scala-library version: 3.3.6
2026.01.19 23:23:49 INFO  no build target found for C:\Users\USER\Desktop\Verilog\Verilog\Scala\Student.scala. Using presentation compiler with project's scala-library version: 3.3.6
2026.01.19 23:23:49 INFO  no build target found for C:\Users\USER\Desktop\Verilog\Verilog\Scala\Student.scala. Using presentation compiler with project's scala-library version: 3.3.6
2026.01.19 23:23:52 INFO  no build target found for C:\Users\USER\Desktop\Verilog\Verilog\Scala\Student.scala. Using presentation compiler with project's scala-library version: 3.3.6
2026.01.19 23:28:38 INFO  no build target found for C:\Users\USER\Desktop\Verilog\Verilog\Scala\Student.scala. Using presentation compiler with project's scala-library version: 3.3.6
2026.01.19 23:28:39 INFO  no build target found for C:\Users\USER\Desktop\Verilog\Verilog\Scala\Student.scala. Using presentation compiler with project's scala-library version: 3.3.6
2026.01.19 23:30:41 INFO  no build target found for C:\Users\USER\Desktop\Verilog\Verilog\Scala\student.scala. Using presentation compiler with project's scala-library version: 3.3.6
2026.01.19 23:30:41 INFO  no build target found for C:\Users\USER\Desktop\Verilog\Verilog\Scala\student.scala. Using presentation compiler with project's scala-library version: 3.3.6
2026.01.19 23:30:41 INFO  no build target found for C:\Users\USER\Desktop\Verilog\Verilog\Scala\student.scala. Using presentation compiler with project's scala-library version: 3.3.6
2026.01.19 23:30:45 INFO  no build target found for C:\Users\USER\Desktop\Verilog\Verilog\Scala\student.scala. Using presentation compiler with project's scala-library version: 3.3.6
2026.01.19 23:30:45 INFO  no build target found for C:\Users\USER\Desktop\Verilog\Verilog\Scala\student.scala. Using presentation compiler with project's scala-library version: 3.3.6
2026.01.19 23:30:45 INFO  no build target found for C:\Users\USER\Desktop\Verilog\Verilog\Scala\student.scala. Using presentation compiler with project's scala-library version: 3.3.6
2026.01.19 23:30:45 INFO  no build target found for C:\Users\USER\Desktop\Verilog\Verilog\Scala\student.scala. Using presentation compiler with project's scala-library version: 3.3.6
2026.01.19 23:30:46 INFO  no build target found for C:\Users\USER\Desktop\Verilog\Verilog\Scala\student.scala. Using presentation compiler with project's scala-library version: 3.3.6
2026.01.19 23:30:46 INFO  no build target found for C:\Users\USER\Desktop\Verilog\Verilog\Scala\student.scala. Using presentation compiler with project's scala-library version: 3.3.6
2026.01.19 23:30:46 INFO  no build target found for C:\Users\USER\Desktop\Verilog\Verilog\Scala\student.scala. Using presentation compiler with project's scala-library version: 3.3.6
2026.01.19 23:30:46 INFO  no build target found for C:\Users\USER\Desktop\Verilog\Verilog\Scala\student.scala. Using presentation compiler with project's scala-library version: 3.3.6
2026.01.19 23:30:46 INFO  no build target found for C:\Users\USER\Desktop\Verilog\Verilog\Scala\student.scala. Using presentation compiler with project's scala-library version: 3.3.6
2026.01.19 23:30:46 INFO  no build target found for C:\Users\USER\Desktop\Verilog\Verilog\Scala\student.scala. Using presentation compiler with project's scala-library version: 3.3.6
2026.01.19 23:30:47 INFO  no build target found for C:\Users\USER\Desktop\Verilog\Verilog\Scala\student.scala. Using presentation compiler with project's scala-library version: 3.3.6
2026.01.19 23:30:47 INFO  no build target found for C:\Users\USER\Desktop\Verilog\Verilog\Scala\student.scala. Using presentation compiler with project's scala-library version: 3.3.6
2026.01.19 23:30:46 INFO  no build target found for C:\Users\USER\Desktop\Verilog\Verilog\Scala\student.scala. Using presentation compiler with project's scala-library version: 3.3.6
2026.01.19 23:30:47 INFO  no build target found for C:\Users\USER\Desktop\Verilog\Verilog\Scala\student.scala. Using presentation compiler with project's scala-library version: 3.3.6
2026.01.19 23:30:47 INFO  no build target found for C:\Users\USER\Desktop\Verilog\Verilog\Scala\student.scala. Using presentation compiler with project's scala-library version: 3.3.6
2026.01.19 23:30:47 INFO  no build target found for C:\Users\USER\Desktop\Verilog\Verilog\Scala\student.scala. Using presentation compiler with project's scala-library version: 3.3.6
2026.01.19 23:30:47 INFO  no build target found for C:\Users\USER\Desktop\Verilog\Verilog\Scala\student.scala. Using presentation compiler with project's scala-library version: 3.3.6
2026.01.19 23:30:48 INFO  no build target found for C:\Users\USER\Desktop\Verilog\Verilog\Scala\student.scala. Using presentation compiler with project's scala-library version: 3.3.6
2026.01.19 23:30:47 INFO  no build target found for C:\Users\USER\Desktop\Verilog\Verilog\Scala\student.scala. Using presentation compiler with project's scala-library version: 3.3.6
2026.01.19 23:30:48 INFO  no build target found for C:\Users\USER\Desktop\Verilog\Verilog\Scala\student.scala. Using presentation compiler with project's scala-library version: 3.3.6
2026.01.19 23:30:48 INFO  no build target found for C:\Users\USER\Desktop\Verilog\Verilog\Scala\student.scala. Using presentation compiler with project's scala-library version: 3.3.6
2026.01.19 23:30:49 WARN  no build target for: C:\Users\USER\Desktop\Verilog\Verilog\Scala\student.scala
2026.01.19 23:30:49 INFO  no build target found for C:\Users\USER\Desktop\Verilog\Verilog\Scala\student.scala. Using presentation compiler with project's scala-library version: 3.3.6
2026.01.19 23:30:49 INFO  skipping build import with status 'Failed'
2026.01.19 23:30:50 INFO  no build target found for C:\Users\USER\Desktop\Verilog\Verilog\Scala\student.scala. Using presentation compiler with project's scala-library version: 3.3.6
2026.01.19 23:31:04 INFO  no build target found for C:\Users\USER\Desktop\Verilog\Verilog\Scala\student.scala. Using presentation compiler with project's scala-library version: 3.3.6
2026.01.19 23:32:31 INFO  no build target found for C:\Users\USER\Desktop\Verilog\Verilog\Scala\student.scala. Using presentation compiler with project's scala-library version: 3.3.6
2026.01.19 23:38:11 INFO  Shutting down server
2026.01.19 23:38:11 INFO  shutting down Metals
2026.01.19 23:38:11 INFO  Exiting server
2026.01.19 23:38:42 INFO  Started: Metals version 1.6.4 in folders 'C:\Users\USER\Desktop\Verilog\Verilog\Scala' for client Visual Studio Code 1.108.1.
2026.01.19 23:38:43 WARN  Using H2 2.4.240 which is newer than the version Flyway has been verified with. The latest verified version of H2 is 2.3.232.
2026.01.19 23:38:43 INFO  no build target found for C:\Users\USER\Desktop\Verilog\Verilog\Scala\student.scala. Using presentation compiler with project's scala-library version: 3.3.6
2026.01.19 23:38:44 INFO  skipping build import with status 'Failed'
2026.01.19 23:38:44 INFO  no build target found for C:\Users\USER\Desktop\Verilog\Verilog\Scala\student.scala. Using presentation compiler with project's scala-library version: 3.3.6
2026.01.19 23:38:44 WARN  no build target for: C:\Users\USER\Desktop\Verilog\Verilog\Scala\student.scala
2026.01.19 23:38:46 INFO  no build target found for C:\Users\USER\Desktop\Verilog\Verilog\Scala\student.scala. Using presentation compiler with project's scala-library version: 3.3.6
2026.01.19 23:38:48 INFO  time: code lens generation in 4.2s
2026.01.19 23:38:48 INFO  time: code lens generation in 4.28s
2026.01.19 23:38:48 INFO  time: code lens generation in 4.29s
2026.01.19 23:39:38 INFO  no build target found for C:\Users\USER\Desktop\Verilog\Verilog\Scala\student.scala. Using presentation compiler with project's scala-library version: 3.3.6
2026.01.20 00:14:44 INFO  no build target found for C:\Users\USER\Desktop\Verilog\Verilog\Scala\student.scala. Using presentation compiler with project's scala-library version: 3.3.6
2026.01.20 00:14:44 INFO  no build target found for C:\Users\USER\Desktop\Verilog\Verilog\Scala\student.scala. Using presentation compiler with project's scala-library version: 3.3.6
2026.01.20 00:14:44 INFO  no build target found for C:\Users\USER\Desktop\Verilog\Verilog\Scala\student.scala. Using presentation compiler with project's scala-library version: 3.3.6
2026.01.20 00:14:44 INFO  no build target found for C:\Users\USER\Desktop\Verilog\Verilog\Scala\student.scala. Using presentation compiler with project's scala-library version: 3.3.6
2026.01.20 00:14:46 INFO  no build target found for C:\Users\USER\Desktop\Verilog\Verilog\Scala\student.scala. Using presentation compiler with project's scala-library version: 3.3.6
2026.01.20 00:14:46 INFO  no build target found for C:\Users\USER\Desktop\Verilog\Verilog\Scala\student.scala. Using presentation compiler with project's scala-library version: 3.3.6
2026.01.20 00:14:46 INFO  no build target found for C:\Users\USER\Desktop\Verilog\Verilog\Scala\student.scala. Using presentation compiler with project's scala-library version: 3.3.6
2026.01.20 00:14:46 INFO  no build target found for C:\Users\USER\Desktop\Verilog\Verilog\Scala\student.scala. Using presentation compiler with project's scala-library version: 3.3.6
2026.01.20 00:14:46 INFO  no build target found for C:\Users\USER\Desktop\Verilog\Verilog\Scala\student.scala. Using presentation compiler with project's scala-library version: 3.3.6
2026.01.20 00:14:46 INFO  no build target found for C:\Users\USER\Desktop\Verilog\Verilog\Scala\student.scala. Using presentation compiler with project's scala-library version: 3.3.6
2026.01.20 00:14:47 INFO  no build target found for C:\Users\USER\Desktop\Verilog\Verilog\Scala\student.scala. Using presentation compiler with project's scala-library version: 3.3.6
2026.01.20 00:14:47 INFO  no build target found for C:\Users\USER\Desktop\Verilog\Verilog\Scala\student.scala. Using presentation compiler with project's scala-library version: 3.3.6
2026.01.20 00:14:47 INFO  no build target found for C:\Users\USER\Desktop\Verilog\Verilog\Scala\student.scala. Using presentation compiler with project's scala-library version: 3.3.6
2026.01.20 00:14:47 INFO  no build target found for C:\Users\USER\Desktop\Verilog\Verilog\Scala\student.scala. Using presentation compiler with project's scala-library version: 3.3.6
2026.01.20 00:14:47 INFO  no build target found for C:\Users\USER\Desktop\Verilog\Verilog\Scala\student.scala. Using presentation compiler with project's scala-library version: 3.3.6
2026.01.20 00:14:47 INFO  no build target found for C:\Users\USER\Desktop\Verilog\Verilog\Scala\student.scala. Using presentation compiler with project's scala-library version: 3.3.6
2026.01.20 00:14:47 INFO  no build target found for C:\Users\USER\Desktop\Verilog\Verilog\Scala\student.scala. Using presentation compiler with project's scala-library version: 3.3.6
2026.01.20 00:14:48 INFO  no build target found for C:\Users\USER\Desktop\Verilog\Verilog\Scala\student.scala. Using presentation compiler with project's scala-library version: 3.3.6
2026.01.20 00:14:49 INFO  no build target found for C:\Users\USER\Desktop\Verilog\Verilog\Scala\student.scala. Using presentation compiler with project's scala-library version: 3.3.6
2026.01.20 00:14:50 WARN  no build target for: C:\Users\USER\Desktop\Verilog\Verilog\Scala\student.scala
2026.01.20 00:14:50 INFO  no build target found for C:\Users\USER\Desktop\Verilog\Verilog\Scala\student.scala. Using presentation compiler with project's scala-library version: 3.3.6
2026.01.20 00:14:50 INFO  skipping build import with status 'Failed'
2026.01.20 00:14:51 INFO  no build target found for C:\Users\USER\Desktop\Verilog\Verilog\Scala\student.scala. Using presentation compiler with project's scala-library version: 3.3.6
2026.01.20 00:15:00 INFO  no build target found for C:\Users\USER\Desktop\Verilog\Verilog\Scala\student.scala. Using presentation compiler with project's scala-library version: 3.3.6
2026.01.20 00:15:00 INFO  no build target found for C:\Users\USER\Desktop\Verilog\Verilog\Scala\student.scala. Using presentation compiler with project's scala-library version: 3.3.6
2026.01.20 00:15:01 INFO  no build target found for C:\Users\USER\Desktop\Verilog\Verilog\Scala\student.scala. Using presentation compiler with project's scala-library version: 3.3.6
2026.01.20 00:15:01 INFO  no build target found for C:\Users\USER\Desktop\Verilog\Verilog\Scala\student.scala. Using presentation compiler with project's scala-library version: 3.3.6
2026.01.20 00:15:01 INFO  no build target found for C:\Users\USER\Desktop\Verilog\Verilog\Scala\student.scala. Using presentation compiler with project's scala-library version: 3.3.6
2026.01.20 00:15:01 INFO  no build target found for C:\Users\USER\Desktop\Verilog\Verilog\Scala\student.scala. Using presentation compiler with project's scala-library version: 3.3.6
2026.01.20 00:15:01 INFO  no build target found for C:\Users\USER\Desktop\Verilog\Verilog\Scala\student.scala. Using presentation compiler with project's scala-library version: 3.3.6
2026.01.20 00:15:01 INFO  no build target found for C:\Users\USER\Desktop\Verilog\Verilog\Scala\student.scala. Using presentation compiler with project's scala-library version: 3.3.6
2026.01.20 00:15:01 INFO  no build target found for C:\Users\USER\Desktop\Verilog\Verilog\Scala\student.scala. Using presentation compiler with project's scala-library version: 3.3.6
2026.01.20 00:15:02 WARN  no build target for: C:\Users\USER\Desktop\Verilog\Verilog\Scala\student.scala
2026.01.20 00:15:02 INFO  no build target found for C:\Users\USER\Desktop\Verilog\Verilog\Scala\student.scala. Using presentation compiler with project's scala-library version: 3.3.6
2026.01.20 00:15:02 INFO  skipping build import with status 'Failed'
2026.01.20 00:15:13 INFO  no build target found for C:\Users\USER\Desktop\Verilog\Verilog\Scala\student.scala. Using presentation compiler with project's scala-library version: 3.3.6
2026.01.20 00:15:13 INFO  no build target found for C:\Users\USER\Desktop\Verilog\Verilog\Scala\student.scala. Using presentation compiler with project's scala-library version: 3.3.6
2026.01.20 00:15:13 INFO  no build target found for C:\Users\USER\Desktop\Verilog\Verilog\Scala\student.scala. Using presentation compiler with project's scala-library version: 3.3.6
2026.01.20 00:15:13 INFO  no build target found for C:\Users\USER\Desktop\Verilog\Verilog\Scala\student.scala. Using presentation compiler with project's scala-library version: 3.3.6
2026.01.20 00:15:13 INFO  no build target found for C:\Users\USER\Desktop\Verilog\Verilog\Scala\student.scala. Using presentation compiler with project's scala-library version: 3.3.6
2026.01.20 00:15:14 INFO  no build target found for C:\Users\USER\Desktop\Verilog\Verilog\Scala\student.scala. Using presentation compiler with project's scala-library version: 3.3.6
2026.01.20 00:15:14 INFO  no build target found for C:\Users\USER\Desktop\Verilog\Verilog\Scala\student.scala. Using presentation compiler with project's scala-library version: 3.3.6
2026.01.20 00:15:15 INFO  no build target found for C:\Users\USER\Desktop\Verilog\Verilog\Scala\student.scala. Using presentation compiler with project's scala-library version: 3.3.6
2026.01.20 00:15:15 WARN  no build target for: C:\Users\USER\Desktop\Verilog\Verilog\Scala\student.scala
2026.01.20 00:15:15 INFO  no build target found for C:\Users\USER\Desktop\Verilog\Verilog\Scala\student.scala. Using presentation compiler with project's scala-library version: 3.3.6
2026.01.20 00:15:14 INFO  skipping build import with status 'Failed'
2026.01.20 00:21:21 INFO  no build target found for C:\Users\USER\Desktop\Verilog\Verilog\Scala\student.scala. Using presentation compiler with project's scala-library version: 3.3.6
2026.01.20 00:21:21 INFO  no build target found for C:\Users\USER\Desktop\Verilog\Verilog\Scala\student.scala. Using presentation compiler with project's scala-library version: 3.3.6
2026.01.20 00:21:22 INFO  no build target found for C:\Users\USER\Desktop\Verilog\Verilog\Scala\student.scala. Using presentation compiler with project's scala-library version: 3.3.6
2026.01.20 00:21:22 INFO  no build target found for C:\Users\USER\Desktop\Verilog\Verilog\Scala\student.scala. Using presentation compiler with project's scala-library version: 3.3.6
1月 20, 2026 12:36:42 上午 org.eclipse.lsp4j.jsonrpc.services.GenericEndpoint notify
資訊: Unsupported notification method: $/setTrace
2026.01.20 00:36:58 INFO  no build target found for C:\Users\USER\Desktop\Verilog\Verilog\Scala\student.scala. Using presentation compiler with project's scala-library version: 3.3.6
2026.01.20 01:03:51 INFO  no build target found for C:\Users\USER\Desktop\Verilog\Verilog\Scala\operator.scala. Using presentation compiler with project's scala-library version: 3.3.6
2026.01.20 01:03:51 WARN  no build target for: C:\Users\USER\Desktop\Verilog\Verilog\Scala\operator.scala
2026.01.20 01:03:51 INFO  no build target found for C:\Users\USER\Desktop\Verilog\Verilog\Scala\operator.scala. Using presentation compiler with project's scala-library version: 3.3.6
2026.01.20 01:03:51 WARN  Could not find semantic tokens for: file:///C:/Users/USER/Desktop/Verilog/Verilog/Scala/operator.scala
2026.01.20 01:03:52 INFO  no build target found for C:\Users\USER\Desktop\Verilog\Verilog\Scala\student.scala. Using presentation compiler with project's scala-library version: 3.3.6
2026.01.20 01:04:09 INFO  no build target found for C:\Users\USER\Desktop\Verilog\Verilog\Scala\operator.scala. Using presentation compiler with project's scala-library version: 3.3.6
2026.01.20 01:04:09 INFO  no build target found for C:\Users\USER\Desktop\Verilog\Verilog\Scala\operator.scala. Using presentation compiler with project's scala-library version: 3.3.6
2026.01.20 01:04:09 INFO  no build target found for C:\Users\USER\Desktop\Verilog\Verilog\Scala\operator.scala. Using presentation compiler with project's scala-library version: 3.3.6
2026.01.20 01:04:09 INFO  no build target found for C:\Users\USER\Desktop\Verilog\Verilog\Scala\operator.scala. Using presentation compiler with project's scala-library version: 3.3.6
2026.01.20 01:04:09 WARN  Could not find semantic tokens for: file:///C:/Users/USER/Desktop/Verilog/Verilog/Scala/operator.scala
2026.01.20 01:04:09 INFO  no build target found for C:\Users\USER\Desktop\Verilog\Verilog\Scala\operator.scala. Using presentation compiler with project's scala-library version: 3.3.6
2026.01.20 01:04:09 INFO  no build target found for C:\Users\USER\Desktop\Verilog\Verilog\Scala\operator.scala. Using presentation compiler with project's scala-library version: 3.3.6
2026.01.20 01:04:09 INFO  no build target found for C:\Users\USER\Desktop\Verilog\Verilog\Scala\operator.scala. Using presentation compiler with project's scala-library version: 3.3.6
2026.01.20 01:04:10 INFO  no build target found for C:\Users\USER\Desktop\Verilog\Verilog\Scala\operator.scala. Using presentation compiler with project's scala-library version: 3.3.6
2026.01.20 01:04:09 INFO  no build target found for C:\Users\USER\Desktop\Verilog\Verilog\Scala\operator.scala. Using presentation compiler with project's scala-library version: 3.3.6
2026.01.20 01:04:09 INFO  no build target found for C:\Users\USER\Desktop\Verilog\Verilog\Scala\operator.scala. Using presentation compiler with project's scala-library version: 3.3.6
2026.01.20 01:04:11 INFO  no build target found for C:\Users\USER\Desktop\Verilog\Verilog\Scala\operator.scala. Using presentation compiler with project's scala-library version: 3.3.6
2026.01.20 01:04:11 INFO  no build target found for C:\Users\USER\Desktop\Verilog\Verilog\Scala\operator.scala. Using presentation compiler with project's scala-library version: 3.3.6
2026.01.20 01:04:11 INFO  no build target found for C:\Users\USER\Desktop\Verilog\Verilog\Scala\operator.scala. Using presentation compiler with project's scala-library version: 3.3.6
2026.01.20 01:04:11 INFO  no build target found for C:\Users\USER\Desktop\Verilog\Verilog\Scala\operator.scala. Using presentation compiler with project's scala-library version: 3.3.6
2026.01.20 01:04:11 WARN  Could not find semantic tokens for: file:///C:/Users/USER/Desktop/Verilog/Verilog/Scala/operator.scala
2026.01.20 01:04:11 INFO  no build target found for C:\Users\USER\Desktop\Verilog\Verilog\Scala\operator.scala. Using presentation compiler with project's scala-library version: 3.3.6
2026.01.20 01:04:11 INFO  no build target found for C:\Users\USER\Desktop\Verilog\Verilog\Scala\operator.scala. Using presentation compiler with project's scala-library version: 3.3.6
2026.01.20 01:04:11 INFO  no build target found for C:\Users\USER\Desktop\Verilog\Verilog\Scala\operator.scala. Using presentation compiler with project's scala-library version: 3.3.6
2026.01.20 01:04:11 INFO  no build target found for C:\Users\USER\Desktop\Verilog\Verilog\Scala\operator.scala. Using presentation compiler with project's scala-library version: 3.3.6
2026.01.20 01:04:11 WARN  Could not find semantic tokens for: file:///C:/Users/USER/Desktop/Verilog/Verilog/Scala/operator.scala
2026.01.20 01:04:11 INFO  no build target found for C:\Users\USER\Desktop\Verilog\Verilog\Scala\operator.scala. Using presentation compiler with project's scala-library version: 3.3.6
2026.01.20 01:04:12 INFO  no build target found for C:\Users\USER\Desktop\Verilog\Verilog\Scala\operator.scala. Using presentation compiler with project's scala-library version: 3.3.6
2026.01.20 01:04:12 INFO  no build target found for C:\Users\USER\Desktop\Verilog\Verilog\Scala\operator.scala. Using presentation compiler with project's scala-library version: 3.3.6
2026.01.20 01:04:11 INFO  no build target found for C:\Users\USER\Desktop\Verilog\Verilog\Scala\operator.scala. Using presentation compiler with project's scala-library version: 3.3.6
2026.01.20 01:04:13 INFO  no build target found for C:\Users\USER\Desktop\Verilog\Verilog\Scala\operator.scala. Using presentation compiler with project's scala-library version: 3.3.6
2026.01.20 01:04:13 WARN  Could not find semantic tokens for: file:///C:/Users/USER/Desktop/Verilog/Verilog/Scala/operator.scala
2026.01.20 01:04:13 INFO  no build target found for C:\Users\USER\Desktop\Verilog\Verilog\Scala\operator.scala. Using presentation compiler with project's scala-library version: 3.3.6
2026.01.20 01:04:13 INFO  no build target found for C:\Users\USER\Desktop\Verilog\Verilog\Scala\operator.scala. Using presentation compiler with project's scala-library version: 3.3.6
2026.01.20 01:04:13 INFO  no build target found for C:\Users\USER\Desktop\Verilog\Verilog\Scala\operator.scala. Using presentation compiler with project's scala-library version: 3.3.6
2026.01.20 01:04:13 WARN  Could not find semantic tokens for: file:///C:/Users/USER/Desktop/Verilog/Verilog/Scala/operator.scala
2026.01.20 01:04:14 INFO  no build target found for C:\Users\USER\Desktop\Verilog\Verilog\Scala\operator.scala. Using presentation compiler with project's scala-library version: 3.3.6
2026.01.20 01:04:14 INFO  no build target found for C:\Users\USER\Desktop\Verilog\Verilog\Scala\operator.scala. Using presentation compiler with project's scala-library version: 3.3.6
2026.01.20 01:04:14 INFO  no build target found for C:\Users\USER\Desktop\Verilog\Verilog\Scala\operator.scala. Using presentation compiler with project's scala-library version: 3.3.6
2026.01.20 01:04:14 INFO  no build target found for C:\Users\USER\Desktop\Verilog\Verilog\Scala\operator.scala. Using presentation compiler with project's scala-library version: 3.3.6
2026.01.20 01:04:14 INFO  no build target found for C:\Users\USER\Desktop\Verilog\Verilog\Scala\operator.scala. Using presentation compiler with project's scala-library version: 3.3.6
2026.01.20 01:04:15 INFO  no build target found for C:\Users\USER\Desktop\Verilog\Verilog\Scala\operator.scala. Using presentation compiler with project's scala-library version: 3.3.6
2026.01.20 01:04:15 INFO  no build target found for C:\Users\USER\Desktop\Verilog\Verilog\Scala\operator.scala. Using presentation compiler with project's scala-library version: 3.3.6
2026.01.20 01:04:15 INFO  no build target found for C:\Users\USER\Desktop\Verilog\Verilog\Scala\operator.scala. Using presentation compiler with project's scala-library version: 3.3.6
2026.01.20 01:04:16 INFO  no build target found for C:\Users\USER\Desktop\Verilog\Verilog\Scala\operator.scala. Using presentation compiler with project's scala-library version: 3.3.6
2026.01.20 01:04:16 INFO  no build target found for C:\Users\USER\Desktop\Verilog\Verilog\Scala\operator.scala. Using presentation compiler with project's scala-library version: 3.3.6
2026.01.20 01:04:15 INFO  no build target found for C:\Users\USER\Desktop\Verilog\Verilog\Scala\operator.scala. Using presentation compiler with project's scala-library version: 3.3.6
2026.01.20 01:04:16 INFO  no build target found for C:\Users\USER\Desktop\Verilog\Verilog\Scala\operator.scala. Using presentation compiler with project's scala-library version: 3.3.6
2026.01.20 01:04:16 INFO  no build target found for C:\Users\USER\Desktop\Verilog\Verilog\Scala\operator.scala. Using presentation compiler with project's scala-library version: 3.3.6
2026.01.20 01:04:16 INFO  no build target found for C:\Users\USER\Desktop\Verilog\Verilog\Scala\operator.scala. Using presentation compiler with project's scala-library version: 3.3.6
2026.01.20 01:04:17 INFO  no build target found for C:\Users\USER\Desktop\Verilog\Verilog\Scala\operator.scala. Using presentation compiler with project's scala-library version: 3.3.6
2026.01.20 01:04:16 INFO  no build target found for C:\Users\USER\Desktop\Verilog\Verilog\Scala\operator.scala. Using presentation compiler with project's scala-library version: 3.3.6
2026.01.20 01:04:16 INFO  no build target found for C:\Users\USER\Desktop\Verilog\Verilog\Scala\operator.scala. Using presentation compiler with project's scala-library version: 3.3.6
2026.01.20 01:04:16 INFO  no build target found for C:\Users\USER\Desktop\Verilog\Verilog\Scala\operator.scala. Using presentation compiler with project's scala-library version: 3.3.6
2026.01.20 01:04:17 INFO  no build target found for C:\Users\USER\Desktop\Verilog\Verilog\Scala\operator.scala. Using presentation compiler with project's scala-library version: 3.3.6
2026.01.20 01:04:17 INFO  no build target found for C:\Users\USER\Desktop\Verilog\Verilog\Scala\operator.scala. Using presentation compiler with project's scala-library version: 3.3.6
2026.01.20 01:04:16 INFO  no build target found for C:\Users\USER\Desktop\Verilog\Verilog\Scala\operator.scala. Using presentation compiler with project's scala-library version: 3.3.6
2026.01.20 01:04:17 INFO  no build target found for C:\Users\USER\Desktop\Verilog\Verilog\Scala\operator.scala. Using presentation compiler with project's scala-library version: 3.3.6
2026.01.20 01:04:18 INFO  no build target found for C:\Users\USER\Desktop\Verilog\Verilog\Scala\operator.scala. Using presentation compiler with project's scala-library version: 3.3.6
2026.01.20 01:04:18 INFO  no build target found for C:\Users\USER\Desktop\Verilog\Verilog\Scala\operator.scala. Using presentation compiler with project's scala-library version: 3.3.6
2026.01.20 01:04:17 INFO  no build target found for C:\Users\USER\Desktop\Verilog\Verilog\Scala\operator.scala. Using presentation compiler with project's scala-library version: 3.3.6
2026.01.20 01:04:17 INFO  no build target found for C:\Users\USER\Desktop\Verilog\Verilog\Scala\operator.scala. Using presentation compiler with project's scala-library version: 3.3.6
2026.01.20 01:04:18 INFO  no build target found for C:\Users\USER\Desktop\Verilog\Verilog\Scala\operator.scala. Using presentation compiler with project's scala-library version: 3.3.6
2026.01.20 01:04:18 INFO  no build target found for C:\Users\USER\Desktop\Verilog\Verilog\Scala\operator.scala. Using presentation compiler with project's scala-library version: 3.3.6
2026.01.20 01:04:17 INFO  no build target found for C:\Users\USER\Desktop\Verilog\Verilog\Scala\operator.scala. Using presentation compiler with project's scala-library version: 3.3.6
2026.01.20 01:04:18 INFO  no build target found for C:\Users\USER\Desktop\Verilog\Verilog\Scala\operator.scala. Using presentation compiler with project's scala-library version: 3.3.6
2026.01.20 01:04:18 INFO  no build target found for C:\Users\USER\Desktop\Verilog\Verilog\Scala\operator.scala. Using presentation compiler with project's scala-library version: 3.3.6
2026.01.20 01:04:17 INFO  no build target found for C:\Users\USER\Desktop\Verilog\Verilog\Scala\operator.scala. Using presentation compiler with project's scala-library version: 3.3.6
2026.01.20 01:04:19 INFO  no build target found for C:\Users\USER\Desktop\Verilog\Verilog\Scala\operator.scala. Using presentation compiler with project's scala-library version: 3.3.6
2026.01.20 01:04:19 INFO  no build target found for C:\Users\USER\Desktop\Verilog\Verilog\Scala\operator.scala. Using presentation compiler with project's scala-library version: 3.3.6
2026.01.20 01:04:19 INFO  no build target found for C:\Users\USER\Desktop\Verilog\Verilog\Scala\operator.scala. Using presentation compiler with project's scala-library version: 3.3.6
2026.01.20 01:04:19 INFO  no build target found for C:\Users\USER\Desktop\Verilog\Verilog\Scala\operator.scala. Using presentation compiler with project's scala-library version: 3.3.6
2026.01.20 01:04:19 INFO  no build target found for C:\Users\USER\Desktop\Verilog\Verilog\Scala\operator.scala. Using presentation compiler with project's scala-library version: 3.3.6
2026.01.20 01:04:19 INFO  no build target found for C:\Users\USER\Desktop\Verilog\Verilog\Scala\operator.scala. Using presentation compiler with project's scala-library version: 3.3.6
2026.01.20 01:04:19 INFO  no build target found for C:\Users\USER\Desktop\Verilog\Verilog\Scala\operator.scala. Using presentation compiler with project's scala-library version: 3.3.6
2026.01.20 01:04:19 INFO  no build target found for C:\Users\USER\Desktop\Verilog\Verilog\Scala\operator.scala. Using presentation compiler with project's scala-library version: 3.3.6
2026.01.20 01:04:19 INFO  no build target found for C:\Users\USER\Desktop\Verilog\Verilog\Scala\operator.scala. Using presentation compiler with project's scala-library version: 3.3.6
2026.01.20 01:04:20 INFO  no build target found for C:\Users\USER\Desktop\Verilog\Verilog\Scala\operator.scala. Using presentation compiler with project's scala-library version: 3.3.6
2026.01.20 01:04:20 INFO  no build target found for C:\Users\USER\Desktop\Verilog\Verilog\Scala\operator.scala. Using presentation compiler with project's scala-library version: 3.3.6
2026.01.20 01:04:20 INFO  no build target found for C:\Users\USER\Desktop\Verilog\Verilog\Scala\operator.scala. Using presentation compiler with project's scala-library version: 3.3.6
2026.01.20 01:04:20 INFO  no build target found for C:\Users\USER\Desktop\Verilog\Verilog\Scala\operator.scala. Using presentation compiler with project's scala-library version: 3.3.6
2026.01.20 01:04:20 INFO  no build target found for C:\Users\USER\Desktop\Verilog\Verilog\Scala\operator.scala. Using presentation compiler with project's scala-library version: 3.3.6
2026.01.20 01:04:21 INFO  no build target found for C:\Users\USER\Desktop\Verilog\Verilog\Scala\operator.scala. Using presentation compiler with project's scala-library version: 3.3.6
2026.01.20 01:04:21 INFO  no build target found for C:\Users\USER\Desktop\Verilog\Verilog\Scala\operator.scala. Using presentation compiler with project's scala-library version: 3.3.6
2026.01.20 01:04:21 INFO  no build target found for C:\Users\USER\Desktop\Verilog\Verilog\Scala\operator.scala. Using presentation compiler with project's scala-library version: 3.3.6
2026.01.20 01:04:21 INFO  no build target found for C:\Users\USER\Desktop\Verilog\Verilog\Scala\operator.scala. Using presentation compiler with project's scala-library version: 3.3.6
2026.01.20 01:04:21 INFO  no build target found for C:\Users\USER\Desktop\Verilog\Verilog\Scala\operator.scala. Using presentation compiler with project's scala-library version: 3.3.6
1月 20, 2026 1:04:21 上午 org.eclipse.lsp4j.jsonrpc.RemoteEndpoint handleCancellation
警告: Unmatched cancel notification for request id 215
2026.01.20 01:04:21 INFO  no build target found for C:\Users\USER\Desktop\Verilog\Verilog\Scala\operator.scala. Using presentation compiler with project's scala-library version: 3.3.6
2026.01.20 01:04:21 INFO  no build target found for C:\Users\USER\Desktop\Verilog\Verilog\Scala\operator.scala. Using presentation compiler with project's scala-library version: 3.3.6
2026.01.20 01:04:21 INFO  no build target found for C:\Users\USER\Desktop\Verilog\Verilog\Scala\operator.scala. Using presentation compiler with project's scala-library version: 3.3.6
2026.01.20 01:04:22 INFO  no build target found for C:\Users\USER\Desktop\Verilog\Verilog\Scala\operator.scala. Using presentation compiler with project's scala-library version: 3.3.6
2026.01.20 01:04:21 INFO  no build target found for C:\Users\USER\Desktop\Verilog\Verilog\Scala\operator.scala. Using presentation compiler with project's scala-library version: 3.3.6
2026.01.20 01:04:22 INFO  no build target found for C:\Users\USER\Desktop\Verilog\Verilog\Scala\operator.scala. Using presentation compiler with project's scala-library version: 3.3.6
2026.01.20 01:04:21 INFO  no build target found for C:\Users\USER\Desktop\Verilog\Verilog\Scala\operator.scala. Using presentation compiler with project's scala-library version: 3.3.6
2026.01.20 01:04:22 INFO  no build target found for C:\Users\USER\Desktop\Verilog\Verilog\Scala\operator.scala. Using presentation compiler with project's scala-library version: 3.3.6
2026.01.20 01:04:23 INFO  no build target found for C:\Users\USER\Desktop\Verilog\Verilog\Scala\operator.scala. Using presentation compiler with project's scala-library version: 3.3.6
2026.01.20 01:04:23 INFO  no build target found for C:\Users\USER\Desktop\Verilog\Verilog\Scala\operator.scala. Using presentation compiler with project's scala-library version: 3.3.6
2026.01.20 01:04:23 INFO  no build target found for C:\Users\USER\Desktop\Verilog\Verilog\Scala\operator.scala. Using presentation compiler with project's scala-library version: 3.3.6
2026.01.20 01:04:23 INFO  no build target found for C:\Users\USER\Desktop\Verilog\Verilog\Scala\operator.scala. Using presentation compiler with project's scala-library version: 3.3.6
2026.01.20 01:04:23 INFO  no build target found for C:\Users\USER\Desktop\Verilog\Verilog\Scala\operator.scala. Using presentation compiler with project's scala-library version: 3.3.6
2026.01.20 01:04:23 INFO  no build target found for C:\Users\USER\Desktop\Verilog\Verilog\Scala\operator.scala. Using presentation compiler with project's scala-library version: 3.3.6
2026.01.20 01:04:23 INFO  no build target found for C:\Users\USER\Desktop\Verilog\Verilog\Scala\operator.scala. Using presentation compiler with project's scala-library version: 3.3.6
2026.01.20 01:04:24 INFO  no build target found for C:\Users\USER\Desktop\Verilog\Verilog\Scala\operator.scala. Using presentation compiler with project's scala-library version: 3.3.6
2026.01.20 01:04:23 INFO  no build target found for C:\Users\USER\Desktop\Verilog\Verilog\Scala\operator.scala. Using presentation compiler with project's scala-library version: 3.3.6
2026.01.20 01:04:24 INFO  no build target found for C:\Users\USER\Desktop\Verilog\Verilog\Scala\operator.scala. Using presentation compiler with project's scala-library version: 3.3.6
2026.01.20 01:04:28 INFO  no build target found for C:\Users\USER\Desktop\Verilog\Verilog\Scala\operator.scala. Using presentation compiler with project's scala-library version: 3.3.6
2026.01.20 01:04:28 INFO  no build target found for C:\Users\USER\Desktop\Verilog\Verilog\Scala\operator.scala. Using presentation compiler with project's scala-library version: 3.3.6
2026.01.20 01:04:28 INFO  no build target found for C:\Users\USER\Desktop\Verilog\Verilog\Scala\operator.scala. Using presentation compiler with project's scala-library version: 3.3.6
2026.01.20 01:04:28 INFO  no build target found for C:\Users\USER\Desktop\Verilog\Verilog\Scala\operator.scala. Using presentation compiler with project's scala-library version: 3.3.6
2026.01.20 01:04:28 INFO  no build target found for C:\Users\USER\Desktop\Verilog\Verilog\Scala\operator.scala. Using presentation compiler with project's scala-library version: 3.3.6
2026.01.20 01:04:29 INFO  no build target found for C:\Users\USER\Desktop\Verilog\Verilog\Scala\operator.scala. Using presentation compiler with project's scala-library version: 3.3.6
2026.01.20 01:04:29 INFO  no build target found for C:\Users\USER\Desktop\Verilog\Verilog\Scala\operator.scala. Using presentation compiler with project's scala-library version: 3.3.6
2026.01.20 01:04:29 INFO  no build target found for C:\Users\USER\Desktop\Verilog\Verilog\Scala\operator.scala. Using presentation compiler with project's scala-library version: 3.3.6
2026.01.20 01:04:29 INFO  no build target found for C:\Users\USER\Desktop\Verilog\Verilog\Scala\operator.scala. Using presentation compiler with project's scala-library version: 3.3.6
2026.01.20 01:04:29 WARN  no build target for: C:\Users\USER\Desktop\Verilog\Verilog\Scala\operator.scala
2026.01.20 01:04:28 INFO  no build target found for C:\Users\USER\Desktop\Verilog\Verilog\Scala\operator.scala. Using presentation compiler with project's scala-library version: 3.3.6
2026.01.20 01:04:29 INFO  skipping build import with status 'Failed'
2026.01.20 01:04:29 INFO  no build target found for C:\Users\USER\Desktop\Verilog\Verilog\Scala\operator.scala. Using presentation compiler with project's scala-library version: 3.3.6
2026.01.20 01:04:29 INFO  no build target found for C:\Users\USER\Desktop\Verilog\Verilog\Scala\operator.scala. Using presentation compiler with project's scala-library version: 3.3.6
2026.01.20 01:04:30 INFO  no build target found for C:\Users\USER\Desktop\Verilog\Verilog\Scala\operator.scala. Using presentation compiler with project's scala-library version: 3.3.6
2026.01.20 01:04:30 INFO  no build target found for C:\Users\USER\Desktop\Verilog\Verilog\Scala\operator.scala. Using presentation compiler with project's scala-library version: 3.3.6
2026.01.20 01:04:32 INFO  no build target found for C:\Users\USER\Desktop\Verilog\Verilog\Scala\operator.scala. Using presentation compiler with project's scala-library version: 3.3.6
2026.01.20 01:04:32 INFO  no build target found for C:\Users\USER\Desktop\Verilog\Verilog\Scala\operator.scala. Using presentation compiler with project's scala-library version: 3.3.6
2026.01.20 01:04:33 INFO  no build target found for C:\Users\USER\Desktop\Verilog\Verilog\Scala\operator.scala. Using presentation compiler with project's scala-library version: 3.3.6
2026.01.20 01:04:33 INFO  no build target found for C:\Users\USER\Desktop\Verilog\Verilog\Scala\operator.scala. Using presentation compiler with project's scala-library version: 3.3.6
2026.01.20 01:04:33 INFO  no build target found for C:\Users\USER\Desktop\Verilog\Verilog\Scala\operator.scala. Using presentation compiler with project's scala-library version: 3.3.6
2026.01.20 01:04:33 INFO  no build target found for C:\Users\USER\Desktop\Verilog\Verilog\Scala\operator.scala. Using presentation compiler with project's scala-library version: 3.3.6
1月 20, 2026 1:04:33 上午 org.eclipse.lsp4j.jsonrpc.RemoteEndpoint handleCancellation
警告: Unmatched cancel notification for request id 288
2026.01.20 01:04:33 INFO  no build target found for C:\Users\USER\Desktop\Verilog\Verilog\Scala\operator.scala. Using presentation compiler with project's scala-library version: 3.3.6
2026.01.20 01:04:34 INFO  no build target found for C:\Users\USER\Desktop\Verilog\Verilog\Scala\operator.scala. Using presentation compiler with project's scala-library version: 3.3.6
2026.01.20 01:04:34 INFO  no build target found for C:\Users\USER\Desktop\Verilog\Verilog\Scala\operator.scala. Using presentation compiler with project's scala-library version: 3.3.6
2026.01.20 01:04:34 INFO  no build target found for C:\Users\USER\Desktop\Verilog\Verilog\Scala\operator.scala. Using presentation compiler with project's scala-library version: 3.3.6
2026.01.20 01:04:34 INFO  no build target found for C:\Users\USER\Desktop\Verilog\Verilog\Scala\operator.scala. Using presentation compiler with project's scala-library version: 3.3.6
2026.01.20 01:04:34 INFO  no build target found for C:\Users\USER\Desktop\Verilog\Verilog\Scala\operator.scala. Using presentation compiler with project's scala-library version: 3.3.6
2026.01.20 01:04:35 INFO  no build target found for C:\Users\USER\Desktop\Verilog\Verilog\Scala\operator.scala. Using presentation compiler with project's scala-library version: 3.3.6
2026.01.20 01:04:34 INFO  no build target found for C:\Users\USER\Desktop\Verilog\Verilog\Scala\operator.scala. Using presentation compiler with project's scala-library version: 3.3.6
2026.01.20 01:04:34 INFO  no build target found for C:\Users\USER\Desktop\Verilog\Verilog\Scala\operator.scala. Using presentation compiler with project's scala-library version: 3.3.6
2026.01.20 01:04:34 INFO  no build target found for C:\Users\USER\Desktop\Verilog\Verilog\Scala\operator.scala. Using presentation compiler with project's scala-library version: 3.3.6
2026.01.20 01:04:35 INFO  no build target found for C:\Users\USER\Desktop\Verilog\Verilog\Scala\operator.scala. Using presentation compiler with project's scala-library version: 3.3.6
2026.01.20 01:04:36 INFO  no build target found for C:\Users\USER\Desktop\Verilog\Verilog\Scala\operator.scala. Using presentation compiler with project's scala-library version: 3.3.6
2026.01.20 01:04:35 INFO  no build target found for C:\Users\USER\Desktop\Verilog\Verilog\Scala\operator.scala. Using presentation compiler with project's scala-library version: 3.3.6
2026.01.20 01:04:36 INFO  no build target found for C:\Users\USER\Desktop\Verilog\Verilog\Scala\operator.scala. Using presentation compiler with project's scala-library version: 3.3.6
2026.01.20 01:04:35 INFO  no build target found for C:\Users\USER\Desktop\Verilog\Verilog\Scala\operator.scala. Using presentation compiler with project's scala-library version: 3.3.6
2026.01.20 01:04:36 INFO  no build target found for C:\Users\USER\Desktop\Verilog\Verilog\Scala\operator.scala. Using presentation compiler with project's scala-library version: 3.3.6
2026.01.20 01:04:36 WARN  no build target for: C:\Users\USER\Desktop\Verilog\Verilog\Scala\operator.scala
2026.01.20 01:04:36 INFO  skipping build import with status 'Failed'
2026.01.20 01:04:35 INFO  no build target found for C:\Users\USER\Desktop\Verilog\Verilog\Scala\operator.scala. Using presentation compiler with project's scala-library version: 3.3.6
2026.01.20 01:04:36 INFO  no build target found for C:\Users\USER\Desktop\Verilog\Verilog\Scala\operator.scala. Using presentation compiler with project's scala-library version: 3.3.6
2026.01.20 01:04:37 INFO  no build target found for C:\Users\USER\Desktop\Verilog\Verilog\Scala\operator.scala. Using presentation compiler with project's scala-library version: 3.3.6
2026.01.20 01:04:37 INFO  no build target found for C:\Users\USER\Desktop\Verilog\Verilog\Scala\operator.scala. Using presentation compiler with project's scala-library version: 3.3.6
2026.01.20 01:04:37 INFO  no build target found for C:\Users\USER\Desktop\Verilog\Verilog\Scala\operator.scala. Using presentation compiler with project's scala-library version: 3.3.6
2026.01.20 01:04:38 INFO  no build target found for C:\Users\USER\Desktop\Verilog\Verilog\Scala\operator.scala. Using presentation compiler with project's scala-library version: 3.3.6
2026.01.20 01:04:40 INFO  no build target found for C:\Users\USER\Desktop\Verilog\Verilog\Scala\operator.scala. Using presentation compiler with project's scala-library version: 3.3.6
2026.01.20 01:04:40 WARN  no build target for: C:\Users\USER\Desktop\Verilog\Verilog\Scala\operator.scala
2026.01.20 01:04:40 INFO  no build target found for C:\Users\USER\Desktop\Verilog\Verilog\Scala\operator.scala. Using presentation compiler with project's scala-library version: 3.3.6
2026.01.20 01:04:40 INFO  skipping build import with status 'Failed'
2026.01.20 01:04:40 INFO  no build target found for C:\Users\USER\Desktop\Verilog\Verilog\Scala\operator.scala. Using presentation compiler with project's scala-library version: 3.3.6
2026.01.20 01:04:40 INFO  no build target found for C:\Users\USER\Desktop\Verilog\Verilog\Scala\operator.scala. Using presentation compiler with project's scala-library version: 3.3.6
2026.01.20 01:04:40 INFO  no build target found for C:\Users\USER\Desktop\Verilog\Verilog\Scala\operator.scala. Using presentation compiler with project's scala-library version: 3.3.6
2026.01.20 01:04:40 INFO  no build target found for C:\Users\USER\Desktop\Verilog\Verilog\Scala\operator.scala. Using presentation compiler with project's scala-library version: 3.3.6
2026.01.20 01:04:41 INFO  no build target found for C:\Users\USER\Desktop\Verilog\Verilog\Scala\operator.scala. Using presentation compiler with project's scala-library version: 3.3.6
2026.01.20 01:04:42 INFO  no build target found for C:\Users\USER\Desktop\Verilog\Verilog\Scala\operator.scala. Using presentation compiler with project's scala-library version: 3.3.6
2026.01.20 01:04:42 INFO  no build target found for C:\Users\USER\Desktop\Verilog\Verilog\Scala\operator.scala. Using presentation compiler with project's scala-library version: 3.3.6
2026.01.20 01:04:42 INFO  no build target found for C:\Users\USER\Desktop\Verilog\Verilog\Scala\operator.scala. Using presentation compiler with project's scala-library version: 3.3.6
2026.01.20 01:04:42 INFO  no build target found for C:\Users\USER\Desktop\Verilog\Verilog\Scala\operator.scala. Using presentation compiler with project's scala-library version: 3.3.6
2026.01.20 01:04:42 INFO  no build target found for C:\Users\USER\Desktop\Verilog\Verilog\Scala\operator.scala. Using presentation compiler with project's scala-library version: 3.3.6
2026.01.20 01:04:44 INFO  no build target found for C:\Users\USER\Desktop\Verilog\Verilog\Scala\operator.scala. Using presentation compiler with project's scala-library version: 3.3.6
2026.01.20 01:04:44 INFO  no build target found for C:\Users\USER\Desktop\Verilog\Verilog\Scala\operator.scala. Using presentation compiler with project's scala-library version: 3.3.6
2026.01.20 01:04:44 INFO  no build target found for C:\Users\USER\Desktop\Verilog\Verilog\Scala\operator.scala. Using presentation compiler with project's scala-library version: 3.3.6
2026.01.20 01:04:44 WARN  Could not find semantic tokens for: file:///C:/Users/USER/Desktop/Verilog/Verilog/Scala/operator.scala
2026.01.20 01:04:49 INFO  no build target found for C:\Users\USER\Desktop\Verilog\Verilog\Scala\operator.scala. Using presentation compiler with project's scala-library version: 3.3.6
2026.01.20 01:04:49 INFO  no build target found for C:\Users\USER\Desktop\Verilog\Verilog\Scala\operator.scala. Using presentation compiler with project's scala-library version: 3.3.6
2026.01.20 01:04:49 INFO  no build target found for C:\Users\USER\Desktop\Verilog\Verilog\Scala\operator.scala. Using presentation compiler with project's scala-library version: 3.3.6
2026.01.20 01:04:49 INFO  no build target found for C:\Users\USER\Desktop\Verilog\Verilog\Scala\operator.scala. Using presentation compiler with project's scala-library version: 3.3.6
2026.01.20 01:04:49 INFO  no build target found for C:\Users\USER\Desktop\Verilog\Verilog\Scala\operator.scala. Using presentation compiler with project's scala-library version: 3.3.6
2026.01.20 01:04:49 INFO  no build target found for C:\Users\USER\Desktop\Verilog\Verilog\Scala\operator.scala. Using presentation compiler with project's scala-library version: 3.3.6
2026.01.20 01:04:50 INFO  no build target found for C:\Users\USER\Desktop\Verilog\Verilog\Scala\operator.scala. Using presentation compiler with project's scala-library version: 3.3.6
2026.01.20 01:04:50 INFO  no build target found for C:\Users\USER\Desktop\Verilog\Verilog\Scala\operator.scala. Using presentation compiler with project's scala-library version: 3.3.6
2026.01.20 01:04:50 INFO  no build target found for C:\Users\USER\Desktop\Verilog\Verilog\Scala\operator.scala. Using presentation compiler with project's scala-library version: 3.3.6
2026.01.20 01:04:50 INFO  no build target found for C:\Users\USER\Desktop\Verilog\Verilog\Scala\operator.scala. Using presentation compiler with project's scala-library version: 3.3.6
2026.01.20 01:04:50 INFO  no build target found for C:\Users\USER\Desktop\Verilog\Verilog\Scala\operator.scala. Using presentation compiler with project's scala-library version: 3.3.6
2026.01.20 01:04:51 INFO  no build target found for C:\Users\USER\Desktop\Verilog\Verilog\Scala\operator.scala. Using presentation compiler with project's scala-library version: 3.3.6
2026.01.20 01:04:51 INFO  no build target found for C:\Users\USER\Desktop\Verilog\Verilog\Scala\operator.scala. Using presentation compiler with project's scala-library version: 3.3.6
2026.01.20 01:04:51 INFO  no build target found for C:\Users\USER\Desktop\Verilog\Verilog\Scala\operator.scala. Using presentation compiler with project's scala-library version: 3.3.6
2026.01.20 01:04:51 INFO  no build target found for C:\Users\USER\Desktop\Verilog\Verilog\Scala\operator.scala. Using presentation compiler with project's scala-library version: 3.3.6
2026.01.20 01:04:51 INFO  no build target found for C:\Users\USER\Desktop\Verilog\Verilog\Scala\operator.scala. Using presentation compiler with project's scala-library version: 3.3.6
2026.01.20 01:04:51 INFO  no build target found for C:\Users\USER\Desktop\Verilog\Verilog\Scala\operator.scala. Using presentation compiler with project's scala-library version: 3.3.6
2026.01.20 01:04:51 INFO  no build target found for C:\Users\USER\Desktop\Verilog\Verilog\Scala\operator.scala. Using presentation compiler with project's scala-library version: 3.3.6
2026.01.20 01:04:51 INFO  no build target found for C:\Users\USER\Desktop\Verilog\Verilog\Scala\operator.scala. Using presentation compiler with project's scala-library version: 3.3.6
2026.01.20 01:04:51 WARN  Could not find semantic tokens for: file:///C:/Users/USER/Desktop/Verilog/Verilog/Scala/operator.scala
2026.01.20 01:04:51 INFO  no build target found for C:\Users\USER\Desktop\Verilog\Verilog\Scala\operator.scala. Using presentation compiler with project's scala-library version: 3.3.6
2026.01.20 01:04:51 INFO  no build target found for C:\Users\USER\Desktop\Verilog\Verilog\Scala\operator.scala. Using presentation compiler with project's scala-library version: 3.3.6
2026.01.20 01:04:55 INFO  no build target found for C:\Users\USER\Desktop\Verilog\Verilog\Scala\operator.scala. Using presentation compiler with project's scala-library version: 3.3.6
2026.01.20 01:04:55 INFO  no build target found for C:\Users\USER\Desktop\Verilog\Verilog\Scala\operator.scala. Using presentation compiler with project's scala-library version: 3.3.6
2026.01.20 01:04:55 INFO  no build target found for C:\Users\USER\Desktop\Verilog\Verilog\Scala\operator.scala. Using presentation compiler with project's scala-library version: 3.3.6
2026.01.20 01:04:56 INFO  no build target found for C:\Users\USER\Desktop\Verilog\Verilog\Scala\operator.scala. Using presentation compiler with project's scala-library version: 3.3.6
2026.01.20 01:04:55 INFO  no build target found for C:\Users\USER\Desktop\Verilog\Verilog\Scala\operator.scala. Using presentation compiler with project's scala-library version: 3.3.6
2026.01.20 01:04:55 INFO  no build target found for C:\Users\USER\Desktop\Verilog\Verilog\Scala\operator.scala. Using presentation compiler with project's scala-library version: 3.3.6
2026.01.20 01:04:55 INFO  no build target found for C:\Users\USER\Desktop\Verilog\Verilog\Scala\operator.scala. Using presentation compiler with project's scala-library version: 3.3.6
2026.01.20 01:04:56 INFO  no build target found for C:\Users\USER\Desktop\Verilog\Verilog\Scala\operator.scala. Using presentation compiler with project's scala-library version: 3.3.6
2026.01.20 01:04:55 INFO  no build target found for C:\Users\USER\Desktop\Verilog\Verilog\Scala\operator.scala. Using presentation compiler with project's scala-library version: 3.3.6
2026.01.20 01:04:57 INFO  no build target found for C:\Users\USER\Desktop\Verilog\Verilog\Scala\operator.scala. Using presentation compiler with project's scala-library version: 3.3.6
2026.01.20 01:04:56 INFO  no build target found for C:\Users\USER\Desktop\Verilog\Verilog\Scala\operator.scala. Using presentation compiler with project's scala-library version: 3.3.6
2026.01.20 01:04:57 INFO  no build target found for C:\Users\USER\Desktop\Verilog\Verilog\Scala\operator.scala. Using presentation compiler with project's scala-library version: 3.3.6
2026.01.20 01:04:57 INFO  no build target found for C:\Users\USER\Desktop\Verilog\Verilog\Scala\operator.scala. Using presentation compiler with project's scala-library version: 3.3.6
2026.01.20 01:04:57 INFO  no build target found for C:\Users\USER\Desktop\Verilog\Verilog\Scala\operator.scala. Using presentation compiler with project's scala-library version: 3.3.6
2026.01.20 01:04:57 INFO  no build target found for C:\Users\USER\Desktop\Verilog\Verilog\Scala\operator.scala. Using presentation compiler with project's scala-library version: 3.3.6
2026.01.20 01:04:57 INFO  no build target found for C:\Users\USER\Desktop\Verilog\Verilog\Scala\operator.scala. Using presentation compiler with project's scala-library version: 3.3.6
2026.01.20 01:04:57 INFO  no build target found for C:\Users\USER\Desktop\Verilog\Verilog\Scala\operator.scala. Using presentation compiler with project's scala-library version: 3.3.6
2026.01.20 01:04:57 INFO  no build target found for C:\Users\USER\Desktop\Verilog\Verilog\Scala\operator.scala. Using presentation compiler with project's scala-library version: 3.3.6
2026.01.20 01:04:58 INFO  no build target found for C:\Users\USER\Desktop\Verilog\Verilog\Scala\operator.scala. Using presentation compiler with project's scala-library version: 3.3.6
2026.01.20 01:04:58 INFO  no build target found for C:\Users\USER\Desktop\Verilog\Verilog\Scala\operator.scala. Using presentation compiler with project's scala-library version: 3.3.6
2026.01.20 01:04:58 INFO  no build target found for C:\Users\USER\Desktop\Verilog\Verilog\Scala\operator.scala. Using presentation compiler with project's scala-library version: 3.3.6
2026.01.20 01:04:58 WARN  Could not find semantic tokens for: file:///C:/Users/USER/Desktop/Verilog/Verilog/Scala/operator.scala
2026.01.20 01:05:07 INFO  no build target found for C:\Users\USER\Desktop\Verilog\Verilog\Scala\operator.scala. Using presentation compiler with project's scala-library version: 3.3.6
2026.01.20 01:05:07 INFO  no build target found for C:\Users\USER\Desktop\Verilog\Verilog\Scala\operator.scala. Using presentation compiler with project's scala-library version: 3.3.6
2026.01.20 01:05:07 INFO  no build target found for C:\Users\USER\Desktop\Verilog\Verilog\Scala\operator.scala. Using presentation compiler with project's scala-library version: 3.3.6
2026.01.20 01:05:07 INFO  no build target found for C:\Users\USER\Desktop\Verilog\Verilog\Scala\operator.scala. Using presentation compiler with project's scala-library version: 3.3.6
2026.01.20 01:05:07 INFO  no build target found for C:\Users\USER\Desktop\Verilog\Verilog\Scala\operator.scala. Using presentation compiler with project's scala-library version: 3.3.6
2026.01.20 01:05:07 INFO  no build target found for C:\Users\USER\Desktop\Verilog\Verilog\Scala\operator.scala. Using presentation compiler with project's scala-library version: 3.3.6
2026.01.20 01:05:07 INFO  no build target found for C:\Users\USER\Desktop\Verilog\Verilog\Scala\operator.scala. Using presentation compiler with project's scala-library version: 3.3.6
2026.01.20 01:05:07 INFO  no build target found for C:\Users\USER\Desktop\Verilog\Verilog\Scala\operator.scala. Using presentation compiler with project's scala-library version: 3.3.6
2026.01.20 01:05:07 INFO  no build target found for C:\Users\USER\Desktop\Verilog\Verilog\Scala\operator.scala. Using presentation compiler with project's scala-library version: 3.3.6
2026.01.20 01:05:07 INFO  no build target found for C:\Users\USER\Desktop\Verilog\Verilog\Scala\operator.scala. Using presentation compiler with project's scala-library version: 3.3.6
2026.01.20 01:05:07 INFO  no build target found for C:\Users\USER\Desktop\Verilog\Verilog\Scala\operator.scala. Using presentation compiler with project's scala-library version: 3.3.6
2026.01.20 01:05:08 INFO  no build target found for C:\Users\USER\Desktop\Verilog\Verilog\Scala\operator.scala. Using presentation compiler with project's scala-library version: 3.3.6
2026.01.20 01:05:07 INFO  no build target found for C:\Users\USER\Desktop\Verilog\Verilog\Scala\operator.scala. Using presentation compiler with project's scala-library version: 3.3.6
2026.01.20 01:05:08 INFO  no build target found for C:\Users\USER\Desktop\Verilog\Verilog\Scala\operator.scala. Using presentation compiler with project's scala-library version: 3.3.6
2026.01.20 01:05:08 INFO  no build target found for C:\Users\USER\Desktop\Verilog\Verilog\Scala\operator.scala. Using presentation compiler with project's scala-library version: 3.3.6
2026.01.20 01:05:08 INFO  no build target found for C:\Users\USER\Desktop\Verilog\Verilog\Scala\operator.scala. Using presentation compiler with project's scala-library version: 3.3.6
2026.01.20 01:05:08 INFO  no build target found for C:\Users\USER\Desktop\Verilog\Verilog\Scala\operator.scala. Using presentation compiler with project's scala-library version: 3.3.6
2026.01.20 01:05:07 INFO  no build target found for C:\Users\USER\Desktop\Verilog\Verilog\Scala\operator.scala. Using presentation compiler with project's scala-library version: 3.3.6
2026.01.20 01:05:08 INFO  no build target found for C:\Users\USER\Desktop\Verilog\Verilog\Scala\operator.scala. Using presentation compiler with project's scala-library version: 3.3.6
2026.01.20 01:05:08 INFO  no build target found for C:\Users\USER\Desktop\Verilog\Verilog\Scala\operator.scala. Using presentation compiler with project's scala-library version: 3.3.6
2026.01.20 01:05:08 INFO  no build target found for C:\Users\USER\Desktop\Verilog\Verilog\Scala\operator.scala. Using presentation compiler with project's scala-library version: 3.3.6
2026.01.20 01:05:09 INFO  no build target found for C:\Users\USER\Desktop\Verilog\Verilog\Scala\operator.scala. Using presentation compiler with project's scala-library version: 3.3.6
2026.01.20 01:05:09 INFO  no build target found for C:\Users\USER\Desktop\Verilog\Verilog\Scala\operator.scala. Using presentation compiler with project's scala-library version: 3.3.6
2026.01.20 01:05:08 INFO  no build target found for C:\Users\USER\Desktop\Verilog\Verilog\Scala\operator.scala. Using presentation compiler with project's scala-library version: 3.3.6
2026.01.20 01:05:12 INFO  no build target found for C:\Users\USER\Desktop\Verilog\Verilog\Scala\operator.scala. Using presentation compiler with project's scala-library version: 3.3.6
2026.01.20 01:05:12 INFO  no build target found for C:\Users\USER\Desktop\Verilog\Verilog\Scala\operator.scala. Using presentation compiler with project's scala-library version: 3.3.6
2026.01.20 01:05:12 INFO  no build target found for C:\Users\USER\Desktop\Verilog\Verilog\Scala\operator.scala. Using presentation compiler with project's scala-library version: 3.3.6
2026.01.20 01:05:12 INFO  no build target found for C:\Users\USER\Desktop\Verilog\Verilog\Scala\operator.scala. Using presentation compiler with project's scala-library version: 3.3.6
1月 20, 2026 1:05:12 上午 org.eclipse.lsp4j.jsonrpc.RemoteEndpoint handleCancellation
警告: Unmatched cancel notification for request id 465
2026.01.20 01:05:12 INFO  no build target found for C:\Users\USER\Desktop\Verilog\Verilog\Scala\operator.scala. Using presentation compiler with project's scala-library version: 3.3.6
2026.01.20 01:05:12 INFO  no build target found for C:\Users\USER\Desktop\Verilog\Verilog\Scala\operator.scala. Using presentation compiler with project's scala-library version: 3.3.6
2026.01.20 01:05:12 INFO  no build target found for C:\Users\USER\Desktop\Verilog\Verilog\Scala\operator.scala. Using presentation compiler with project's scala-library version: 3.3.6
2026.01.20 01:05:15 INFO  no build target found for C:\Users\USER\Desktop\Verilog\Verilog\Scala\operator.scala. Using presentation compiler with project's scala-library version: 3.3.6
2026.01.20 01:05:15 INFO  no build target found for C:\Users\USER\Desktop\Verilog\Verilog\Scala\operator.scala. Using presentation compiler with project's scala-library version: 3.3.6
2026.01.20 01:05:35 INFO  no build target found for C:\Users\USER\Desktop\Verilog\Verilog\Scala\operator.scala. Using presentation compiler with project's scala-library version: 3.3.6
2026.01.20 01:05:35 INFO  no build target found for C:\Users\USER\Desktop\Verilog\Verilog\Scala\operator.scala. Using presentation compiler with project's scala-library version: 3.3.6
2026.01.20 01:05:35 INFO  no build target found for C:\Users\USER\Desktop\Verilog\Verilog\Scala\operator.scala. Using presentation compiler with project's scala-library version: 3.3.6
2026.01.20 01:05:36 INFO  no build target found for C:\Users\USER\Desktop\Verilog\Verilog\Scala\operator.scala. Using presentation compiler with project's scala-library version: 3.3.6
2026.01.20 01:05:36 INFO  no build target found for C:\Users\USER\Desktop\Verilog\Verilog\Scala\operator.scala. Using presentation compiler with project's scala-library version: 3.3.6
2026.01.20 01:05:35 INFO  no build target found for C:\Users\USER\Desktop\Verilog\Verilog\Scala\operator.scala. Using presentation compiler with project's scala-library version: 3.3.6
2026.01.20 01:05:35 INFO  no build target found for C:\Users\USER\Desktop\Verilog\Verilog\Scala\operator.scala. Using presentation compiler with project's scala-library version: 3.3.6
2026.01.20 01:05:35 INFO  no build target found for C:\Users\USER\Desktop\Verilog\Verilog\Scala\operator.scala. Using presentation compiler with project's scala-library version: 3.3.6
2026.01.20 01:05:35 INFO  no build target found for C:\Users\USER\Desktop\Verilog\Verilog\Scala\operator.scala. Using presentation compiler with project's scala-library version: 3.3.6
2026.01.20 01:05:36 INFO  no build target found for C:\Users\USER\Desktop\Verilog\Verilog\Scala\operator.scala. Using presentation compiler with project's scala-library version: 3.3.6
2026.01.20 01:05:37 INFO  no build target found for C:\Users\USER\Desktop\Verilog\Verilog\Scala\operator.scala. Using presentation compiler with project's scala-library version: 3.3.6
2026.01.20 01:05:37 INFO  no build target found for C:\Users\USER\Desktop\Verilog\Verilog\Scala\operator.scala. Using presentation compiler with project's scala-library version: 3.3.6
2026.01.20 01:05:37 INFO  no build target found for C:\Users\USER\Desktop\Verilog\Verilog\Scala\operator.scala. Using presentation compiler with project's scala-library version: 3.3.6
2026.01.20 01:05:37 INFO  no build target found for C:\Users\USER\Desktop\Verilog\Verilog\Scala\operator.scala. Using presentation compiler with project's scala-library version: 3.3.6
2026.01.20 01:05:37 INFO  no build target found for C:\Users\USER\Desktop\Verilog\Verilog\Scala\operator.scala. Using presentation compiler with project's scala-library version: 3.3.6
2026.01.20 01:05:37 INFO  no build target found for C:\Users\USER\Desktop\Verilog\Verilog\Scala\operator.scala. Using presentation compiler with project's scala-library version: 3.3.6
2026.01.20 01:05:37 INFO  no build target found for C:\Users\USER\Desktop\Verilog\Verilog\Scala\operator.scala. Using presentation compiler with project's scala-library version: 3.3.6
2026.01.20 01:05:37 INFO  no build target found for C:\Users\USER\Desktop\Verilog\Verilog\Scala\operator.scala. Using presentation compiler with project's scala-library version: 3.3.6
2026.01.20 01:05:37 INFO  no build target found for C:\Users\USER\Desktop\Verilog\Verilog\Scala\operator.scala. Using presentation compiler with project's scala-library version: 3.3.6
2026.01.20 01:05:37 INFO  no build target found for C:\Users\USER\Desktop\Verilog\Verilog\Scala\operator.scala. Using presentation compiler with project's scala-library version: 3.3.6
2026.01.20 01:05:38 INFO  no build target found for C:\Users\USER\Desktop\Verilog\Verilog\Scala\operator.scala. Using presentation compiler with project's scala-library version: 3.3.6
2026.01.20 01:05:38 INFO  no build target found for C:\Users\USER\Desktop\Verilog\Verilog\Scala\operator.scala. Using presentation compiler with project's scala-library version: 3.3.6
2026.01.20 01:05:38 INFO  no build target found for C:\Users\USER\Desktop\Verilog\Verilog\Scala\operator.scala. Using presentation compiler with project's scala-library version: 3.3.6
2026.01.20 01:05:38 INFO  no build target found for C:\Users\USER\Desktop\Verilog\Verilog\Scala\operator.scala. Using presentation compiler with project's scala-library version: 3.3.6
2026.01.20 01:05:39 INFO  no build target found for C:\Users\USER\Desktop\Verilog\Verilog\Scala\operator.scala. Using presentation compiler with project's scala-library version: 3.3.6
2026.01.20 01:05:38 INFO  no build target found for C:\Users\USER\Desktop\Verilog\Verilog\Scala\operator.scala. Using presentation compiler with project's scala-library version: 3.3.6
2026.01.20 01:05:39 INFO  no build target found for C:\Users\USER\Desktop\Verilog\Verilog\Scala\operator.scala. Using presentation compiler with project's scala-library version: 3.3.6
2026.01.20 01:05:39 INFO  no build target found for C:\Users\USER\Desktop\Verilog\Verilog\Scala\operator.scala. Using presentation compiler with project's scala-library version: 3.3.6
2026.01.20 01:05:39 INFO  no build target found for C:\Users\USER\Desktop\Verilog\Verilog\Scala\operator.scala. Using presentation compiler with project's scala-library version: 3.3.6
2026.01.20 01:05:39 INFO  no build target found for C:\Users\USER\Desktop\Verilog\Verilog\Scala\operator.scala. Using presentation compiler with project's scala-library version: 3.3.6
2026.01.20 01:05:43 INFO  no build target found for C:\Users\USER\Desktop\Verilog\Verilog\Scala\operator.scala. Using presentation compiler with project's scala-library version: 3.3.6
2026.01.20 01:05:43 INFO  no build target found for C:\Users\USER\Desktop\Verilog\Verilog\Scala\operator.scala. Using presentation compiler with project's scala-library version: 3.3.6
2026.01.20 01:05:43 INFO  no build target found for C:\Users\USER\Desktop\Verilog\Verilog\Scala\operator.scala. Using presentation compiler with project's scala-library version: 3.3.6
2026.01.20 01:05:43 INFO  no build target found for C:\Users\USER\Desktop\Verilog\Verilog\Scala\operator.scala. Using presentation compiler with project's scala-library version: 3.3.6
2026.01.20 01:05:43 INFO  no build target found for C:\Users\USER\Desktop\Verilog\Verilog\Scala\operator.scala. Using presentation compiler with project's scala-library version: 3.3.6
2026.01.20 01:05:44 INFO  no build target found for C:\Users\USER\Desktop\Verilog\Verilog\Scala\operator.scala. Using presentation compiler with project's scala-library version: 3.3.6
2026.01.20 01:05:44 INFO  no build target found for C:\Users\USER\Desktop\Verilog\Verilog\Scala\operator.scala. Using presentation compiler with project's scala-library version: 3.3.6
2026.01.20 01:05:43 INFO  no build target found for C:\Users\USER\Desktop\Verilog\Verilog\Scala\operator.scala. Using presentation compiler with project's scala-library version: 3.3.6
2026.01.20 01:05:44 INFO  no build target found for C:\Users\USER\Desktop\Verilog\Verilog\Scala\operator.scala. Using presentation compiler with project's scala-library version: 3.3.6
2026.01.20 01:05:44 INFO  no build target found for C:\Users\USER\Desktop\Verilog\Verilog\Scala\operator.scala. Using presentation compiler with project's scala-library version: 3.3.6
2026.01.20 01:05:44 INFO  no build target found for C:\Users\USER\Desktop\Verilog\Verilog\Scala\operator.scala. Using presentation compiler with project's scala-library version: 3.3.6
2026.01.20 01:05:44 INFO  no build target found for C:\Users\USER\Desktop\Verilog\Verilog\Scala\operator.scala. Using presentation compiler with project's scala-library version: 3.3.6
2026.01.20 01:05:45 INFO  no build target found for C:\Users\USER\Desktop\Verilog\Verilog\Scala\operator.scala. Using presentation compiler with project's scala-library version: 3.3.6
2026.01.20 01:05:44 INFO  no build target found for C:\Users\USER\Desktop\Verilog\Verilog\Scala\operator.scala. Using presentation compiler with project's scala-library version: 3.3.6
2026.01.20 01:05:44 INFO  no build target found for C:\Users\USER\Desktop\Verilog\Verilog\Scala\operator.scala. Using presentation compiler with project's scala-library version: 3.3.6
2026.01.20 01:05:45 INFO  no build target found for C:\Users\USER\Desktop\Verilog\Verilog\Scala\operator.scala. Using presentation compiler with project's scala-library version: 3.3.6
2026.01.20 01:05:45 INFO  no build target found for C:\Users\USER\Desktop\Verilog\Verilog\Scala\operator.scala. Using presentation compiler with project's scala-library version: 3.3.6
2026.01.20 01:05:44 INFO  no build target found for C:\Users\USER\Desktop\Verilog\Verilog\Scala\operator.scala. Using presentation compiler with project's scala-library version: 3.3.6
2026.01.20 01:05:46 INFO  no build target found for C:\Users\USER\Desktop\Verilog\Verilog\Scala\operator.scala. Using presentation compiler with project's scala-library version: 3.3.6
2026.01.20 01:05:46 INFO  no build target found for C:\Users\USER\Desktop\Verilog\Verilog\Scala\operator.scala. Using presentation compiler with project's scala-library version: 3.3.6
2026.01.20 01:05:46 INFO  no build target found for C:\Users\USER\Desktop\Verilog\Verilog\Scala\operator.scala. Using presentation compiler with project's scala-library version: 3.3.6
2026.01.20 01:05:46 INFO  no build target found for C:\Users\USER\Desktop\Verilog\Verilog\Scala\operator.scala. Using presentation compiler with project's scala-library version: 3.3.6
2026.01.20 01:05:47 INFO  no build target found for C:\Users\USER\Desktop\Verilog\Verilog\Scala\operator.scala. Using presentation compiler with project's scala-library version: 3.3.6
2026.01.20 01:05:48 INFO  no build target found for C:\Users\USER\Desktop\Verilog\Verilog\Scala\operator.scala. Using presentation compiler with project's scala-library version: 3.3.6
2026.01.20 01:05:48 INFO  no build target found for C:\Users\USER\Desktop\Verilog\Verilog\Scala\operator.scala. Using presentation compiler with project's scala-library version: 3.3.6
2026.01.20 01:05:47 INFO  no build target found for C:\Users\USER\Desktop\Verilog\Verilog\Scala\operator.scala. Using presentation compiler with project's scala-library version: 3.3.6
2026.01.20 01:05:49 INFO  no build target found for C:\Users\USER\Desktop\Verilog\Verilog\Scala\operator.scala. Using presentation compiler with project's scala-library version: 3.3.6
2026.01.20 01:05:49 INFO  no build target found for C:\Users\USER\Desktop\Verilog\Verilog\Scala\operator.scala. Using presentation compiler with project's scala-library version: 3.3.6
2026.01.20 01:05:49 INFO  no build target found for C:\Users\USER\Desktop\Verilog\Verilog\Scala\operator.scala. Using presentation compiler with project's scala-library version: 3.3.6
2026.01.20 01:05:49 INFO  no build target found for C:\Users\USER\Desktop\Verilog\Verilog\Scala\operator.scala. Using presentation compiler with project's scala-library version: 3.3.6
2026.01.20 01:05:49 INFO  no build target found for C:\Users\USER\Desktop\Verilog\Verilog\Scala\operator.scala. Using presentation compiler with project's scala-library version: 3.3.6
2026.01.20 01:05:49 INFO  no build target found for C:\Users\USER\Desktop\Verilog\Verilog\Scala\operator.scala. Using presentation compiler with project's scala-library version: 3.3.6
2026.01.20 01:05:49 INFO  no build target found for C:\Users\USER\Desktop\Verilog\Verilog\Scala\operator.scala. Using presentation compiler with project's scala-library version: 3.3.6
2026.01.20 01:05:49 INFO  no build target found for C:\Users\USER\Desktop\Verilog\Verilog\Scala\operator.scala. Using presentation compiler with project's scala-library version: 3.3.6
2026.01.20 01:05:49 INFO  no build target found for C:\Users\USER\Desktop\Verilog\Verilog\Scala\operator.scala. Using presentation compiler with project's scala-library version: 3.3.6
2026.01.20 01:05:50 INFO  no build target found for C:\Users\USER\Desktop\Verilog\Verilog\Scala\operator.scala. Using presentation compiler with project's scala-library version: 3.3.6
2026.01.20 01:05:50 INFO  no build target found for C:\Users\USER\Desktop\Verilog\Verilog\Scala\operator.scala. Using presentation compiler with project's scala-library version: 3.3.6
2026.01.20 01:05:49 INFO  no build target found for C:\Users\USER\Desktop\Verilog\Verilog\Scala\operator.scala. Using presentation compiler with project's scala-library version: 3.3.6
2026.01.20 01:05:50 INFO  no build target found for C:\Users\USER\Desktop\Verilog\Verilog\Scala\operator.scala. Using presentation compiler with project's scala-library version: 3.3.6
2026.01.20 01:05:50 INFO  no build target found for C:\Users\USER\Desktop\Verilog\Verilog\Scala\operator.scala. Using presentation compiler with project's scala-library version: 3.3.6
2026.01.20 01:05:50 INFO  no build target found for C:\Users\USER\Desktop\Verilog\Verilog\Scala\operator.scala. Using presentation compiler with project's scala-library version: 3.3.6
2026.01.20 01:05:50 INFO  no build target found for C:\Users\USER\Desktop\Verilog\Verilog\Scala\operator.scala. Using presentation compiler with project's scala-library version: 3.3.6
2026.01.20 01:05:50 INFO  no build target found for C:\Users\USER\Desktop\Verilog\Verilog\Scala\operator.scala. Using presentation compiler with project's scala-library version: 3.3.6
2026.01.20 01:05:50 INFO  no build target found for C:\Users\USER\Desktop\Verilog\Verilog\Scala\operator.scala. Using presentation compiler with project's scala-library version: 3.3.6
2026.01.20 01:05:50 INFO  no build target found for C:\Users\USER\Desktop\Verilog\Verilog\Scala\operator.scala. Using presentation compiler with project's scala-library version: 3.3.6
2026.01.20 01:05:50 INFO  no build target found for C:\Users\USER\Desktop\Verilog\Verilog\Scala\operator.scala. Using presentation compiler with project's scala-library version: 3.3.6
2026.01.20 01:05:51 INFO  no build target found for C:\Users\USER\Desktop\Verilog\Verilog\Scala\operator.scala. Using presentation compiler with project's scala-library version: 3.3.6
2026.01.20 01:05:50 INFO  no build target found for C:\Users\USER\Desktop\Verilog\Verilog\Scala\operator.scala. Using presentation compiler with project's scala-library version: 3.3.6
2026.01.20 01:05:50 INFO  no build target found for C:\Users\USER\Desktop\Verilog\Verilog\Scala\operator.scala. Using presentation compiler with project's scala-library version: 3.3.6
2026.01.20 01:05:50 INFO  no build target found for C:\Users\USER\Desktop\Verilog\Verilog\Scala\operator.scala. Using presentation compiler with project's scala-library version: 3.3.6
2026.01.20 01:05:50 INFO  no build target found for C:\Users\USER\Desktop\Verilog\Verilog\Scala\operator.scala. Using presentation compiler with project's scala-library version: 3.3.6
2026.01.20 01:05:50 INFO  no build target found for C:\Users\USER\Desktop\Verilog\Verilog\Scala\operator.scala. Using presentation compiler with project's scala-library version: 3.3.6
2026.01.20 01:05:51 INFO  no build target found for C:\Users\USER\Desktop\Verilog\Verilog\Scala\operator.scala. Using presentation compiler with project's scala-library version: 3.3.6
2026.01.20 01:05:51 INFO  no build target found for C:\Users\USER\Desktop\Verilog\Verilog\Scala\operator.scala. Using presentation compiler with project's scala-library version: 3.3.6
2026.01.20 01:05:51 INFO  no build target found for C:\Users\USER\Desktop\Verilog\Verilog\Scala\operator.scala. Using presentation compiler with project's scala-library version: 3.3.6
2026.01.20 01:05:51 INFO  no build target found for C:\Users\USER\Desktop\Verilog\Verilog\Scala\operator.scala. Using presentation compiler with project's scala-library version: 3.3.6
2026.01.20 01:05:51 INFO  no build target found for C:\Users\USER\Desktop\Verilog\Verilog\Scala\operator.scala. Using presentation compiler with project's scala-library version: 3.3.6
2026.01.20 01:05:51 INFO  no build target found for C:\Users\USER\Desktop\Verilog\Verilog\Scala\operator.scala. Using presentation compiler with project's scala-library version: 3.3.6
2026.01.20 01:05:51 INFO  no build target found for C:\Users\USER\Desktop\Verilog\Verilog\Scala\operator.scala. Using presentation compiler with project's scala-library version: 3.3.6
2026.01.20 01:05:51 INFO  no build target found for C:\Users\USER\Desktop\Verilog\Verilog\Scala\operator.scala. Using presentation compiler with project's scala-library version: 3.3.6
2026.01.20 01:05:51 INFO  no build target found for C:\Users\USER\Desktop\Verilog\Verilog\Scala\operator.scala. Using presentation compiler with project's scala-library version: 3.3.6
2026.01.20 01:05:53 INFO  no build target found for C:\Users\USER\Desktop\Verilog\Verilog\Scala\operator.scala. Using presentation compiler with project's scala-library version: 3.3.6
2026.01.20 01:05:53 INFO  no build target found for C:\Users\USER\Desktop\Verilog\Verilog\Scala\operator.scala. Using presentation compiler with project's scala-library version: 3.3.6
2026.01.20 01:05:53 WARN  no build target for: C:\Users\USER\Desktop\Verilog\Verilog\Scala\operator.scala
2026.01.20 01:05:53 INFO  no build target found for C:\Users\USER\Desktop\Verilog\Verilog\Scala\operator.scala. Using presentation compiler with project's scala-library version: 3.3.6
2026.01.20 01:05:53 INFO  skipping build import with status 'Failed'
2026.01.20 01:05:53 INFO  no build target found for C:\Users\USER\Desktop\Verilog\Verilog\Scala\operator.scala. Using presentation compiler with project's scala-library version: 3.3.6
2026.01.20 01:05:55 INFO  no build target found for C:\Users\USER\Desktop\Verilog\Verilog\Scala\operator.scala. Using presentation compiler with project's scala-library version: 3.3.6
2026.01.20 01:05:55 INFO  no build target found for C:\Users\USER\Desktop\Verilog\Verilog\Scala\operator.scala. Using presentation compiler with project's scala-library version: 3.3.6
2026.01.20 01:05:55 INFO  no build target found for C:\Users\USER\Desktop\Verilog\Verilog\Scala\operator.scala. Using presentation compiler with project's scala-library version: 3.3.6
2026.01.20 01:05:55 INFO  no build target found for C:\Users\USER\Desktop\Verilog\Verilog\Scala\operator.scala. Using presentation compiler with project's scala-library version: 3.3.6
2026.01.20 01:05:55 INFO  no build target found for C:\Users\USER\Desktop\Verilog\Verilog\Scala\operator.scala. Using presentation compiler with project's scala-library version: 3.3.6
2026.01.20 01:05:55 INFO  no build target found for C:\Users\USER\Desktop\Verilog\Verilog\Scala\operator.scala. Using presentation compiler with project's scala-library version: 3.3.6
2026.01.20 01:05:55 INFO  no build target found for C:\Users\USER\Desktop\Verilog\Verilog\Scala\operator.scala. Using presentation compiler with project's scala-library version: 3.3.6
2026.01.20 01:05:55 INFO  no build target found for C:\Users\USER\Desktop\Verilog\Verilog\Scala\operator.scala. Using presentation compiler with project's scala-library version: 3.3.6
2026.01.20 01:05:55 INFO  no build target found for C:\Users\USER\Desktop\Verilog\Verilog\Scala\operator.scala. Using presentation compiler with project's scala-library version: 3.3.6
2026.01.20 01:05:55 INFO  no build target found for C:\Users\USER\Desktop\Verilog\Verilog\Scala\operator.scala. Using presentation compiler with project's scala-library version: 3.3.6
2026.01.20 01:05:55 INFO  no build target found for C:\Users\USER\Desktop\Verilog\Verilog\Scala\operator.scala. Using presentation compiler with project's scala-library version: 3.3.6
2026.01.20 01:05:56 INFO  no build target found for C:\Users\USER\Desktop\Verilog\Verilog\Scala\operator.scala. Using presentation compiler with project's scala-library version: 3.3.6
2026.01.20 01:05:55 INFO  no build target found for C:\Users\USER\Desktop\Verilog\Verilog\Scala\operator.scala. Using presentation compiler with project's scala-library version: 3.3.6
2026.01.20 01:05:55 INFO  no build target found for C:\Users\USER\Desktop\Verilog\Verilog\Scala\operator.scala. Using presentation compiler with project's scala-library version: 3.3.6
2026.01.20 01:05:56 INFO  no build target found for C:\Users\USER\Desktop\Verilog\Verilog\Scala\operator.scala. Using presentation compiler with project's scala-library version: 3.3.6
2026.01.20 01:05:56 INFO  no build target found for C:\Users\USER\Desktop\Verilog\Verilog\Scala\operator.scala. Using presentation compiler with project's scala-library version: 3.3.6
2026.01.20 01:05:56 INFO  no build target found for C:\Users\USER\Desktop\Verilog\Verilog\Scala\operator.scala. Using presentation compiler with project's scala-library version: 3.3.6
2026.01.20 01:05:56 INFO  no build target found for C:\Users\USER\Desktop\Verilog\Verilog\Scala\operator.scala. Using presentation compiler with project's scala-library version: 3.3.6
2026.01.20 01:05:56 INFO  no build target found for C:\Users\USER\Desktop\Verilog\Verilog\Scala\operator.scala. Using presentation compiler with project's scala-library version: 3.3.6
2026.01.20 01:05:56 INFO  no build target found for C:\Users\USER\Desktop\Verilog\Verilog\Scala\operator.scala. Using presentation compiler with project's scala-library version: 3.3.6
2026.01.20 01:05:56 INFO  no build target found for C:\Users\USER\Desktop\Verilog\Verilog\Scala\operator.scala. Using presentation compiler with project's scala-library version: 3.3.6
2026.01.20 01:05:56 INFO  no build target found for C:\Users\USER\Desktop\Verilog\Verilog\Scala\operator.scala. Using presentation compiler with project's scala-library version: 3.3.6
2026.01.20 01:05:56 INFO  no build target found for C:\Users\USER\Desktop\Verilog\Verilog\Scala\operator.scala. Using presentation compiler with project's scala-library version: 3.3.6
2026.01.20 01:05:56 INFO  no build target found for C:\Users\USER\Desktop\Verilog\Verilog\Scala\operator.scala. Using presentation compiler with project's scala-library version: 3.3.6
2026.01.20 01:05:57 INFO  no build target found for C:\Users\USER\Desktop\Verilog\Verilog\Scala\operator.scala. Using presentation compiler with project's scala-library version: 3.3.6
2026.01.20 01:05:56 INFO  no build target found for C:\Users\USER\Desktop\Verilog\Verilog\Scala\operator.scala. Using presentation compiler with project's scala-library version: 3.3.6
2026.01.20 01:06:00 INFO  no build target found for C:\Users\USER\Desktop\Verilog\Verilog\Scala\operator.scala. Using presentation compiler with project's scala-library version: 3.3.6
2026.01.20 01:06:00 INFO  no build target found for C:\Users\USER\Desktop\Verilog\Verilog\Scala\operator.scala. Using presentation compiler with project's scala-library version: 3.3.6
2026.01.20 01:06:00 INFO  no build target found for C:\Users\USER\Desktop\Verilog\Verilog\Scala\operator.scala. Using presentation compiler with project's scala-library version: 3.3.6
2026.01.20 01:06:00 INFO  no build target found for C:\Users\USER\Desktop\Verilog\Verilog\Scala\operator.scala. Using presentation compiler with project's scala-library version: 3.3.6
2026.01.20 01:06:00 INFO  no build target found for C:\Users\USER\Desktop\Verilog\Verilog\Scala\operator.scala. Using presentation compiler with project's scala-library version: 3.3.6
2026.01.20 01:06:00 INFO  no build target found for C:\Users\USER\Desktop\Verilog\Verilog\Scala\operator.scala. Using presentation compiler with project's scala-library version: 3.3.6
2026.01.20 01:06:00 INFO  no build target found for C:\Users\USER\Desktop\Verilog\Verilog\Scala\operator.scala. Using presentation compiler with project's scala-library version: 3.3.6
2026.01.20 01:06:00 INFO  no build target found for C:\Users\USER\Desktop\Verilog\Verilog\Scala\operator.scala. Using presentation compiler with project's scala-library version: 3.3.6
2026.01.20 01:06:01 INFO  no build target found for C:\Users\USER\Desktop\Verilog\Verilog\Scala\operator.scala. Using presentation compiler with project's scala-library version: 3.3.6
2026.01.20 01:06:00 INFO  no build target found for C:\Users\USER\Desktop\Verilog\Verilog\Scala\operator.scala. Using presentation compiler with project's scala-library version: 3.3.6
2026.01.20 01:06:02 INFO  no build target found for C:\Users\USER\Desktop\Verilog\Verilog\Scala\operator.scala. Using presentation compiler with project's scala-library version: 3.3.6
2026.01.20 01:06:02 INFO  no build target found for C:\Users\USER\Desktop\Verilog\Verilog\Scala\operator.scala. Using presentation compiler with project's scala-library version: 3.3.6
2026.01.20 01:06:02 INFO  no build target found for C:\Users\USER\Desktop\Verilog\Verilog\Scala\operator.scala. Using presentation compiler with project's scala-library version: 3.3.6
2026.01.20 01:06:02 INFO  no build target found for C:\Users\USER\Desktop\Verilog\Verilog\Scala\operator.scala. Using presentation compiler with project's scala-library version: 3.3.6
2026.01.20 01:06:02 INFO  no build target found for C:\Users\USER\Desktop\Verilog\Verilog\Scala\operator.scala. Using presentation compiler with project's scala-library version: 3.3.6
2026.01.20 01:06:04 INFO  no build target found for C:\Users\USER\Desktop\Verilog\Verilog\Scala\operator.scala. Using presentation compiler with project's scala-library version: 3.3.6
2026.01.20 01:06:04 INFO  no build target found for C:\Users\USER\Desktop\Verilog\Verilog\Scala\operator.scala. Using presentation compiler with project's scala-library version: 3.3.6
2026.01.20 01:06:04 INFO  no build target found for C:\Users\USER\Desktop\Verilog\Verilog\Scala\operator.scala. Using presentation compiler with project's scala-library version: 3.3.6
2026.01.20 01:06:04 INFO  no build target found for C:\Users\USER\Desktop\Verilog\Verilog\Scala\operator.scala. Using presentation compiler with project's scala-library version: 3.3.6
2026.01.20 01:06:04 INFO  no build target found for C:\Users\USER\Desktop\Verilog\Verilog\Scala\operator.scala. Using presentation compiler with project's scala-library version: 3.3.6
2026.01.20 01:06:05 INFO  no build target found for C:\Users\USER\Desktop\Verilog\Verilog\Scala\operator.scala. Using presentation compiler with project's scala-library version: 3.3.6
2026.01.20 01:06:04 INFO  no build target found for C:\Users\USER\Desktop\Verilog\Verilog\Scala\operator.scala. Using presentation compiler with project's scala-library version: 3.3.6
2026.01.20 01:06:05 INFO  no build target found for C:\Users\USER\Desktop\Verilog\Verilog\Scala\operator.scala. Using presentation compiler with project's scala-library version: 3.3.6
2026.01.20 01:06:05 INFO  no build target found for C:\Users\USER\Desktop\Verilog\Verilog\Scala\operator.scala. Using presentation compiler with project's scala-library version: 3.3.6
2026.01.20 01:06:05 INFO  no build target found for C:\Users\USER\Desktop\Verilog\Verilog\Scala\operator.scala. Using presentation compiler with project's scala-library version: 3.3.6
2026.01.20 01:06:05 INFO  no build target found for C:\Users\USER\Desktop\Verilog\Verilog\Scala\operator.scala. Using presentation compiler with project's scala-library version: 3.3.6
2026.01.20 01:06:05 INFO  no build target found for C:\Users\USER\Desktop\Verilog\Verilog\Scala\operator.scala. Using presentation compiler with project's scala-library version: 3.3.6
2026.01.20 01:06:05 INFO  no build target found for C:\Users\USER\Desktop\Verilog\Verilog\Scala\operator.scala. Using presentation compiler with project's scala-library version: 3.3.6
2026.01.20 01:06:05 INFO  no build target found for C:\Users\USER\Desktop\Verilog\Verilog\Scala\operator.scala. Using presentation compiler with project's scala-library version: 3.3.6
2026.01.20 01:06:06 INFO  no build target found for C:\Users\USER\Desktop\Verilog\Verilog\Scala\operator.scala. Using presentation compiler with project's scala-library version: 3.3.6
2026.01.20 01:06:05 INFO  no build target found for C:\Users\USER\Desktop\Verilog\Verilog\Scala\operator.scala. Using presentation compiler with project's scala-library version: 3.3.6
2026.01.20 01:06:06 INFO  no build target found for C:\Users\USER\Desktop\Verilog\Verilog\Scala\operator.scala. Using presentation compiler with project's scala-library version: 3.3.6
2026.01.20 01:06:08 INFO  no build target found for C:\Users\USER\Desktop\Verilog\Verilog\Scala\operator.scala. Using presentation compiler with project's scala-library version: 3.3.6
2026.01.20 01:06:08 INFO  no build target found for C:\Users\USER\Desktop\Verilog\Verilog\Scala\operator.scala. Using presentation compiler with project's scala-library version: 3.3.6
2026.01.20 01:06:08 INFO  no build target found for C:\Users\USER\Desktop\Verilog\Verilog\Scala\operator.scala. Using presentation compiler with project's scala-library version: 3.3.6
2026.01.20 01:06:08 INFO  no build target found for C:\Users\USER\Desktop\Verilog\Verilog\Scala\operator.scala. Using presentation compiler with project's scala-library version: 3.3.6
2026.01.20 01:06:10 INFO  no build target found for C:\Users\USER\Desktop\Verilog\Verilog\Scala\operator.scala. Using presentation compiler with project's scala-library version: 3.3.6
2026.01.20 01:06:10 INFO  no build target found for C:\Users\USER\Desktop\Verilog\Verilog\Scala\operator.scala. Using presentation compiler with project's scala-library version: 3.3.6
2026.01.20 01:06:10 INFO  no build target found for C:\Users\USER\Desktop\Verilog\Verilog\Scala\operator.scala. Using presentation compiler with project's scala-library version: 3.3.6
2026.01.20 01:06:11 INFO  no build target found for C:\Users\USER\Desktop\Verilog\Verilog\Scala\operator.scala. Using presentation compiler with project's scala-library version: 3.3.6
2026.01.20 01:06:10 INFO  no build target found for C:\Users\USER\Desktop\Verilog\Verilog\Scala\operator.scala. Using presentation compiler with project's scala-library version: 3.3.6
2026.01.20 01:06:11 INFO  no build target found for C:\Users\USER\Desktop\Verilog\Verilog\Scala\operator.scala. Using presentation compiler with project's scala-library version: 3.3.6
1月 20, 2026 1:06:11 上午 org.eclipse.lsp4j.jsonrpc.RemoteEndpoint handleCancellation
警告: Unmatched cancel notification for request id 722
2026.01.20 01:06:10 INFO  no build target found for C:\Users\USER\Desktop\Verilog\Verilog\Scala\operator.scala. Using presentation compiler with project's scala-library version: 3.3.6
2026.01.20 01:06:11 INFO  no build target found for C:\Users\USER\Desktop\Verilog\Verilog\Scala\operator.scala. Using presentation compiler with project's scala-library version: 3.3.6
2026.01.20 01:06:11 INFO  no build target found for C:\Users\USER\Desktop\Verilog\Verilog\Scala\operator.scala. Using presentation compiler with project's scala-library version: 3.3.6
2026.01.20 01:06:11 INFO  no build target found for C:\Users\USER\Desktop\Verilog\Verilog\Scala\operator.scala. Using presentation compiler with project's scala-library version: 3.3.6
2026.01.20 01:06:12 INFO  no build target found for C:\Users\USER\Desktop\Verilog\Verilog\Scala\operator.scala. Using presentation compiler with project's scala-library version: 3.3.6
2026.01.20 01:06:11 INFO  no build target found for C:\Users\USER\Desktop\Verilog\Verilog\Scala\operator.scala. Using presentation compiler with project's scala-library version: 3.3.6
2026.01.20 01:06:11 INFO  no build target found for C:\Users\USER\Desktop\Verilog\Verilog\Scala\operator.scala. Using presentation compiler with project's scala-library version: 3.3.6
2026.01.20 01:06:11 INFO  no build target found for C:\Users\USER\Desktop\Verilog\Verilog\Scala\operator.scala. Using presentation compiler with project's scala-library version: 3.3.6
2026.01.20 01:06:12 INFO  no build target found for C:\Users\USER\Desktop\Verilog\Verilog\Scala\operator.scala. Using presentation compiler with project's scala-library version: 3.3.6
2026.01.20 01:06:12 INFO  no build target found for C:\Users\USER\Desktop\Verilog\Verilog\Scala\operator.scala. Using presentation compiler with project's scala-library version: 3.3.6
2026.01.20 01:06:12 INFO  no build target found for C:\Users\USER\Desktop\Verilog\Verilog\Scala\operator.scala. Using presentation compiler with project's scala-library version: 3.3.6
2026.01.20 01:06:12 INFO  no build target found for C:\Users\USER\Desktop\Verilog\Verilog\Scala\operator.scala. Using presentation compiler with project's scala-library version: 3.3.6
2026.01.20 01:06:14 INFO  no build target found for C:\Users\USER\Desktop\Verilog\Verilog\Scala\operator.scala. Using presentation compiler with project's scala-library version: 3.3.6
2026.01.20 01:06:14 INFO  no build target found for C:\Users\USER\Desktop\Verilog\Verilog\Scala\operator.scala. Using presentation compiler with project's scala-library version: 3.3.6
2026.01.20 01:06:15 INFO  no build target found for C:\Users\USER\Desktop\Verilog\Verilog\Scala\operator.scala. Using presentation compiler with project's scala-library version: 3.3.6
2026.01.20 01:06:15 INFO  no build target found for C:\Users\USER\Desktop\Verilog\Verilog\Scala\operator.scala. Using presentation compiler with project's scala-library version: 3.3.6
2026.01.20 01:06:15 INFO  no build target found for C:\Users\USER\Desktop\Verilog\Verilog\Scala\operator.scala. Using presentation compiler with project's scala-library version: 3.3.6
2026.01.20 01:06:24 WARN  no build target for: C:\Users\USER\Desktop\Verilog\Verilog\Scala\operator.scala
2026.01.20 01:06:24 INFO  no build target found for C:\Users\USER\Desktop\Verilog\Verilog\Scala\operator.scala. Using presentation compiler with project's scala-library version: 3.3.6
2026.01.20 01:06:24 INFO  no build target found for C:\Users\USER\Desktop\Verilog\Verilog\Scala\operator.scala. Using presentation compiler with project's scala-library version: 3.3.6
2026.01.20 01:06:24 INFO  no build target found for C:\Users\USER\Desktop\Verilog\Verilog\Scala\operator.scala. Using presentation compiler with project's scala-library version: 3.3.6
2026.01.20 01:06:30 WARN  no build target for: C:\Users\USER\Desktop\Verilog\Verilog\Scala\operator.scala
2026.01.20 01:06:30 INFO  no build target found for C:\Users\USER\Desktop\Verilog\Verilog\Scala\operator.scala. Using presentation compiler with project's scala-library version: 3.3.6
2026.01.20 01:06:30 INFO  no build target found for C:\Users\USER\Desktop\Verilog\Verilog\Scala\operator.scala. Using presentation compiler with project's scala-library version: 3.3.6
2026.01.20 01:06:31 INFO  no build target found for C:\Users\USER\Desktop\Verilog\Verilog\Scala\operator.scala. Using presentation compiler with project's scala-library version: 3.3.6
2026.01.20 01:06:31 INFO  no build target found for C:\Users\USER\Desktop\Verilog\Verilog\Scala\student.scala. Using presentation compiler with project's scala-library version: 3.3.6
2026.01.20 01:06:31 WARN  no build target for: C:\Users\USER\Desktop\Verilog\Verilog\Scala\student.scala
2026.01.20 01:06:30 INFO  no build target found for C:\Users\USER\Desktop\Verilog\Verilog\Scala\student.scala. Using presentation compiler with project's scala-library version: 3.3.6
2026.01.20 01:06:31 INFO  no build target found for C:\Users\USER\Desktop\Verilog\Verilog\Scala\student.scala. Using presentation compiler with project's scala-library version: 3.3.6
2026.01.20 01:06:31 INFO  no build target found for C:\Users\USER\Desktop\Verilog\Verilog\Scala\student.scala. Using presentation compiler with project's scala-library version: 3.3.6
2026.01.20 01:06:31 INFO  no build target found for C:\Users\USER\Desktop\Verilog\Verilog\Scala\student.scala. Using presentation compiler with project's scala-library version: 3.3.6
2026.01.20 01:06:32 INFO  no build target found for C:\Users\USER\Desktop\Verilog\Verilog\Scala\student.scala. Using presentation compiler with project's scala-library version: 3.3.6
2026.01.20 01:06:33 WARN  no build target for: C:\Users\USER\Desktop\Verilog\Verilog\Scala\operator.scala
2026.01.20 01:06:33 INFO  no build target found for C:\Users\USER\Desktop\Verilog\Verilog\Scala\operator.scala. Using presentation compiler with project's scala-library version: 3.3.6
2026.01.20 01:06:33 INFO  no build target found for C:\Users\USER\Desktop\Verilog\Verilog\Scala\operator.scala. Using presentation compiler with project's scala-library version: 3.3.6
2026.01.20 01:06:36 INFO  no build target found for C:\Users\USER\Desktop\Verilog\Verilog\Scala\operator.scala. Using presentation compiler with project's scala-library version: 3.3.6
2026.01.20 01:06:37 WARN  no build target for: C:\Users\USER\Desktop\Verilog\Verilog\Scala\student.scala
2026.01.20 01:06:37 INFO  no build target found for C:\Users\USER\Desktop\Verilog\Verilog\Scala\student.scala. Using presentation compiler with project's scala-library version: 3.3.6
2026.01.20 01:06:37 INFO  no build target found for C:\Users\USER\Desktop\Verilog\Verilog\Scala\student.scala. Using presentation compiler with project's scala-library version: 3.3.6
2026.01.20 01:06:37 INFO  no build target found for C:\Users\USER\Desktop\Verilog\Verilog\Scala\student.scala. Using presentation compiler with project's scala-library version: 3.3.6
2026.01.20 01:06:38 WARN  no build target for: C:\Users\USER\Desktop\Verilog\Verilog\Scala\operator.scala
2026.01.20 01:06:37 INFO  no build target found for C:\Users\USER\Desktop\Verilog\Verilog\Scala\operator.scala. Using presentation compiler with project's scala-library version: 3.3.6
2026.01.20 01:06:38 INFO  no build target found for C:\Users\USER\Desktop\Verilog\Verilog\Scala\operator.scala. Using presentation compiler with project's scala-library version: 3.3.6
2026.01.20 01:06:39 WARN  no build target for: C:\Users\USER\Desktop\Verilog\Verilog\Scala\student.scala
2026.01.20 01:06:39 INFO  no build target found for C:\Users\USER\Desktop\Verilog\Verilog\Scala\student.scala. Using presentation compiler with project's scala-library version: 3.3.6
2026.01.20 01:06:39 INFO  no build target found for C:\Users\USER\Desktop\Verilog\Verilog\Scala\student.scala. Using presentation compiler with project's scala-library version: 3.3.6
2026.01.20 01:06:39 INFO  no build target found for C:\Users\USER\Desktop\Verilog\Verilog\Scala\student.scala. Using presentation compiler with project's scala-library version: 3.3.6
2026.01.20 01:06:39 WARN  no build target for: C:\Users\USER\Desktop\Verilog\Verilog\Scala\operator.scala
2026.01.20 01:06:39 INFO  no build target found for C:\Users\USER\Desktop\Verilog\Verilog\Scala\operator.scala. Using presentation compiler with project's scala-library version: 3.3.6
2026.01.20 01:06:39 INFO  no build target found for C:\Users\USER\Desktop\Verilog\Verilog\Scala\operator.scala. Using presentation compiler with project's scala-library version: 3.3.6
2026.01.20 01:06:42 INFO  no build target found for C:\Users\USER\Desktop\Verilog\Verilog\Scala\operator.scala. Using presentation compiler with project's scala-library version: 3.3.6
2026.01.20 01:06:42 INFO  no build target found for C:\Users\USER\Desktop\Verilog\Verilog\Scala\operator.scala. Using presentation compiler with project's scala-library version: 3.3.6
2026.01.20 01:06:46 INFO  no build target found for C:\Users\USER\Desktop\Verilog\Verilog\Scala\operator.scala. Using presentation compiler with project's scala-library version: 3.3.6
2026.01.20 01:06:48 INFO  no build target found for C:\Users\USER\Desktop\Verilog\Verilog\Scala\operator.scala. Using presentation compiler with project's scala-library version: 3.3.6
2026.01.20 01:06:48 INFO  no build target found for C:\Users\USER\Desktop\Verilog\Verilog\Scala\operator.scala. Using presentation compiler with project's scala-library version: 3.3.6
2026.01.20 01:06:48 WARN  no build target for: C:\Users\USER\Desktop\Verilog\Verilog\Scala\operator.scala
2026.01.20 01:06:48 INFO  no build target found for C:\Users\USER\Desktop\Verilog\Verilog\Scala\operator.scala. Using presentation compiler with project's scala-library version: 3.3.6
2026.01.20 01:06:48 INFO  skipping build import with status 'Failed'
2026.01.20 01:06:48 INFO  no build target found for C:\Users\USER\Desktop\Verilog\Verilog\Scala\operator.scala. Using presentation compiler with project's scala-library version: 3.3.6
2026.01.20 01:06:48 INFO  no build target found for C:\Users\USER\Desktop\Verilog\Verilog\Scala\operator.scala. Using presentation compiler with project's scala-library version: 3.3.6
2026.01.20 01:06:48 INFO  no build target found for C:\Users\USER\Desktop\Verilog\Verilog\Scala\operator.scala. Using presentation compiler with project's scala-library version: 3.3.6
2026.01.20 01:06:48 INFO  no build target found for C:\Users\USER\Desktop\Verilog\Verilog\Scala\operator.scala. Using presentation compiler with project's scala-library version: 3.3.6
2026.01.20 01:06:48 INFO  no build target found for C:\Users\USER\Desktop\Verilog\Verilog\Scala\operator.scala. Using presentation compiler with project's scala-library version: 3.3.6
1月 20, 2026 1:06:48 上午 org.eclipse.lsp4j.jsonrpc.RemoteEndpoint handleCancellation
警告: Unmatched cancel notification for request id 821
2026.01.20 01:06:48 INFO  no build target found for C:\Users\USER\Desktop\Verilog\Verilog\Scala\operator.scala. Using presentation compiler with project's scala-library version: 3.3.6
1月 20, 2026 1:06:48 上午 org.eclipse.lsp4j.jsonrpc.RemoteEndpoint handleCancellation
警告: Unmatched cancel notification for request id 823
2026.01.20 01:06:48 INFO  no build target found for C:\Users\USER\Desktop\Verilog\Verilog\Scala\operator.scala. Using presentation compiler with project's scala-library version: 3.3.6
2026.01.20 01:06:49 INFO  no build target found for C:\Users\USER\Desktop\Verilog\Verilog\Scala\operator.scala. Using presentation compiler with project's scala-library version: 3.3.6
2026.01.20 01:06:49 INFO  no build target found for C:\Users\USER\Desktop\Verilog\Verilog\Scala\operator.scala. Using presentation compiler with project's scala-library version: 3.3.6
1月 20, 2026 1:06:50 上午 org.eclipse.lsp4j.jsonrpc.RemoteEndpoint handleNotification
警告: Notification threw an exception: {
  "jsonrpc": "2.0",
  "method": "metals/didFocusTextDocument",
  "params": [
    "class:/c%3A/Users/USER/Desktop/Verilog/Verilog/Scala/student%24.class"
  ]
}
java.nio.file.FileSystemNotFoundException: Provider "class" not installed
	at java.base/java.nio.file.Path.of(Path.java:210)
	at java.base/java.nio.file.Paths.get(Paths.java:95)
	at scala.meta.internal.mtags.MtagsEnrichments$XtensionURIMtags.toAbsolutePath(MtagsEnrichments.scala:149)
	at scala.meta.internal.mtags.MtagsEnrichments$XtensionStringMtags.toAbsolutePath(MtagsEnrichments.scala:209)
	at scala.meta.internal.metals.MetalsEnrichments$XtensionString.toAbsolutePath(MetalsEnrichments.scala:778)
	at scala.meta.internal.metals.MetalsEnrichments$XtensionString.toAbsolutePath(MetalsEnrichments.scala:775)
	at scala.meta.internal.metals.WorkspaceLspService.didFocus(WorkspaceLspService.scala:789)
	at scala.meta.metals.lsp.DelegatingScalaService.didFocus(DelegatingScalaService.scala:42)
	at java.base/jdk.internal.reflect.DirectMethodHandleAccessor.invoke(DirectMethodHandleAccessor.java:104)
	at java.base/java.lang.reflect.Method.invoke(Method.java:565)
	at org.eclipse.lsp4j.jsonrpc.services.GenericEndpoint.lambda$recursiveFindRpcMethods$0(GenericEndpoint.java:65)
	at org.eclipse.lsp4j.jsonrpc.services.GenericEndpoint.notify(GenericEndpoint.java:160)
	at org.eclipse.lsp4j.jsonrpc.RemoteEndpoint.handleNotification(RemoteEndpoint.java:231)
	at org.eclipse.lsp4j.jsonrpc.RemoteEndpoint.consume(RemoteEndpoint.java:198)
	at org.eclipse.lsp4j.jsonrpc.json.StreamMessageProducer.handleMessage(StreamMessageProducer.java:185)
	at org.eclipse.lsp4j.jsonrpc.json.StreamMessageProducer.listen(StreamMessageProducer.java:97)
	at org.eclipse.lsp4j.jsonrpc.json.ConcurrentMessageProcessor.run(ConcurrentMessageProcessor.java:114)
	at java.base/java.util.concurrent.Executors$RunnableAdapter.call(Executors.java:545)
	at java.base/java.util.concurrent.FutureTask.run(FutureTask.java:328)
	at java.base/java.util.concurrent.ThreadPoolExecutor.runWorker(ThreadPoolExecutor.java:1090)
	at java.base/java.util.concurrent.ThreadPoolExecutor$Worker.run(ThreadPoolExecutor.java:614)
	at java.base/java.lang.Thread.run(Thread.java:1474)

1月 20, 2026 1:06:50 上午 org.eclipse.lsp4j.jsonrpc.RemoteEndpoint handleNotification
警告: Notification threw an exception: {
  "jsonrpc": "2.0",
  "method": "metals/didFocusTextDocument",
  "params": [
    "class:/c%3A/Users/USER/Desktop/Verilog/Verilog/Scala/Student.class"
  ]
}
java.nio.file.FileSystemNotFoundException: Provider "class" not installed
	at java.base/java.nio.file.Path.of(Path.java:210)
	at java.base/java.nio.file.Paths.get(Paths.java:95)
	at scala.meta.internal.mtags.MtagsEnrichments$XtensionURIMtags.toAbsolutePath(MtagsEnrichments.scala:149)
	at scala.meta.internal.mtags.MtagsEnrichments$XtensionStringMtags.toAbsolutePath(MtagsEnrichments.scala:209)
	at scala.meta.internal.metals.MetalsEnrichments$XtensionString.toAbsolutePath(MetalsEnrichments.scala:778)
	at scala.meta.internal.metals.MetalsEnrichments$XtensionString.toAbsolutePath(MetalsEnrichments.scala:775)
	at scala.meta.internal.metals.WorkspaceLspService.didFocus(WorkspaceLspService.scala:789)
	at scala.meta.metals.lsp.DelegatingScalaService.didFocus(DelegatingScalaService.scala:42)
	at java.base/jdk.internal.reflect.DirectMethodHandleAccessor.invoke(DirectMethodHandleAccessor.java:104)
	at java.base/java.lang.reflect.Method.invoke(Method.java:565)
	at org.eclipse.lsp4j.jsonrpc.services.GenericEndpoint.lambda$recursiveFindRpcMethods$0(GenericEndpoint.java:65)
	at org.eclipse.lsp4j.jsonrpc.services.GenericEndpoint.notify(GenericEndpoint.java:160)
	at org.eclipse.lsp4j.jsonrpc.RemoteEndpoint.handleNotification(RemoteEndpoint.java:231)
	at org.eclipse.lsp4j.jsonrpc.RemoteEndpoint.consume(RemoteEndpoint.java:198)
	at org.eclipse.lsp4j.jsonrpc.json.StreamMessageProducer.handleMessage(StreamMessageProducer.java:185)
	at org.eclipse.lsp4j.jsonrpc.json.StreamMessageProducer.listen(StreamMessageProducer.java:97)
	at org.eclipse.lsp4j.jsonrpc.json.ConcurrentMessageProcessor.run(ConcurrentMessageProcessor.java:114)
	at java.base/java.util.concurrent.Executors$RunnableAdapter.call(Executors.java:545)
	at java.base/java.util.concurrent.FutureTask.run(FutureTask.java:328)
	at java.base/java.util.concurrent.ThreadPoolExecutor.runWorker(ThreadPoolExecutor.java:1090)
	at java.base/java.util.concurrent.ThreadPoolExecutor$Worker.run(ThreadPoolExecutor.java:614)
	at java.base/java.lang.Thread.run(Thread.java:1474)

1月 20, 2026 1:06:53 上午 org.eclipse.lsp4j.jsonrpc.RemoteEndpoint handleNotification
警告: Notification threw an exception: {
  "jsonrpc": "2.0",
  "method": "metals/didFocusTextDocument",
  "params": [
    "class:/c%3A/Users/USER/Desktop/Verilog/Verilog/Scala/student%24.class"
  ]
}
java.nio.file.FileSystemNotFoundException: Provider "class" not installed
	at java.base/java.nio.file.Path.of(Path.java:210)
	at java.base/java.nio.file.Paths.get(Paths.java:95)
	at scala.meta.internal.mtags.MtagsEnrichments$XtensionURIMtags.toAbsolutePath(MtagsEnrichments.scala:149)
	at scala.meta.internal.mtags.MtagsEnrichments$XtensionStringMtags.toAbsolutePath(MtagsEnrichments.scala:209)
	at scala.meta.internal.metals.MetalsEnrichments$XtensionString.toAbsolutePath(MetalsEnrichments.scala:778)
	at scala.meta.internal.metals.MetalsEnrichments$XtensionString.toAbsolutePath(MetalsEnrichments.scala:775)
	at scala.meta.internal.metals.WorkspaceLspService.didFocus(WorkspaceLspService.scala:789)
	at scala.meta.metals.lsp.DelegatingScalaService.didFocus(DelegatingScalaService.scala:42)
	at java.base/jdk.internal.reflect.DirectMethodHandleAccessor.invoke(DirectMethodHandleAccessor.java:104)
	at java.base/java.lang.reflect.Method.invoke(Method.java:565)
	at org.eclipse.lsp4j.jsonrpc.services.GenericEndpoint.lambda$recursiveFindRpcMethods$0(GenericEndpoint.java:65)
	at org.eclipse.lsp4j.jsonrpc.services.GenericEndpoint.notify(GenericEndpoint.java:160)
	at org.eclipse.lsp4j.jsonrpc.RemoteEndpoint.handleNotification(RemoteEndpoint.java:231)
	at org.eclipse.lsp4j.jsonrpc.RemoteEndpoint.consume(RemoteEndpoint.java:198)
	at org.eclipse.lsp4j.jsonrpc.json.StreamMessageProducer.handleMessage(StreamMessageProducer.java:185)
	at org.eclipse.lsp4j.jsonrpc.json.StreamMessageProducer.listen(StreamMessageProducer.java:97)
	at org.eclipse.lsp4j.jsonrpc.json.ConcurrentMessageProcessor.run(ConcurrentMessageProcessor.java:114)
	at java.base/java.util.concurrent.Executors$RunnableAdapter.call(Executors.java:545)
	at java.base/java.util.concurrent.FutureTask.run(FutureTask.java:328)
	at java.base/java.util.concurrent.ThreadPoolExecutor.runWorker(ThreadPoolExecutor.java:1090)
	at java.base/java.util.concurrent.ThreadPoolExecutor$Worker.run(ThreadPoolExecutor.java:614)
	at java.base/java.lang.Thread.run(Thread.java:1474)

1月 20, 2026 1:06:54 上午 org.eclipse.lsp4j.jsonrpc.RemoteEndpoint handleNotification
警告: Notification threw an exception: {
  "jsonrpc": "2.0",
  "method": "metals/didFocusTextDocument",
  "params": [
    "class:/c%3A/Users/USER/Desktop/Verilog/Verilog/Scala/Student.class"
  ]
}
java.nio.file.FileSystemNotFoundException: Provider "class" not installed
	at java.base/java.nio.file.Path.of(Path.java:210)
	at java.base/java.nio.file.Paths.get(Paths.java:95)
	at scala.meta.internal.mtags.MtagsEnrichments$XtensionURIMtags.toAbsolutePath(MtagsEnrichments.scala:149)
	at scala.meta.internal.mtags.MtagsEnrichments$XtensionStringMtags.toAbsolutePath(MtagsEnrichments.scala:209)
	at scala.meta.internal.metals.MetalsEnrichments$XtensionString.toAbsolutePath(MetalsEnrichments.scala:778)
	at scala.meta.internal.metals.MetalsEnrichments$XtensionString.toAbsolutePath(MetalsEnrichments.scala:775)
	at scala.meta.internal.metals.WorkspaceLspService.didFocus(WorkspaceLspService.scala:789)
	at scala.meta.metals.lsp.DelegatingScalaService.didFocus(DelegatingScalaService.scala:42)
	at java.base/jdk.internal.reflect.DirectMethodHandleAccessor.invoke(DirectMethodHandleAccessor.java:104)
	at java.base/java.lang.reflect.Method.invoke(Method.java:565)
	at org.eclipse.lsp4j.jsonrpc.services.GenericEndpoint.lambda$recursiveFindRpcMethods$0(GenericEndpoint.java:65)
	at org.eclipse.lsp4j.jsonrpc.services.GenericEndpoint.notify(GenericEndpoint.java:160)
	at org.eclipse.lsp4j.jsonrpc.RemoteEndpoint.handleNotification(RemoteEndpoint.java:231)
	at org.eclipse.lsp4j.jsonrpc.RemoteEndpoint.consume(RemoteEndpoint.java:198)
	at org.eclipse.lsp4j.jsonrpc.json.StreamMessageProducer.handleMessage(StreamMessageProducer.java:185)
	at org.eclipse.lsp4j.jsonrpc.json.StreamMessageProducer.listen(StreamMessageProducer.java:97)
	at org.eclipse.lsp4j.jsonrpc.json.ConcurrentMessageProcessor.run(ConcurrentMessageProcessor.java:114)
	at java.base/java.util.concurrent.Executors$RunnableAdapter.call(Executors.java:545)
	at java.base/java.util.concurrent.FutureTask.run(FutureTask.java:328)
	at java.base/java.util.concurrent.ThreadPoolExecutor.runWorker(ThreadPoolExecutor.java:1090)
	at java.base/java.util.concurrent.ThreadPoolExecutor$Worker.run(ThreadPoolExecutor.java:614)
	at java.base/java.lang.Thread.run(Thread.java:1474)

2026.01.20 01:07:05 WARN  no build target for: C:\Users\USER\Desktop\Verilog\Verilog\Scala\operator.scala
2026.01.20 01:07:05 INFO  no build target found for C:\Users\USER\Desktop\Verilog\Verilog\Scala\operator.scala. Using presentation compiler with project's scala-library version: 3.3.6
2026.01.20 01:07:05 INFO  no build target found for C:\Users\USER\Desktop\Verilog\Verilog\Scala\operator.scala. Using presentation compiler with project's scala-library version: 3.3.6
2026.01.20 01:07:05 INFO  no build target found for C:\Users\USER\Desktop\Verilog\Verilog\Scala\operator.scala. Using presentation compiler with project's scala-library version: 3.3.6
2026.01.20 01:07:05 INFO  no build target found for C:\Users\USER\Desktop\Verilog\Verilog\Scala\operator.scala. Using presentation compiler with project's scala-library version: 3.3.6
2026.01.20 01:07:06 INFO  no build target found for C:\Users\USER\Desktop\Verilog\Verilog\Scala\operator.scala. Using presentation compiler with project's scala-library version: 3.3.6
2026.01.20 01:07:06 INFO  no build target found for C:\Users\USER\Desktop\Verilog\Verilog\Scala\operator.scala. Using presentation compiler with project's scala-library version: 3.3.6
2026.01.20 01:07:06 INFO  no build target found for C:\Users\USER\Desktop\Verilog\Verilog\Scala\operator.scala. Using presentation compiler with project's scala-library version: 3.3.6
2026.01.20 01:07:07 INFO  no build target found for C:\Users\USER\Desktop\Verilog\Verilog\Scala\operator.scala. Using presentation compiler with project's scala-library version: 3.3.6
2026.01.20 01:07:07 INFO  no build target found for C:\Users\USER\Desktop\Verilog\Verilog\Scala\operator.scala. Using presentation compiler with project's scala-library version: 3.3.6
2026.01.20 01:07:14 INFO  no build target found for C:\Users\USER\Desktop\Verilog\Verilog\Scala\operator.scala. Using presentation compiler with project's scala-library version: 3.3.6
2026.01.20 01:07:14 INFO  no build target found for C:\Users\USER\Desktop\Verilog\Verilog\Scala\operator.scala. Using presentation compiler with project's scala-library version: 3.3.6
2026.01.20 01:07:14 INFO  no build target found for C:\Users\USER\Desktop\Verilog\Verilog\Scala\operator.scala. Using presentation compiler with project's scala-library version: 3.3.6
2026.01.20 01:07:14 INFO  no build target found for C:\Users\USER\Desktop\Verilog\Verilog\Scala\operator.scala. Using presentation compiler with project's scala-library version: 3.3.6
2026.01.20 01:07:14 INFO  no build target found for C:\Users\USER\Desktop\Verilog\Verilog\Scala\operator.scala. Using presentation compiler with project's scala-library version: 3.3.6
1月 20, 2026 1:07:15 上午 org.eclipse.lsp4j.jsonrpc.RemoteEndpoint handleCancellation
警告: Unmatched cancel notification for request id 855
2026.01.20 01:07:14 INFO  no build target found for C:\Users\USER\Desktop\Verilog\Verilog\Scala\operator.scala. Using presentation compiler with project's scala-library version: 3.3.6
2026.01.20 01:07:14 INFO  no build target found for C:\Users\USER\Desktop\Verilog\Verilog\Scala\operator.scala. Using presentation compiler with project's scala-library version: 3.3.6
2026.01.20 01:07:14 INFO  no build target found for C:\Users\USER\Desktop\Verilog\Verilog\Scala\operator.scala. Using presentation compiler with project's scala-library version: 3.3.6
2026.01.20 01:07:15 INFO  no build target found for C:\Users\USER\Desktop\Verilog\Verilog\Scala\operator.scala. Using presentation compiler with project's scala-library version: 3.3.6
2026.01.20 01:07:15 INFO  no build target found for C:\Users\USER\Desktop\Verilog\Verilog\Scala\operator.scala. Using presentation compiler with project's scala-library version: 3.3.6
2026.01.20 01:07:16 INFO  no build target found for C:\Users\USER\Desktop\Verilog\Verilog\Scala\operator.scala. Using presentation compiler with project's scala-library version: 3.3.6
2026.01.20 01:07:16 INFO  no build target found for C:\Users\USER\Desktop\Verilog\Verilog\Scala\operator.scala. Using presentation compiler with project's scala-library version: 3.3.6
2026.01.20 01:07:15 INFO  no build target found for C:\Users\USER\Desktop\Verilog\Verilog\Scala\operator.scala. Using presentation compiler with project's scala-library version: 3.3.6
2026.01.20 01:07:15 INFO  no build target found for C:\Users\USER\Desktop\Verilog\Verilog\Scala\operator.scala. Using presentation compiler with project's scala-library version: 3.3.6
2026.01.20 01:07:15 INFO  no build target found for C:\Users\USER\Desktop\Verilog\Verilog\Scala\operator.scala. Using presentation compiler with project's scala-library version: 3.3.6
2026.01.20 01:07:15 INFO  no build target found for C:\Users\USER\Desktop\Verilog\Verilog\Scala\operator.scala. Using presentation compiler with project's scala-library version: 3.3.6
2026.01.20 01:07:16 INFO  no build target found for C:\Users\USER\Desktop\Verilog\Verilog\Scala\operator.scala. Using presentation compiler with project's scala-library version: 3.3.6
2026.01.20 01:07:16 INFO  no build target found for C:\Users\USER\Desktop\Verilog\Verilog\Scala\operator.scala. Using presentation compiler with project's scala-library version: 3.3.6
2026.01.20 01:07:17 INFO  no build target found for C:\Users\USER\Desktop\Verilog\Verilog\Scala\operator.scala. Using presentation compiler with project's scala-library version: 3.3.6
2026.01.20 01:07:18 INFO  no build target found for C:\Users\USER\Desktop\Verilog\Verilog\Scala\operator.scala. Using presentation compiler with project's scala-library version: 3.3.6
2026.01.20 01:07:18 INFO  no build target found for C:\Users\USER\Desktop\Verilog\Verilog\Scala\operator.scala. Using presentation compiler with project's scala-library version: 3.3.6
2026.01.20 01:07:18 INFO  no build target found for C:\Users\USER\Desktop\Verilog\Verilog\Scala\operator.scala. Using presentation compiler with project's scala-library version: 3.3.6
2026.01.20 01:07:18 INFO  no build target found for C:\Users\USER\Desktop\Verilog\Verilog\Scala\operator.scala. Using presentation compiler with project's scala-library version: 3.3.6
2026.01.20 01:07:18 INFO  no build target found for C:\Users\USER\Desktop\Verilog\Verilog\Scala\operator.scala. Using presentation compiler with project's scala-library version: 3.3.6
2026.01.20 01:07:18 INFO  no build target found for C:\Users\USER\Desktop\Verilog\Verilog\Scala\operator.scala. Using presentation compiler with project's scala-library version: 3.3.6
2026.01.20 01:07:18 INFO  no build target found for C:\Users\USER\Desktop\Verilog\Verilog\Scala\operator.scala. Using presentation compiler with project's scala-library version: 3.3.6
2026.01.20 01:07:19 INFO  no build target found for C:\Users\USER\Desktop\Verilog\Verilog\Scala\operator.scala. Using presentation compiler with project's scala-library version: 3.3.6
2026.01.20 01:07:19 INFO  no build target found for C:\Users\USER\Desktop\Verilog\Verilog\Scala\operator.scala. Using presentation compiler with project's scala-library version: 3.3.6
2026.01.20 01:07:18 INFO  no build target found for C:\Users\USER\Desktop\Verilog\Verilog\Scala\operator.scala. Using presentation compiler with project's scala-library version: 3.3.6
2026.01.20 01:07:19 INFO  no build target found for C:\Users\USER\Desktop\Verilog\Verilog\Scala\operator.scala. Using presentation compiler with project's scala-library version: 3.3.6
2026.01.20 01:07:19 INFO  no build target found for C:\Users\USER\Desktop\Verilog\Verilog\Scala\operator.scala. Using presentation compiler with project's scala-library version: 3.3.6
2026.01.20 01:07:20 INFO  no build target found for C:\Users\USER\Desktop\Verilog\Verilog\Scala\operator.scala. Using presentation compiler with project's scala-library version: 3.3.6
2026.01.20 01:07:19 INFO  no build target found for C:\Users\USER\Desktop\Verilog\Verilog\Scala\operator.scala. Using presentation compiler with project's scala-library version: 3.3.6
2026.01.20 01:07:19 INFO  no build target found for C:\Users\USER\Desktop\Verilog\Verilog\Scala\operator.scala. Using presentation compiler with project's scala-library version: 3.3.6
2026.01.20 01:07:20 INFO  no build target found for C:\Users\USER\Desktop\Verilog\Verilog\Scala\operator.scala. Using presentation compiler with project's scala-library version: 3.3.6
2026.01.20 01:07:20 INFO  no build target found for C:\Users\USER\Desktop\Verilog\Verilog\Scala\operator.scala. Using presentation compiler with project's scala-library version: 3.3.6
2026.01.20 01:07:19 INFO  no build target found for C:\Users\USER\Desktop\Verilog\Verilog\Scala\operator.scala. Using presentation compiler with project's scala-library version: 3.3.6
2026.01.20 01:07:20 INFO  no build target found for C:\Users\USER\Desktop\Verilog\Verilog\Scala\operator.scala. Using presentation compiler with project's scala-library version: 3.3.6
2026.01.20 01:07:20 INFO  no build target found for C:\Users\USER\Desktop\Verilog\Verilog\Scala\operator.scala. Using presentation compiler with project's scala-library version: 3.3.6
2026.01.20 01:07:21 INFO  no build target found for C:\Users\USER\Desktop\Verilog\Verilog\Scala\operator.scala. Using presentation compiler with project's scala-library version: 3.3.6
2026.01.20 01:07:20 INFO  no build target found for C:\Users\USER\Desktop\Verilog\Verilog\Scala\operator.scala. Using presentation compiler with project's scala-library version: 3.3.6
2026.01.20 01:07:21 INFO  no build target found for C:\Users\USER\Desktop\Verilog\Verilog\Scala\operator.scala. Using presentation compiler with project's scala-library version: 3.3.6
2026.01.20 01:07:20 INFO  no build target found for C:\Users\USER\Desktop\Verilog\Verilog\Scala\operator.scala. Using presentation compiler with project's scala-library version: 3.3.6
2026.01.20 01:07:20 INFO  no build target found for C:\Users\USER\Desktop\Verilog\Verilog\Scala\operator.scala. Using presentation compiler with project's scala-library version: 3.3.6
2026.01.20 01:07:21 INFO  no build target found for C:\Users\USER\Desktop\Verilog\Verilog\Scala\operator.scala. Using presentation compiler with project's scala-library version: 3.3.6
2026.01.20 01:07:21 INFO  no build target found for C:\Users\USER\Desktop\Verilog\Verilog\Scala\operator.scala. Using presentation compiler with project's scala-library version: 3.3.6
2026.01.20 01:07:20 INFO  no build target found for C:\Users\USER\Desktop\Verilog\Verilog\Scala\operator.scala. Using presentation compiler with project's scala-library version: 3.3.6
2026.01.20 01:07:22 INFO  no build target found for C:\Users\USER\Desktop\Verilog\Verilog\Scala\operator.scala. Using presentation compiler with project's scala-library version: 3.3.6
2026.01.20 01:07:25 INFO  no build target found for C:\Users\USER\Desktop\Verilog\Verilog\Scala\operator.scala. Using presentation compiler with project's scala-library version: 3.3.6
2026.01.20 01:07:25 INFO  no build target found for C:\Users\USER\Desktop\Verilog\Verilog\Scala\operator.scala. Using presentation compiler with project's scala-library version: 3.3.6
2026.01.20 01:07:25 INFO  no build target found for C:\Users\USER\Desktop\Verilog\Verilog\Scala\operator.scala. Using presentation compiler with project's scala-library version: 3.3.6
2026.01.20 01:07:25 INFO  no build target found for C:\Users\USER\Desktop\Verilog\Verilog\Scala\operator.scala. Using presentation compiler with project's scala-library version: 3.3.6
1月 20, 2026 1:07:25 上午 org.eclipse.lsp4j.jsonrpc.RemoteEndpoint handleCancellation
警告: Unmatched cancel notification for request id 934
2026.01.20 01:07:25 INFO  no build target found for C:\Users\USER\Desktop\Verilog\Verilog\Scala\operator.scala. Using presentation compiler with project's scala-library version: 3.3.6
2026.01.20 01:07:26 INFO  no build target found for C:\Users\USER\Desktop\Verilog\Verilog\Scala\operator.scala. Using presentation compiler with project's scala-library version: 3.3.6
2026.01.20 01:07:26 INFO  no build target found for C:\Users\USER\Desktop\Verilog\Verilog\Scala\operator.scala. Using presentation compiler with project's scala-library version: 3.3.6
2026.01.20 01:07:27 INFO  no build target found for C:\Users\USER\Desktop\Verilog\Verilog\Scala\operator.scala. Using presentation compiler with project's scala-library version: 3.3.6
2026.01.20 01:07:27 INFO  no build target found for C:\Users\USER\Desktop\Verilog\Verilog\Scala\operator.scala. Using presentation compiler with project's scala-library version: 3.3.6
2026.01.20 01:07:27 INFO  no build target found for C:\Users\USER\Desktop\Verilog\Verilog\Scala\operator.scala. Using presentation compiler with project's scala-library version: 3.3.6
2026.01.20 01:07:28 INFO  no build target found for C:\Users\USER\Desktop\Verilog\Verilog\Scala\operator.scala. Using presentation compiler with project's scala-library version: 3.3.6
2026.01.20 01:07:30 INFO  no build target found for C:\Users\USER\Desktop\Verilog\Verilog\Scala\operator.scala. Using presentation compiler with project's scala-library version: 3.3.6
2026.01.20 01:07:30 INFO  no build target found for C:\Users\USER\Desktop\Verilog\Verilog\Scala\operator.scala. Using presentation compiler with project's scala-library version: 3.3.6
2026.01.20 01:07:30 INFO  no build target found for C:\Users\USER\Desktop\Verilog\Verilog\Scala\operator.scala. Using presentation compiler with project's scala-library version: 3.3.6
2026.01.20 01:07:30 INFO  no build target found for C:\Users\USER\Desktop\Verilog\Verilog\Scala\operator.scala. Using presentation compiler with project's scala-library version: 3.3.6
2026.01.20 01:07:32 INFO  no build target found for C:\Users\USER\Desktop\Verilog\Verilog\Scala\operator.scala. Using presentation compiler with project's scala-library version: 3.3.6
2026.01.20 01:07:32 INFO  no build target found for C:\Users\USER\Desktop\Verilog\Verilog\Scala\operator.scala. Using presentation compiler with project's scala-library version: 3.3.6
2026.01.20 01:07:32 INFO  no build target found for C:\Users\USER\Desktop\Verilog\Verilog\Scala\operator.scala. Using presentation compiler with project's scala-library version: 3.3.6
2026.01.20 01:07:32 INFO  no build target found for C:\Users\USER\Desktop\Verilog\Verilog\Scala\operator.scala. Using presentation compiler with project's scala-library version: 3.3.6
2026.01.20 01:07:32 INFO  no build target found for C:\Users\USER\Desktop\Verilog\Verilog\Scala\operator.scala. Using presentation compiler with project's scala-library version: 3.3.6
2026.01.20 01:07:32 INFO  no build target found for C:\Users\USER\Desktop\Verilog\Verilog\Scala\operator.scala. Using presentation compiler with project's scala-library version: 3.3.6
2026.01.20 01:07:32 INFO  no build target found for C:\Users\USER\Desktop\Verilog\Verilog\Scala\operator.scala. Using presentation compiler with project's scala-library version: 3.3.6
2026.01.20 01:07:33 INFO  no build target found for C:\Users\USER\Desktop\Verilog\Verilog\Scala\operator.scala. Using presentation compiler with project's scala-library version: 3.3.6
2026.01.20 01:07:32 INFO  no build target found for C:\Users\USER\Desktop\Verilog\Verilog\Scala\operator.scala. Using presentation compiler with project's scala-library version: 3.3.6
2026.01.20 01:07:33 INFO  no build target found for C:\Users\USER\Desktop\Verilog\Verilog\Scala\operator.scala. Using presentation compiler with project's scala-library version: 3.3.6
2026.01.20 01:07:33 INFO  no build target found for C:\Users\USER\Desktop\Verilog\Verilog\Scala\operator.scala. Using presentation compiler with project's scala-library version: 3.3.6
2026.01.20 01:07:34 INFO  no build target found for C:\Users\USER\Desktop\Verilog\Verilog\Scala\operator.scala. Using presentation compiler with project's scala-library version: 3.3.6
2026.01.20 01:07:34 INFO  no build target found for C:\Users\USER\Desktop\Verilog\Verilog\Scala\operator.scala. Using presentation compiler with project's scala-library version: 3.3.6
2026.01.20 01:07:33 INFO  no build target found for C:\Users\USER\Desktop\Verilog\Verilog\Scala\operator.scala. Using presentation compiler with project's scala-library version: 3.3.6
2026.01.20 01:07:34 INFO  no build target found for C:\Users\USER\Desktop\Verilog\Verilog\Scala\operator.scala. Using presentation compiler with project's scala-library version: 3.3.6
2026.01.20 01:07:34 INFO  no build target found for C:\Users\USER\Desktop\Verilog\Verilog\Scala\operator.scala. Using presentation compiler with project's scala-library version: 3.3.6
2026.01.20 01:07:34 INFO  no build target found for C:\Users\USER\Desktop\Verilog\Verilog\Scala\operator.scala. Using presentation compiler with project's scala-library version: 3.3.6
2026.01.20 01:07:34 INFO  no build target found for C:\Users\USER\Desktop\Verilog\Verilog\Scala\operator.scala. Using presentation compiler with project's scala-library version: 3.3.6
2026.01.20 01:07:34 INFO  no build target found for C:\Users\USER\Desktop\Verilog\Verilog\Scala\operator.scala. Using presentation compiler with project's scala-library version: 3.3.6
2026.01.20 01:07:35 INFO  no build target found for C:\Users\USER\Desktop\Verilog\Verilog\Scala\operator.scala. Using presentation compiler with project's scala-library version: 3.3.6
2026.01.20 01:07:35 INFO  no build target found for C:\Users\USER\Desktop\Verilog\Verilog\Scala\operator.scala. Using presentation compiler with project's scala-library version: 3.3.6
2026.01.20 01:07:36 INFO  no build target found for C:\Users\USER\Desktop\Verilog\Verilog\Scala\operator.scala. Using presentation compiler with project's scala-library version: 3.3.6
2026.01.20 01:07:35 INFO  no build target found for C:\Users\USER\Desktop\Verilog\Verilog\Scala\operator.scala. Using presentation compiler with project's scala-library version: 3.3.6
2026.01.20 01:07:36 INFO  no build target found for C:\Users\USER\Desktop\Verilog\Verilog\Scala\operator.scala. Using presentation compiler with project's scala-library version: 3.3.6
2026.01.20 01:07:35 INFO  no build target found for C:\Users\USER\Desktop\Verilog\Verilog\Scala\operator.scala. Using presentation compiler with project's scala-library version: 3.3.6
2026.01.20 01:07:37 INFO  no build target found for C:\Users\USER\Desktop\Verilog\Verilog\Scala\operator.scala. Using presentation compiler with project's scala-library version: 3.3.6
2026.01.20 01:07:37 INFO  no build target found for C:\Users\USER\Desktop\Verilog\Verilog\Scala\operator.scala. Using presentation compiler with project's scala-library version: 3.3.6
2026.01.20 01:07:37 INFO  no build target found for C:\Users\USER\Desktop\Verilog\Verilog\Scala\operator.scala. Using presentation compiler with project's scala-library version: 3.3.6
2026.01.20 01:07:37 INFO  no build target found for C:\Users\USER\Desktop\Verilog\Verilog\Scala\operator.scala. Using presentation compiler with project's scala-library version: 3.3.6
2026.01.20 01:07:37 INFO  no build target found for C:\Users\USER\Desktop\Verilog\Verilog\Scala\operator.scala. Using presentation compiler with project's scala-library version: 3.3.6
2026.01.20 01:07:37 INFO  no build target found for C:\Users\USER\Desktop\Verilog\Verilog\Scala\operator.scala. Using presentation compiler with project's scala-library version: 3.3.6
2026.01.20 01:07:37 INFO  no build target found for C:\Users\USER\Desktop\Verilog\Verilog\Scala\operator.scala. Using presentation compiler with project's scala-library version: 3.3.6
2026.01.20 01:07:37 INFO  no build target found for C:\Users\USER\Desktop\Verilog\Verilog\Scala\operator.scala. Using presentation compiler with project's scala-library version: 3.3.6
2026.01.20 01:07:37 INFO  no build target found for C:\Users\USER\Desktop\Verilog\Verilog\Scala\operator.scala. Using presentation compiler with project's scala-library version: 3.3.6
2026.01.20 01:07:37 INFO  no build target found for C:\Users\USER\Desktop\Verilog\Verilog\Scala\operator.scala. Using presentation compiler with project's scala-library version: 3.3.6
2026.01.20 01:07:37 INFO  no build target found for C:\Users\USER\Desktop\Verilog\Verilog\Scala\operator.scala. Using presentation compiler with project's scala-library version: 3.3.6
2026.01.20 01:07:38 INFO  no build target found for C:\Users\USER\Desktop\Verilog\Verilog\Scala\operator.scala. Using presentation compiler with project's scala-library version: 3.3.6
2026.01.20 01:07:38 INFO  no build target found for C:\Users\USER\Desktop\Verilog\Verilog\Scala\operator.scala. Using presentation compiler with project's scala-library version: 3.3.6
2026.01.20 01:07:38 INFO  no build target found for C:\Users\USER\Desktop\Verilog\Verilog\Scala\operator.scala. Using presentation compiler with project's scala-library version: 3.3.6
2026.01.20 01:07:40 INFO  no build target found for C:\Users\USER\Desktop\Verilog\Verilog\Scala\operator.scala. Using presentation compiler with project's scala-library version: 3.3.6
2026.01.20 01:07:40 INFO  no build target found for C:\Users\USER\Desktop\Verilog\Verilog\Scala\operator.scala. Using presentation compiler with project's scala-library version: 3.3.6
2026.01.20 01:07:40 INFO  no build target found for C:\Users\USER\Desktop\Verilog\Verilog\Scala\operator.scala. Using presentation compiler with project's scala-library version: 3.3.6
2026.01.20 01:07:50 INFO  no build target found for C:\Users\USER\Desktop\Verilog\Verilog\Scala\operator.scala. Using presentation compiler with project's scala-library version: 3.3.6
2026.01.20 01:07:50 INFO  no build target found for C:\Users\USER\Desktop\Verilog\Verilog\Scala\operator.scala. Using presentation compiler with project's scala-library version: 3.3.6
2026.01.20 01:07:50 INFO  no build target found for C:\Users\USER\Desktop\Verilog\Verilog\Scala\operator.scala. Using presentation compiler with project's scala-library version: 3.3.6
2026.01.20 01:07:50 INFO  no build target found for C:\Users\USER\Desktop\Verilog\Verilog\Scala\operator.scala. Using presentation compiler with project's scala-library version: 3.3.6
2026.01.20 01:07:50 INFO  no build target found for C:\Users\USER\Desktop\Verilog\Verilog\Scala\operator.scala. Using presentation compiler with project's scala-library version: 3.3.6
2026.01.20 01:07:50 INFO  no build target found for C:\Users\USER\Desktop\Verilog\Verilog\Scala\operator.scala. Using presentation compiler with project's scala-library version: 3.3.6
2026.01.20 01:07:51 INFO  no build target found for C:\Users\USER\Desktop\Verilog\Verilog\Scala\operator.scala. Using presentation compiler with project's scala-library version: 3.3.6
2026.01.20 01:07:50 INFO  no build target found for C:\Users\USER\Desktop\Verilog\Verilog\Scala\operator.scala. Using presentation compiler with project's scala-library version: 3.3.6
1月 20, 2026 1:07:51 上午 org.eclipse.lsp4j.jsonrpc.RemoteEndpoint handleCancellation
警告: Unmatched cancel notification for request id 1040
1月 20, 2026 1:07:51 上午 org.eclipse.lsp4j.jsonrpc.RemoteEndpoint handleCancellation
警告: Unmatched cancel notification for request id 1042
2026.01.20 01:07:50 INFO  no build target found for C:\Users\USER\Desktop\Verilog\Verilog\Scala\operator.scala. Using presentation compiler with project's scala-library version: 3.3.6
2026.01.20 01:07:51 INFO  no build target found for C:\Users\USER\Desktop\Verilog\Verilog\Scala\operator.scala. Using presentation compiler with project's scala-library version: 3.3.6
2026.01.20 01:07:51 INFO  no build target found for C:\Users\USER\Desktop\Verilog\Verilog\Scala\operator.scala. Using presentation compiler with project's scala-library version: 3.3.6
2026.01.20 01:07:51 INFO  no build target found for C:\Users\USER\Desktop\Verilog\Verilog\Scala\operator.scala. Using presentation compiler with project's scala-library version: 3.3.6
2026.01.20 01:07:51 INFO  no build target found for C:\Users\USER\Desktop\Verilog\Verilog\Scala\operator.scala. Using presentation compiler with project's scala-library version: 3.3.6
2026.01.20 01:07:51 INFO  no build target found for C:\Users\USER\Desktop\Verilog\Verilog\Scala\operator.scala. Using presentation compiler with project's scala-library version: 3.3.6
2026.01.20 01:07:51 INFO  no build target found for C:\Users\USER\Desktop\Verilog\Verilog\Scala\operator.scala. Using presentation compiler with project's scala-library version: 3.3.6
2026.01.20 01:07:51 INFO  no build target found for C:\Users\USER\Desktop\Verilog\Verilog\Scala\operator.scala. Using presentation compiler with project's scala-library version: 3.3.6
2026.01.20 01:07:51 INFO  no build target found for C:\Users\USER\Desktop\Verilog\Verilog\Scala\operator.scala. Using presentation compiler with project's scala-library version: 3.3.6
2026.01.20 01:07:51 INFO  no build target found for C:\Users\USER\Desktop\Verilog\Verilog\Scala\operator.scala. Using presentation compiler with project's scala-library version: 3.3.6
2026.01.20 01:07:52 INFO  no build target found for C:\Users\USER\Desktop\Verilog\Verilog\Scala\operator.scala. Using presentation compiler with project's scala-library version: 3.3.6
2026.01.20 01:07:52 INFO  no build target found for C:\Users\USER\Desktop\Verilog\Verilog\Scala\operator.scala. Using presentation compiler with project's scala-library version: 3.3.6
2026.01.20 01:07:52 INFO  no build target found for C:\Users\USER\Desktop\Verilog\Verilog\Scala\operator.scala. Using presentation compiler with project's scala-library version: 3.3.6
2026.01.20 01:07:52 INFO  no build target found for C:\Users\USER\Desktop\Verilog\Verilog\Scala\operator.scala. Using presentation compiler with project's scala-library version: 3.3.6
2026.01.20 01:07:53 INFO  no build target found for C:\Users\USER\Desktop\Verilog\Verilog\Scala\operator.scala. Using presentation compiler with project's scala-library version: 3.3.6
2026.01.20 01:07:52 INFO  no build target found for C:\Users\USER\Desktop\Verilog\Verilog\Scala\operator.scala. Using presentation compiler with project's scala-library version: 3.3.6
2026.01.20 01:07:53 INFO  no build target found for C:\Users\USER\Desktop\Verilog\Verilog\Scala\operator.scala. Using presentation compiler with project's scala-library version: 3.3.6
2026.01.20 01:07:54 INFO  no build target found for C:\Users\USER\Desktop\Verilog\Verilog\Scala\operator.scala. Using presentation compiler with project's scala-library version: 3.3.6
2026.01.20 01:07:54 INFO  no build target found for C:\Users\USER\Desktop\Verilog\Verilog\Scala\operator.scala. Using presentation compiler with project's scala-library version: 3.3.6
2026.01.20 01:07:53 INFO  no build target found for C:\Users\USER\Desktop\Verilog\Verilog\Scala\operator.scala. Using presentation compiler with project's scala-library version: 3.3.6
2026.01.20 01:07:54 INFO  no build target found for C:\Users\USER\Desktop\Verilog\Verilog\Scala\operator.scala. Using presentation compiler with project's scala-library version: 3.3.6
2026.01.20 01:07:54 INFO  no build target found for C:\Users\USER\Desktop\Verilog\Verilog\Scala\operator.scala. Using presentation compiler with project's scala-library version: 3.3.6
2026.01.20 01:07:54 INFO  no build target found for C:\Users\USER\Desktop\Verilog\Verilog\Scala\operator.scala. Using presentation compiler with project's scala-library version: 3.3.6
2026.01.20 01:07:54 INFO  no build target found for C:\Users\USER\Desktop\Verilog\Verilog\Scala\operator.scala. Using presentation compiler with project's scala-library version: 3.3.6
2026.01.20 01:07:54 INFO  no build target found for C:\Users\USER\Desktop\Verilog\Verilog\Scala\operator.scala. Using presentation compiler with project's scala-library version: 3.3.6
2026.01.20 01:07:54 INFO  no build target found for C:\Users\USER\Desktop\Verilog\Verilog\Scala\operator.scala. Using presentation compiler with project's scala-library version: 3.3.6
2026.01.20 01:07:54 INFO  no build target found for C:\Users\USER\Desktop\Verilog\Verilog\Scala\operator.scala. Using presentation compiler with project's scala-library version: 3.3.6
2026.01.20 01:07:54 INFO  no build target found for C:\Users\USER\Desktop\Verilog\Verilog\Scala\operator.scala. Using presentation compiler with project's scala-library version: 3.3.6
2026.01.20 01:07:55 INFO  no build target found for C:\Users\USER\Desktop\Verilog\Verilog\Scala\operator.scala. Using presentation compiler with project's scala-library version: 3.3.6
2026.01.20 01:07:54 INFO  no build target found for C:\Users\USER\Desktop\Verilog\Verilog\Scala\operator.scala. Using presentation compiler with project's scala-library version: 3.3.6
2026.01.20 01:07:55 INFO  no build target found for C:\Users\USER\Desktop\Verilog\Verilog\Scala\operator.scala. Using presentation compiler with project's scala-library version: 3.3.6
2026.01.20 01:07:55 INFO  no build target found for C:\Users\USER\Desktop\Verilog\Verilog\Scala\operator.scala. Using presentation compiler with project's scala-library version: 3.3.6
2026.01.20 01:07:57 ERROR scalafmt: [3.10.0] C:\Users\USER\Desktop\Verilog\Verilog\Scala\operator.scala:3: error: [dialect scala213] illegal start of declaration (possible cause: missing `=' in front of current method body)
        Score = s;
        ^
2026.01.20 01:07:58 INFO  no build target found for C:\Users\USER\Desktop\Verilog\Verilog\Scala\operator.scala. Using presentation compiler with project's scala-library version: 3.3.6
2026.01.20 01:07:58 WARN  no build target for: C:\Users\USER\Desktop\Verilog\Verilog\Scala\operator.scala
2026.01.20 01:07:58 INFO  no build target found for C:\Users\USER\Desktop\Verilog\Verilog\Scala\operator.scala. Using presentation compiler with project's scala-library version: 3.3.6
2026.01.20 01:07:58 INFO  skipping build import with status 'Failed'
2026.01.20 01:07:57 INFO  no build target found for C:\Users\USER\Desktop\Verilog\Verilog\Scala\operator.scala. Using presentation compiler with project's scala-library version: 3.3.6
2026.01.20 01:08:00 INFO  no build target found for C:\Users\USER\Desktop\Verilog\Verilog\Scala\operator.scala. Using presentation compiler with project's scala-library version: 3.3.6
2026.01.20 01:08:00 INFO  no build target found for C:\Users\USER\Desktop\Verilog\Verilog\Scala\operator.scala. Using presentation compiler with project's scala-library version: 3.3.6
2026.01.20 01:08:00 INFO  no build target found for C:\Users\USER\Desktop\Verilog\Verilog\Scala\operator.scala. Using presentation compiler with project's scala-library version: 3.3.6
2026.01.20 01:08:00 INFO  no build target found for C:\Users\USER\Desktop\Verilog\Verilog\Scala\operator.scala. Using presentation compiler with project's scala-library version: 3.3.6
2026.01.20 01:08:03 INFO  no build target found for C:\Users\USER\Desktop\Verilog\Verilog\Scala\operator.scala. Using presentation compiler with project's scala-library version: 3.3.6
2026.01.20 01:08:03 INFO  no build target found for C:\Users\USER\Desktop\Verilog\Verilog\Scala\operator.scala. Using presentation compiler with project's scala-library version: 3.3.6
2026.01.20 01:08:03 INFO  no build target found for C:\Users\USER\Desktop\Verilog\Verilog\Scala\operator.scala. Using presentation compiler with project's scala-library version: 3.3.6
2026.01.20 01:08:04 INFO  no build target found for C:\Users\USER\Desktop\Verilog\Verilog\Scala\operator.scala. Using presentation compiler with project's scala-library version: 3.3.6
2026.01.20 01:08:04 INFO  no build target found for C:\Users\USER\Desktop\Verilog\Verilog\Scala\operator.scala. Using presentation compiler with project's scala-library version: 3.3.6
2026.01.20 01:08:09 WARN  no build target for: C:\Users\USER\Desktop\Verilog\Verilog\Scala\student.scala
2026.01.20 01:08:09 INFO  no build target found for C:\Users\USER\Desktop\Verilog\Verilog\Scala\student.scala. Using presentation compiler with project's scala-library version: 3.3.6
2026.01.20 01:08:09 INFO  no build target found for C:\Users\USER\Desktop\Verilog\Verilog\Scala\student.scala. Using presentation compiler with project's scala-library version: 3.3.6
2026.01.20 01:08:09 INFO  no build target found for C:\Users\USER\Desktop\Verilog\Verilog\Scala\student.scala. Using presentation compiler with project's scala-library version: 3.3.6
2026.01.20 01:08:12 WARN  no build target for: C:\Users\USER\Desktop\Verilog\Verilog\Scala\operator.scala
2026.01.20 01:08:12 INFO  no build target found for C:\Users\USER\Desktop\Verilog\Verilog\Scala\operator.scala. Using presentation compiler with project's scala-library version: 3.3.6
2026.01.20 01:08:12 INFO  no build target found for C:\Users\USER\Desktop\Verilog\Verilog\Scala\operator.scala. Using presentation compiler with project's scala-library version: 3.3.6
2026.01.20 01:08:12 INFO  no build target found for C:\Users\USER\Desktop\Verilog\Verilog\Scala\operator.scala. Using presentation compiler with project's scala-library version: 3.3.6
2026.01.20 01:08:12 INFO  no build target found for C:\Users\USER\Desktop\Verilog\Verilog\Scala\operator.scala. Using presentation compiler with project's scala-library version: 3.3.6
2026.01.20 01:08:12 INFO  no build target found for C:\Users\USER\Desktop\Verilog\Verilog\Scala\operator.scala. Using presentation compiler with project's scala-library version: 3.3.6
2026.01.20 01:08:12 INFO  no build target found for C:\Users\USER\Desktop\Verilog\Verilog\Scala\operator.scala. Using presentation compiler with project's scala-library version: 3.3.6
2026.01.20 01:08:13 INFO  no build target found for C:\Users\USER\Desktop\Verilog\Verilog\Scala\operator.scala. Using presentation compiler with project's scala-library version: 3.3.6
2026.01.20 01:08:13 INFO  no build target found for C:\Users\USER\Desktop\Verilog\Verilog\Scala\operator.scala. Using presentation compiler with project's scala-library version: 3.3.6
2026.01.20 01:08:13 INFO  no build target found for C:\Users\USER\Desktop\Verilog\Verilog\Scala\operator.scala. Using presentation compiler with project's scala-library version: 3.3.6
2026.01.20 01:08:14 INFO  no build target found for C:\Users\USER\Desktop\Verilog\Verilog\Scala\operator.scala. Using presentation compiler with project's scala-library version: 3.3.6
2026.01.20 01:08:14 INFO  no build target found for C:\Users\USER\Desktop\Verilog\Verilog\Scala\operator.scala. Using presentation compiler with project's scala-library version: 3.3.6
2026.01.20 01:08:14 INFO  no build target found for C:\Users\USER\Desktop\Verilog\Verilog\Scala\operator.scala. Using presentation compiler with project's scala-library version: 3.3.6
2026.01.20 01:08:14 INFO  no build target found for C:\Users\USER\Desktop\Verilog\Verilog\Scala\operator.scala. Using presentation compiler with project's scala-library version: 3.3.6
2026.01.20 01:08:15 INFO  no build target found for C:\Users\USER\Desktop\Verilog\Verilog\Scala\operator.scala. Using presentation compiler with project's scala-library version: 3.3.6
2026.01.20 01:08:15 INFO  no build target found for C:\Users\USER\Desktop\Verilog\Verilog\Scala\operator.scala. Using presentation compiler with project's scala-library version: 3.3.6
2026.01.20 01:08:16 INFO  no build target found for C:\Users\USER\Desktop\Verilog\Verilog\Scala\operator.scala. Using presentation compiler with project's scala-library version: 3.3.6
2026.01.20 01:08:16 WARN  no build target for: C:\Users\USER\Desktop\Verilog\Verilog\Scala\operator.scala
2026.01.20 01:08:16 INFO  no build target found for C:\Users\USER\Desktop\Verilog\Verilog\Scala\operator.scala. Using presentation compiler with project's scala-library version: 3.3.6
2026.01.20 01:08:16 INFO  skipping build import with status 'Failed'
2026.01.20 01:08:15 INFO  no build target found for C:\Users\USER\Desktop\Verilog\Verilog\Scala\operator.scala. Using presentation compiler with project's scala-library version: 3.3.6
2026.01.20 01:08:17 INFO  no build target found for C:\Users\USER\Desktop\Verilog\Verilog\Scala\operator.scala. Using presentation compiler with project's scala-library version: 3.3.6
2026.01.20 01:08:17 INFO  no build target found for C:\Users\USER\Desktop\Verilog\Verilog\Scala\operator.scala. Using presentation compiler with project's scala-library version: 3.3.6
2026.01.20 01:08:18 INFO  no build target found for C:\Users\USER\Desktop\Verilog\Verilog\Scala\operator.scala. Using presentation compiler with project's scala-library version: 3.3.6
2026.01.20 01:08:19 INFO  no build target found for C:\Users\USER\Desktop\Verilog\Verilog\Scala\operator.scala. Using presentation compiler with project's scala-library version: 3.3.6
2026.01.20 01:08:19 INFO  no build target found for C:\Users\USER\Desktop\Verilog\Verilog\Scala\operator.scala. Using presentation compiler with project's scala-library version: 3.3.6
2026.01.20 01:08:26 INFO  no build target found for C:\Users\USER\Desktop\Verilog\Verilog\Scala\operator.scala. Using presentation compiler with project's scala-library version: 3.3.6
2026.01.20 01:08:26 INFO  no build target found for C:\Users\USER\Desktop\Verilog\Verilog\Scala\operator.scala. Using presentation compiler with project's scala-library version: 3.3.6
2026.01.20 01:08:26 INFO  no build target found for C:\Users\USER\Desktop\Verilog\Verilog\Scala\operator.scala. Using presentation compiler with project's scala-library version: 3.3.6
2026.01.20 01:08:26 INFO  no build target found for C:\Users\USER\Desktop\Verilog\Verilog\Scala\operator.scala. Using presentation compiler with project's scala-library version: 3.3.6
2026.01.20 01:08:26 INFO  no build target found for C:\Users\USER\Desktop\Verilog\Verilog\Scala\operator.scala. Using presentation compiler with project's scala-library version: 3.3.6
2026.01.20 01:08:26 INFO  no build target found for C:\Users\USER\Desktop\Verilog\Verilog\Scala\operator.scala. Using presentation compiler with project's scala-library version: 3.3.6
2026.01.20 01:08:26 INFO  no build target found for C:\Users\USER\Desktop\Verilog\Verilog\Scala\operator.scala. Using presentation compiler with project's scala-library version: 3.3.6
2026.01.20 01:08:27 INFO  no build target found for C:\Users\USER\Desktop\Verilog\Verilog\Scala\operator.scala. Using presentation compiler with project's scala-library version: 3.3.6
2026.01.20 01:08:26 INFO  no build target found for C:\Users\USER\Desktop\Verilog\Verilog\Scala\operator.scala. Using presentation compiler with project's scala-library version: 3.3.6
2026.01.20 01:08:27 INFO  no build target found for C:\Users\USER\Desktop\Verilog\Verilog\Scala\operator.scala. Using presentation compiler with project's scala-library version: 3.3.6
2026.01.20 01:08:27 INFO  no build target found for C:\Users\USER\Desktop\Verilog\Verilog\Scala\operator.scala. Using presentation compiler with project's scala-library version: 3.3.6
2026.01.20 01:08:29 INFO  no build target found for C:\Users\USER\Desktop\Verilog\Verilog\Scala\operator.scala. Using presentation compiler with project's scala-library version: 3.3.6
2026.01.20 01:08:29 INFO  no build target found for C:\Users\USER\Desktop\Verilog\Verilog\Scala\operator.scala. Using presentation compiler with project's scala-library version: 3.3.6
2026.01.20 01:08:29 INFO  no build target found for C:\Users\USER\Desktop\Verilog\Verilog\Scala\operator.scala. Using presentation compiler with project's scala-library version: 3.3.6
2026.01.20 01:08:29 INFO  no build target found for C:\Users\USER\Desktop\Verilog\Verilog\Scala\operator.scala. Using presentation compiler with project's scala-library version: 3.3.6
2026.01.20 01:08:29 INFO  no build target found for C:\Users\USER\Desktop\Verilog\Verilog\Scala\operator.scala. Using presentation compiler with project's scala-library version: 3.3.6
2026.01.20 01:08:29 INFO  no build target found for C:\Users\USER\Desktop\Verilog\Verilog\Scala\operator.scala. Using presentation compiler with project's scala-library version: 3.3.6
2026.01.20 01:08:29 INFO  no build target found for C:\Users\USER\Desktop\Verilog\Verilog\Scala\operator.scala. Using presentation compiler with project's scala-library version: 3.3.6
2026.01.20 01:08:29 INFO  no build target found for C:\Users\USER\Desktop\Verilog\Verilog\Scala\operator.scala. Using presentation compiler with project's scala-library version: 3.3.6
2026.01.20 01:08:29 INFO  no build target found for C:\Users\USER\Desktop\Verilog\Verilog\Scala\operator.scala. Using presentation compiler with project's scala-library version: 3.3.6
2026.01.20 01:08:30 INFO  no build target found for C:\Users\USER\Desktop\Verilog\Verilog\Scala\operator.scala. Using presentation compiler with project's scala-library version: 3.3.6
2026.01.20 01:08:29 INFO  no build target found for C:\Users\USER\Desktop\Verilog\Verilog\Scala\operator.scala. Using presentation compiler with project's scala-library version: 3.3.6
2026.01.20 01:08:30 INFO  no build target found for C:\Users\USER\Desktop\Verilog\Verilog\Scala\operator.scala. Using presentation compiler with project's scala-library version: 3.3.6
2026.01.20 01:08:30 INFO  no build target found for C:\Users\USER\Desktop\Verilog\Verilog\Scala\operator.scala. Using presentation compiler with project's scala-library version: 3.3.6
2026.01.20 01:08:30 INFO  no build target found for C:\Users\USER\Desktop\Verilog\Verilog\Scala\operator.scala. Using presentation compiler with project's scala-library version: 3.3.6
2026.01.20 01:08:30 INFO  no build target found for C:\Users\USER\Desktop\Verilog\Verilog\Scala\operator.scala. Using presentation compiler with project's scala-library version: 3.3.6
2026.01.20 01:08:30 INFO  no build target found for C:\Users\USER\Desktop\Verilog\Verilog\Scala\operator.scala. Using presentation compiler with project's scala-library version: 3.3.6
2026.01.20 01:08:30 INFO  no build target found for C:\Users\USER\Desktop\Verilog\Verilog\Scala\operator.scala. Using presentation compiler with project's scala-library version: 3.3.6
2026.01.20 01:08:31 INFO  no build target found for C:\Users\USER\Desktop\Verilog\Verilog\Scala\operator.scala. Using presentation compiler with project's scala-library version: 3.3.6
2026.01.20 01:08:31 INFO  no build target found for C:\Users\USER\Desktop\Verilog\Verilog\Scala\operator.scala. Using presentation compiler with project's scala-library version: 3.3.6
2026.01.20 01:08:32 INFO  no build target found for C:\Users\USER\Desktop\Verilog\Verilog\Scala\operator.scala. Using presentation compiler with project's scala-library version: 3.3.6
2026.01.20 01:08:32 INFO  no build target found for C:\Users\USER\Desktop\Verilog\Verilog\Scala\operator.scala. Using presentation compiler with project's scala-library version: 3.3.6
2026.01.20 01:08:31 INFO  no build target found for C:\Users\USER\Desktop\Verilog\Verilog\Scala\operator.scala. Using presentation compiler with project's scala-library version: 3.3.6
2026.01.20 01:08:31 INFO  no build target found for C:\Users\USER\Desktop\Verilog\Verilog\Scala\operator.scala. Using presentation compiler with project's scala-library version: 3.3.6
2026.01.20 01:08:31 INFO  no build target found for C:\Users\USER\Desktop\Verilog\Verilog\Scala\operator.scala. Using presentation compiler with project's scala-library version: 3.3.6
2026.01.20 01:08:32 INFO  no build target found for C:\Users\USER\Desktop\Verilog\Verilog\Scala\operator.scala. Using presentation compiler with project's scala-library version: 3.3.6
2026.01.20 01:08:32 INFO  no build target found for C:\Users\USER\Desktop\Verilog\Verilog\Scala\operator.scala. Using presentation compiler with project's scala-library version: 3.3.6
2026.01.20 01:08:32 INFO  no build target found for C:\Users\USER\Desktop\Verilog\Verilog\Scala\operator.scala. Using presentation compiler with project's scala-library version: 3.3.6
2026.01.20 01:08:32 INFO  no build target found for C:\Users\USER\Desktop\Verilog\Verilog\Scala\operator.scala. Using presentation compiler with project's scala-library version: 3.3.6
2026.01.20 01:08:32 INFO  no build target found for C:\Users\USER\Desktop\Verilog\Verilog\Scala\operator.scala. Using presentation compiler with project's scala-library version: 3.3.6
2026.01.20 01:08:33 INFO  no build target found for C:\Users\USER\Desktop\Verilog\Verilog\Scala\operator.scala. Using presentation compiler with project's scala-library version: 3.3.6
2026.01.20 01:08:34 INFO  no build target found for C:\Users\USER\Desktop\Verilog\Verilog\Scala\operator.scala. Using presentation compiler with project's scala-library version: 3.3.6
2026.01.20 01:08:34 INFO  no build target found for C:\Users\USER\Desktop\Verilog\Verilog\Scala\operator.scala. Using presentation compiler with project's scala-library version: 3.3.6
2026.01.20 01:08:35 INFO  no build target found for C:\Users\USER\Desktop\Verilog\Verilog\Scala\operator.scala. Using presentation compiler with project's scala-library version: 3.3.6
2026.01.20 01:08:35 INFO  no build target found for C:\Users\USER\Desktop\Verilog\Verilog\Scala\operator.scala. Using presentation compiler with project's scala-library version: 3.3.6
2026.01.20 01:08:35 INFO  no build target found for C:\Users\USER\Desktop\Verilog\Verilog\Scala\operator.scala. Using presentation compiler with project's scala-library version: 3.3.6
2026.01.20 01:08:35 INFO  no build target found for C:\Users\USER\Desktop\Verilog\Verilog\Scala\operator.scala. Using presentation compiler with project's scala-library version: 3.3.6
2026.01.20 01:08:35 INFO  no build target found for C:\Users\USER\Desktop\Verilog\Verilog\Scala\operator.scala. Using presentation compiler with project's scala-library version: 3.3.6
2026.01.20 01:08:35 INFO  no build target found for C:\Users\USER\Desktop\Verilog\Verilog\Scala\operator.scala. Using presentation compiler with project's scala-library version: 3.3.6
2026.01.20 01:08:35 INFO  no build target found for C:\Users\USER\Desktop\Verilog\Verilog\Scala\operator.scala. Using presentation compiler with project's scala-library version: 3.3.6
2026.01.20 01:08:35 INFO  no build target found for C:\Users\USER\Desktop\Verilog\Verilog\Scala\operator.scala. Using presentation compiler with project's scala-library version: 3.3.6
2026.01.20 01:08:35 INFO  no build target found for C:\Users\USER\Desktop\Verilog\Verilog\Scala\operator.scala. Using presentation compiler with project's scala-library version: 3.3.6
2026.01.20 01:08:36 INFO  no build target found for C:\Users\USER\Desktop\Verilog\Verilog\Scala\operator.scala. Using presentation compiler with project's scala-library version: 3.3.6
2026.01.20 01:08:36 INFO  no build target found for C:\Users\USER\Desktop\Verilog\Verilog\Scala\operator.scala. Using presentation compiler with project's scala-library version: 3.3.6
2026.01.20 01:08:36 INFO  no build target found for C:\Users\USER\Desktop\Verilog\Verilog\Scala\operator.scala. Using presentation compiler with project's scala-library version: 3.3.6
2026.01.20 01:08:36 INFO  no build target found for C:\Users\USER\Desktop\Verilog\Verilog\Scala\operator.scala. Using presentation compiler with project's scala-library version: 3.3.6
2026.01.20 01:08:36 INFO  no build target found for C:\Users\USER\Desktop\Verilog\Verilog\Scala\operator.scala. Using presentation compiler with project's scala-library version: 3.3.6
2026.01.20 01:08:36 INFO  no build target found for C:\Users\USER\Desktop\Verilog\Verilog\Scala\operator.scala. Using presentation compiler with project's scala-library version: 3.3.6
2026.01.20 01:08:36 INFO  no build target found for C:\Users\USER\Desktop\Verilog\Verilog\Scala\operator.scala. Using presentation compiler with project's scala-library version: 3.3.6
2026.01.20 01:08:36 INFO  no build target found for C:\Users\USER\Desktop\Verilog\Verilog\Scala\operator.scala. Using presentation compiler with project's scala-library version: 3.3.6
2026.01.20 01:08:36 INFO  no build target found for C:\Users\USER\Desktop\Verilog\Verilog\Scala\operator.scala. Using presentation compiler with project's scala-library version: 3.3.6
2026.01.20 01:08:36 INFO  no build target found for C:\Users\USER\Desktop\Verilog\Verilog\Scala\operator.scala. Using presentation compiler with project's scala-library version: 3.3.6
2026.01.20 01:08:36 INFO  no build target found for C:\Users\USER\Desktop\Verilog\Verilog\Scala\operator.scala. Using presentation compiler with project's scala-library version: 3.3.6
2026.01.20 01:08:36 INFO  no build target found for C:\Users\USER\Desktop\Verilog\Verilog\Scala\operator.scala. Using presentation compiler with project's scala-library version: 3.3.6
2026.01.20 01:08:37 INFO  no build target found for C:\Users\USER\Desktop\Verilog\Verilog\Scala\operator.scala. Using presentation compiler with project's scala-library version: 3.3.6
2026.01.20 01:08:37 INFO  no build target found for C:\Users\USER\Desktop\Verilog\Verilog\Scala\operator.scala. Using presentation compiler with project's scala-library version: 3.3.6
2026.01.20 01:08:37 INFO  no build target found for C:\Users\USER\Desktop\Verilog\Verilog\Scala\operator.scala. Using presentation compiler with project's scala-library version: 3.3.6
2026.01.20 01:08:40 INFO  no build target found for C:\Users\USER\Desktop\Verilog\Verilog\Scala\operator.scala. Using presentation compiler with project's scala-library version: 3.3.6
2026.01.20 01:08:40 INFO  no build target found for C:\Users\USER\Desktop\Verilog\Verilog\Scala\operator.scala. Using presentation compiler with project's scala-library version: 3.3.6
2026.01.20 01:08:40 INFO  no build target found for C:\Users\USER\Desktop\Verilog\Verilog\Scala\operator.scala. Using presentation compiler with project's scala-library version: 3.3.6
2026.01.20 01:08:40 INFO  no build target found for C:\Users\USER\Desktop\Verilog\Verilog\Scala\operator.scala. Using presentation compiler with project's scala-library version: 3.3.6
2026.01.20 01:08:40 INFO  no build target found for C:\Users\USER\Desktop\Verilog\Verilog\Scala\operator.scala. Using presentation compiler with project's scala-library version: 3.3.6
2026.01.20 01:08:40 INFO  no build target found for C:\Users\USER\Desktop\Verilog\Verilog\Scala\operator.scala. Using presentation compiler with project's scala-library version: 3.3.6
2026.01.20 01:08:40 INFO  no build target found for C:\Users\USER\Desktop\Verilog\Verilog\Scala\operator.scala. Using presentation compiler with project's scala-library version: 3.3.6
2026.01.20 01:08:40 INFO  no build target found for C:\Users\USER\Desktop\Verilog\Verilog\Scala\operator.scala. Using presentation compiler with project's scala-library version: 3.3.6
1月 20, 2026 1:08:40 上午 org.eclipse.lsp4j.jsonrpc.RemoteEndpoint handleCancellation
警告: Unmatched cancel notification for request id 1276
2026.01.20 01:08:40 INFO  no build target found for C:\Users\USER\Desktop\Verilog\Verilog\Scala\operator.scala. Using presentation compiler with project's scala-library version: 3.3.6
2026.01.20 01:08:41 INFO  no build target found for C:\Users\USER\Desktop\Verilog\Verilog\Scala\operator.scala. Using presentation compiler with project's scala-library version: 3.3.6
2026.01.20 01:08:41 INFO  no build target found for C:\Users\USER\Desktop\Verilog\Verilog\Scala\operator.scala. Using presentation compiler with project's scala-library version: 3.3.6
2026.01.20 01:08:40 INFO  no build target found for C:\Users\USER\Desktop\Verilog\Verilog\Scala\operator.scala. Using presentation compiler with project's scala-library version: 3.3.6
2026.01.20 01:08:41 INFO  no build target found for C:\Users\USER\Desktop\Verilog\Verilog\Scala\operator.scala. Using presentation compiler with project's scala-library version: 3.3.6
2026.01.20 01:08:41 INFO  no build target found for C:\Users\USER\Desktop\Verilog\Verilog\Scala\operator.scala. Using presentation compiler with project's scala-library version: 3.3.6
2026.01.20 01:08:41 INFO  no build target found for C:\Users\USER\Desktop\Verilog\Verilog\Scala\operator.scala. Using presentation compiler with project's scala-library version: 3.3.6
2026.01.20 01:08:41 INFO  no build target found for C:\Users\USER\Desktop\Verilog\Verilog\Scala\operator.scala. Using presentation compiler with project's scala-library version: 3.3.6
2026.01.20 01:08:41 INFO  no build target found for C:\Users\USER\Desktop\Verilog\Verilog\Scala\operator.scala. Using presentation compiler with project's scala-library version: 3.3.6
2026.01.20 01:08:42 INFO  no build target found for C:\Users\USER\Desktop\Verilog\Verilog\Scala\operator.scala. Using presentation compiler with project's scala-library version: 3.3.6
2026.01.20 01:08:42 INFO  no build target found for C:\Users\USER\Desktop\Verilog\Verilog\Scala\operator.scala. Using presentation compiler with project's scala-library version: 3.3.6
2026.01.20 01:08:41 INFO  no build target found for C:\Users\USER\Desktop\Verilog\Verilog\Scala\operator.scala. Using presentation compiler with project's scala-library version: 3.3.6
2026.01.20 01:08:41 INFO  no build target found for C:\Users\USER\Desktop\Verilog\Verilog\Scala\operator.scala. Using presentation compiler with project's scala-library version: 3.3.6
2026.01.20 01:08:42 INFO  no build target found for C:\Users\USER\Desktop\Verilog\Verilog\Scala\operator.scala. Using presentation compiler with project's scala-library version: 3.3.6
2026.01.20 01:08:42 INFO  no build target found for C:\Users\USER\Desktop\Verilog\Verilog\Scala\operator.scala. Using presentation compiler with project's scala-library version: 3.3.6
2026.01.20 01:08:42 INFO  no build target found for C:\Users\USER\Desktop\Verilog\Verilog\Scala\operator.scala. Using presentation compiler with project's scala-library version: 3.3.6
2026.01.20 01:08:42 INFO  no build target found for C:\Users\USER\Desktop\Verilog\Verilog\Scala\operator.scala. Using presentation compiler with project's scala-library version: 3.3.6
2026.01.20 01:08:43 INFO  no build target found for C:\Users\USER\Desktop\Verilog\Verilog\Scala\operator.scala. Using presentation compiler with project's scala-library version: 3.3.6
2026.01.20 01:08:43 INFO  no build target found for C:\Users\USER\Desktop\Verilog\Verilog\Scala\operator.scala. Using presentation compiler with project's scala-library version: 3.3.6
2026.01.20 01:08:44 INFO  no build target found for C:\Users\USER\Desktop\Verilog\Verilog\Scala\operator.scala. Using presentation compiler with project's scala-library version: 3.3.6
2026.01.20 01:08:43 INFO  no build target found for C:\Users\USER\Desktop\Verilog\Verilog\Scala\operator.scala. Using presentation compiler with project's scala-library version: 3.3.6
2026.01.20 01:08:43 INFO  no build target found for C:\Users\USER\Desktop\Verilog\Verilog\Scala\operator.scala. Using presentation compiler with project's scala-library version: 3.3.6
2026.01.20 01:08:43 INFO  no build target found for C:\Users\USER\Desktop\Verilog\Verilog\Scala\operator.scala. Using presentation compiler with project's scala-library version: 3.3.6
2026.01.20 01:08:44 INFO  no build target found for C:\Users\USER\Desktop\Verilog\Verilog\Scala\operator.scala. Using presentation compiler with project's scala-library version: 3.3.6
2026.01.20 01:08:43 INFO  no build target found for C:\Users\USER\Desktop\Verilog\Verilog\Scala\operator.scala. Using presentation compiler with project's scala-library version: 3.3.6
2026.01.20 01:08:44 INFO  no build target found for C:\Users\USER\Desktop\Verilog\Verilog\Scala\operator.scala. Using presentation compiler with project's scala-library version: 3.3.6
2026.01.20 01:08:43 INFO  no build target found for C:\Users\USER\Desktop\Verilog\Verilog\Scala\operator.scala. Using presentation compiler with project's scala-library version: 3.3.6
2026.01.20 01:08:43 INFO  no build target found for C:\Users\USER\Desktop\Verilog\Verilog\Scala\operator.scala. Using presentation compiler with project's scala-library version: 3.3.6
2026.01.20 01:08:44 INFO  no build target found for C:\Users\USER\Desktop\Verilog\Verilog\Scala\operator.scala. Using presentation compiler with project's scala-library version: 3.3.6
2026.01.20 01:08:44 INFO  no build target found for C:\Users\USER\Desktop\Verilog\Verilog\Scala\operator.scala. Using presentation compiler with project's scala-library version: 3.3.6
2026.01.20 01:08:45 INFO  no build target found for C:\Users\USER\Desktop\Verilog\Verilog\Scala\operator.scala. Using presentation compiler with project's scala-library version: 3.3.6
2026.01.20 01:08:45 INFO  no build target found for C:\Users\USER\Desktop\Verilog\Verilog\Scala\operator.scala. Using presentation compiler with project's scala-library version: 3.3.6
2026.01.20 01:08:54 INFO  no build target found for C:\Users\USER\Desktop\Verilog\Verilog\Scala\operator.scala. Using presentation compiler with project's scala-library version: 3.3.6
2026.01.20 01:08:54 INFO  no build target found for C:\Users\USER\Desktop\Verilog\Verilog\Scala\operator.scala. Using presentation compiler with project's scala-library version: 3.3.6
2026.01.20 01:08:54 INFO  no build target found for C:\Users\USER\Desktop\Verilog\Verilog\Scala\operator.scala. Using presentation compiler with project's scala-library version: 3.3.6
2026.01.20 01:08:54 INFO  no build target found for C:\Users\USER\Desktop\Verilog\Verilog\Scala\operator.scala. Using presentation compiler with project's scala-library version: 3.3.6
2026.01.20 01:08:56 INFO  no build target found for C:\Users\USER\Desktop\Verilog\Verilog\Scala\operator.scala. Using presentation compiler with project's scala-library version: 3.3.6
2026.01.20 01:08:56 INFO  no build target found for C:\Users\USER\Desktop\Verilog\Verilog\Scala\operator.scala. Using presentation compiler with project's scala-library version: 3.3.6
2026.01.20 01:08:56 INFO  no build target found for C:\Users\USER\Desktop\Verilog\Verilog\Scala\operator.scala. Using presentation compiler with project's scala-library version: 3.3.6
2026.01.20 01:08:56 INFO  no build target found for C:\Users\USER\Desktop\Verilog\Verilog\Scala\operator.scala. Using presentation compiler with project's scala-library version: 3.3.6
2026.01.20 01:08:56 INFO  no build target found for C:\Users\USER\Desktop\Verilog\Verilog\Scala\operator.scala. Using presentation compiler with project's scala-library version: 3.3.6
2026.01.20 01:08:56 INFO  no build target found for C:\Users\USER\Desktop\Verilog\Verilog\Scala\operator.scala. Using presentation compiler with project's scala-library version: 3.3.6
2026.01.20 01:08:56 INFO  no build target found for C:\Users\USER\Desktop\Verilog\Verilog\Scala\operator.scala. Using presentation compiler with project's scala-library version: 3.3.6
2026.01.20 01:08:56 INFO  no build target found for C:\Users\USER\Desktop\Verilog\Verilog\Scala\operator.scala. Using presentation compiler with project's scala-library version: 3.3.6
2026.01.20 01:08:57 INFO  no build target found for C:\Users\USER\Desktop\Verilog\Verilog\Scala\operator.scala. Using presentation compiler with project's scala-library version: 3.3.6
2026.01.20 01:08:57 INFO  no build target found for C:\Users\USER\Desktop\Verilog\Verilog\Scala\operator.scala. Using presentation compiler with project's scala-library version: 3.3.6
2026.01.20 01:08:57 INFO  no build target found for C:\Users\USER\Desktop\Verilog\Verilog\Scala\operator.scala. Using presentation compiler with project's scala-library version: 3.3.6
2026.01.20 01:08:57 INFO  no build target found for C:\Users\USER\Desktop\Verilog\Verilog\Scala\operator.scala. Using presentation compiler with project's scala-library version: 3.3.6
2026.01.20 01:08:57 INFO  no build target found for C:\Users\USER\Desktop\Verilog\Verilog\Scala\operator.scala. Using presentation compiler with project's scala-library version: 3.3.6
2026.01.20 01:08:57 INFO  no build target found for C:\Users\USER\Desktop\Verilog\Verilog\Scala\operator.scala. Using presentation compiler with project's scala-library version: 3.3.6
2026.01.20 01:08:58 INFO  no build target found for C:\Users\USER\Desktop\Verilog\Verilog\Scala\operator.scala. Using presentation compiler with project's scala-library version: 3.3.6
2026.01.20 01:08:58 INFO  no build target found for C:\Users\USER\Desktop\Verilog\Verilog\Scala\operator.scala. Using presentation compiler with project's scala-library version: 3.3.6
2026.01.20 01:08:58 INFO  no build target found for C:\Users\USER\Desktop\Verilog\Verilog\Scala\operator.scala. Using presentation compiler with project's scala-library version: 3.3.6
2026.01.20 01:08:58 INFO  no build target found for C:\Users\USER\Desktop\Verilog\Verilog\Scala\operator.scala. Using presentation compiler with project's scala-library version: 3.3.6
2026.01.20 01:08:58 INFO  no build target found for C:\Users\USER\Desktop\Verilog\Verilog\Scala\operator.scala. Using presentation compiler with project's scala-library version: 3.3.6
2026.01.20 01:08:58 INFO  no build target found for C:\Users\USER\Desktop\Verilog\Verilog\Scala\operator.scala. Using presentation compiler with project's scala-library version: 3.3.6
2026.01.20 01:08:58 INFO  no build target found for C:\Users\USER\Desktop\Verilog\Verilog\Scala\operator.scala. Using presentation compiler with project's scala-library version: 3.3.6
2026.01.20 01:08:59 INFO  no build target found for C:\Users\USER\Desktop\Verilog\Verilog\Scala\operator.scala. Using presentation compiler with project's scala-library version: 3.3.6
2026.01.20 01:08:59 INFO  no build target found for C:\Users\USER\Desktop\Verilog\Verilog\Scala\operator.scala. Using presentation compiler with project's scala-library version: 3.3.6
2026.01.20 01:09:00 INFO  no build target found for C:\Users\USER\Desktop\Verilog\Verilog\Scala\operator.scala. Using presentation compiler with project's scala-library version: 3.3.6
2026.01.20 01:09:00 INFO  no build target found for C:\Users\USER\Desktop\Verilog\Verilog\Scala\operator.scala. Using presentation compiler with project's scala-library version: 3.3.6
2026.01.20 01:09:00 INFO  no build target found for C:\Users\USER\Desktop\Verilog\Verilog\Scala\operator.scala. Using presentation compiler with project's scala-library version: 3.3.6
2026.01.20 01:09:00 INFO  no build target found for C:\Users\USER\Desktop\Verilog\Verilog\Scala\operator.scala. Using presentation compiler with project's scala-library version: 3.3.6
2026.01.20 01:09:00 INFO  no build target found for C:\Users\USER\Desktop\Verilog\Verilog\Scala\operator.scala. Using presentation compiler with project's scala-library version: 3.3.6
2026.01.20 01:09:00 INFO  no build target found for C:\Users\USER\Desktop\Verilog\Verilog\Scala\operator.scala. Using presentation compiler with project's scala-library version: 3.3.6
2026.01.20 01:09:00 INFO  no build target found for C:\Users\USER\Desktop\Verilog\Verilog\Scala\operator.scala. Using presentation compiler with project's scala-library version: 3.3.6
2026.01.20 01:09:00 INFO  no build target found for C:\Users\USER\Desktop\Verilog\Verilog\Scala\operator.scala. Using presentation compiler with project's scala-library version: 3.3.6
2026.01.20 01:09:00 INFO  no build target found for C:\Users\USER\Desktop\Verilog\Verilog\Scala\operator.scala. Using presentation compiler with project's scala-library version: 3.3.6
2026.01.20 01:09:00 INFO  no build target found for C:\Users\USER\Desktop\Verilog\Verilog\Scala\operator.scala. Using presentation compiler with project's scala-library version: 3.3.6
2026.01.20 01:09:00 INFO  no build target found for C:\Users\USER\Desktop\Verilog\Verilog\Scala\operator.scala. Using presentation compiler with project's scala-library version: 3.3.6
2026.01.20 01:09:03 INFO  no build target found for C:\Users\USER\Desktop\Verilog\Verilog\Scala\operator.scala. Using presentation compiler with project's scala-library version: 3.3.6
2026.01.20 01:09:03 INFO  no build target found for C:\Users\USER\Desktop\Verilog\Verilog\Scala\operator.scala. Using presentation compiler with project's scala-library version: 3.3.6
2026.01.20 01:09:03 INFO  no build target found for C:\Users\USER\Desktop\Verilog\Verilog\Scala\operator.scala. Using presentation compiler with project's scala-library version: 3.3.6
2026.01.20 01:09:03 INFO  no build target found for C:\Users\USER\Desktop\Verilog\Verilog\Scala\operator.scala. Using presentation compiler with project's scala-library version: 3.3.6
2026.01.20 01:09:03 INFO  no build target found for C:\Users\USER\Desktop\Verilog\Verilog\Scala\operator.scala. Using presentation compiler with project's scala-library version: 3.3.6
2026.01.20 01:09:07 INFO  no build target found for C:\Users\USER\Desktop\Verilog\Verilog\Scala\operator.scala. Using presentation compiler with project's scala-library version: 3.3.6
2026.01.20 01:09:07 INFO  no build target found for C:\Users\USER\Desktop\Verilog\Verilog\Scala\operator.scala. Using presentation compiler with project's scala-library version: 3.3.6
2026.01.20 01:09:07 INFO  no build target found for C:\Users\USER\Desktop\Verilog\Verilog\Scala\operator.scala. Using presentation compiler with project's scala-library version: 3.3.6
2026.01.20 01:09:07 INFO  no build target found for C:\Users\USER\Desktop\Verilog\Verilog\Scala\operator.scala. Using presentation compiler with project's scala-library version: 3.3.6
2026.01.20 01:09:08 INFO  no build target found for C:\Users\USER\Desktop\Verilog\Verilog\Scala\operator.scala. Using presentation compiler with project's scala-library version: 3.3.6
2026.01.20 01:09:08 INFO  no build target found for C:\Users\USER\Desktop\Verilog\Verilog\Scala\operator.scala. Using presentation compiler with project's scala-library version: 3.3.6
2026.01.20 01:09:08 INFO  no build target found for C:\Users\USER\Desktop\Verilog\Verilog\Scala\operator.scala. Using presentation compiler with project's scala-library version: 3.3.6
2026.01.20 01:09:08 INFO  no build target found for C:\Users\USER\Desktop\Verilog\Verilog\Scala\operator.scala. Using presentation compiler with project's scala-library version: 3.3.6
2026.01.20 01:09:08 INFO  no build target found for C:\Users\USER\Desktop\Verilog\Verilog\Scala\operator.scala. Using presentation compiler with project's scala-library version: 3.3.6
2026.01.20 01:09:08 INFO  no build target found for C:\Users\USER\Desktop\Verilog\Verilog\Scala\operator.scala. Using presentation compiler with project's scala-library version: 3.3.6
2026.01.20 01:09:08 INFO  no build target found for C:\Users\USER\Desktop\Verilog\Verilog\Scala\operator.scala. Using presentation compiler with project's scala-library version: 3.3.6
2026.01.20 01:09:08 INFO  no build target found for C:\Users\USER\Desktop\Verilog\Verilog\Scala\operator.scala. Using presentation compiler with project's scala-library version: 3.3.6
2026.01.20 01:09:08 INFO  no build target found for C:\Users\USER\Desktop\Verilog\Verilog\Scala\operator.scala. Using presentation compiler with project's scala-library version: 3.3.6
2026.01.20 01:09:21 INFO  no build target found for C:\Users\USER\Desktop\Verilog\Verilog\Scala\operator.scala. Using presentation compiler with project's scala-library version: 3.3.6
2026.01.20 01:09:21 INFO  no build target found for C:\Users\USER\Desktop\Verilog\Verilog\Scala\operator.scala. Using presentation compiler with project's scala-library version: 3.3.6
2026.01.20 01:09:21 INFO  no build target found for C:\Users\USER\Desktop\Verilog\Verilog\Scala\operator.scala. Using presentation compiler with project's scala-library version: 3.3.6
2026.01.20 01:09:21 INFO  no build target found for C:\Users\USER\Desktop\Verilog\Verilog\Scala\operator.scala. Using presentation compiler with project's scala-library version: 3.3.6
2026.01.20 01:09:21 INFO  no build target found for C:\Users\USER\Desktop\Verilog\Verilog\Scala\operator.scala. Using presentation compiler with project's scala-library version: 3.3.6
2026.01.20 01:09:21 INFO  no build target found for C:\Users\USER\Desktop\Verilog\Verilog\Scala\operator.scala. Using presentation compiler with project's scala-library version: 3.3.6
2026.01.20 01:09:21 INFO  no build target found for C:\Users\USER\Desktop\Verilog\Verilog\Scala\operator.scala. Using presentation compiler with project's scala-library version: 3.3.6
2026.01.20 01:09:21 INFO  no build target found for C:\Users\USER\Desktop\Verilog\Verilog\Scala\operator.scala. Using presentation compiler with project's scala-library version: 3.3.6
2026.01.20 01:09:21 INFO  no build target found for C:\Users\USER\Desktop\Verilog\Verilog\Scala\operator.scala. Using presentation compiler with project's scala-library version: 3.3.6
2026.01.20 01:09:21 INFO  no build target found for C:\Users\USER\Desktop\Verilog\Verilog\Scala\operator.scala. Using presentation compiler with project's scala-library version: 3.3.6
2026.01.20 01:09:22 INFO  no build target found for C:\Users\USER\Desktop\Verilog\Verilog\Scala\operator.scala. Using presentation compiler with project's scala-library version: 3.3.6
2026.01.20 01:09:22 INFO  no build target found for C:\Users\USER\Desktop\Verilog\Verilog\Scala\operator.scala. Using presentation compiler with project's scala-library version: 3.3.6
2026.01.20 01:09:22 INFO  no build target found for C:\Users\USER\Desktop\Verilog\Verilog\Scala\operator.scala. Using presentation compiler with project's scala-library version: 3.3.6
2026.01.20 01:09:24 INFO  no build target found for C:\Users\USER\Desktop\Verilog\Verilog\Scala\operator.scala. Using presentation compiler with project's scala-library version: 3.3.6
2026.01.20 01:09:24 INFO  no build target found for C:\Users\USER\Desktop\Verilog\Verilog\Scala\operator.scala. Using presentation compiler with project's scala-library version: 3.3.6
2026.01.20 01:09:24 INFO  no build target found for C:\Users\USER\Desktop\Verilog\Verilog\Scala\operator.scala. Using presentation compiler with project's scala-library version: 3.3.6
2026.01.20 01:09:24 INFO  no build target found for C:\Users\USER\Desktop\Verilog\Verilog\Scala\operator.scala. Using presentation compiler with project's scala-library version: 3.3.6
2026.01.20 01:09:24 INFO  no build target found for C:\Users\USER\Desktop\Verilog\Verilog\Scala\operator.scala. Using presentation compiler with project's scala-library version: 3.3.6
2026.01.20 01:09:25 INFO  no build target found for C:\Users\USER\Desktop\Verilog\Verilog\Scala\operator.scala. Using presentation compiler with project's scala-library version: 3.3.6
2026.01.20 01:09:25 INFO  no build target found for C:\Users\USER\Desktop\Verilog\Verilog\Scala\operator.scala. Using presentation compiler with project's scala-library version: 3.3.6
2026.01.20 01:09:25 INFO  no build target found for C:\Users\USER\Desktop\Verilog\Verilog\Scala\operator.scala. Using presentation compiler with project's scala-library version: 3.3.6
2026.01.20 01:09:25 INFO  no build target found for C:\Users\USER\Desktop\Verilog\Verilog\Scala\operator.scala. Using presentation compiler with project's scala-library version: 3.3.6
2026.01.20 01:09:26 INFO  no build target found for C:\Users\USER\Desktop\Verilog\Verilog\Scala\operator.scala. Using presentation compiler with project's scala-library version: 3.3.6
2026.01.20 01:09:27 INFO  no build target found for C:\Users\USER\Desktop\Verilog\Verilog\Scala\operator.scala. Using presentation compiler with project's scala-library version: 3.3.6
2026.01.20 01:09:26 INFO  no build target found for C:\Users\USER\Desktop\Verilog\Verilog\Scala\operator.scala. Using presentation compiler with project's scala-library version: 3.3.6
2026.01.20 01:09:27 INFO  no build target found for C:\Users\USER\Desktop\Verilog\Verilog\Scala\operator.scala. Using presentation compiler with project's scala-library version: 3.3.6
2026.01.20 01:09:27 INFO  no build target found for C:\Users\USER\Desktop\Verilog\Verilog\Scala\operator.scala. Using presentation compiler with project's scala-library version: 3.3.6
2026.01.20 01:09:28 INFO  no build target found for C:\Users\USER\Desktop\Verilog\Verilog\Scala\operator.scala. Using presentation compiler with project's scala-library version: 3.3.6
2026.01.20 01:09:27 INFO  no build target found for C:\Users\USER\Desktop\Verilog\Verilog\Scala\operator.scala. Using presentation compiler with project's scala-library version: 3.3.6
2026.01.20 01:09:28 INFO  no build target found for C:\Users\USER\Desktop\Verilog\Verilog\Scala\operator.scala. Using presentation compiler with project's scala-library version: 3.3.6
2026.01.20 01:09:27 INFO  no build target found for C:\Users\USER\Desktop\Verilog\Verilog\Scala\operator.scala. Using presentation compiler with project's scala-library version: 3.3.6
2026.01.20 01:09:29 INFO  no build target found for C:\Users\USER\Desktop\Verilog\Verilog\Scala\operator.scala. Using presentation compiler with project's scala-library version: 3.3.6
2026.01.20 01:09:29 INFO  no build target found for C:\Users\USER\Desktop\Verilog\Verilog\Scala\operator.scala. Using presentation compiler with project's scala-library version: 3.3.6
2026.01.20 01:09:29 INFO  no build target found for C:\Users\USER\Desktop\Verilog\Verilog\Scala\operator.scala. Using presentation compiler with project's scala-library version: 3.3.6
2026.01.20 01:09:29 INFO  no build target found for C:\Users\USER\Desktop\Verilog\Verilog\Scala\operator.scala. Using presentation compiler with project's scala-library version: 3.3.6
2026.01.20 01:09:29 INFO  no build target found for C:\Users\USER\Desktop\Verilog\Verilog\Scala\operator.scala. Using presentation compiler with project's scala-library version: 3.3.6
2026.01.20 01:09:29 INFO  no build target found for C:\Users\USER\Desktop\Verilog\Verilog\Scala\operator.scala. Using presentation compiler with project's scala-library version: 3.3.6
2026.01.20 01:09:30 INFO  no build target found for C:\Users\USER\Desktop\Verilog\Verilog\Scala\operator.scala. Using presentation compiler with project's scala-library version: 3.3.6
2026.01.20 01:09:29 INFO  no build target found for C:\Users\USER\Desktop\Verilog\Verilog\Scala\operator.scala. Using presentation compiler with project's scala-library version: 3.3.6
2026.01.20 01:09:30 INFO  no build target found for C:\Users\USER\Desktop\Verilog\Verilog\Scala\operator.scala. Using presentation compiler with project's scala-library version: 3.3.6
2026.01.20 01:09:32 INFO  no build target found for C:\Users\USER\Desktop\Verilog\Verilog\Scala\operator.scala. Using presentation compiler with project's scala-library version: 3.3.6
2026.01.20 01:09:33 INFO  no build target found for C:\Users\USER\Desktop\Verilog\Verilog\Scala\operator.scala. Using presentation compiler with project's scala-library version: 3.3.6
2026.01.20 01:09:32 INFO  no build target found for C:\Users\USER\Desktop\Verilog\Verilog\Scala\operator.scala. Using presentation compiler with project's scala-library version: 3.3.6
2026.01.20 01:09:33 INFO  no build target found for C:\Users\USER\Desktop\Verilog\Verilog\Scala\operator.scala. Using presentation compiler with project's scala-library version: 3.3.6
2026.01.20 01:09:34 INFO  no build target found for C:\Users\USER\Desktop\Verilog\Verilog\Scala\operator.scala. Using presentation compiler with project's scala-library version: 3.3.6
2026.01.20 01:09:34 INFO  no build target found for C:\Users\USER\Desktop\Verilog\Verilog\Scala\operator.scala. Using presentation compiler with project's scala-library version: 3.3.6
2026.01.20 01:09:34 INFO  no build target found for C:\Users\USER\Desktop\Verilog\Verilog\Scala\operator.scala. Using presentation compiler with project's scala-library version: 3.3.6
2026.01.20 01:09:35 INFO  no build target found for C:\Users\USER\Desktop\Verilog\Verilog\Scala\operator.scala. Using presentation compiler with project's scala-library version: 3.3.6
2026.01.20 01:09:34 INFO  no build target found for C:\Users\USER\Desktop\Verilog\Verilog\Scala\operator.scala. Using presentation compiler with project's scala-library version: 3.3.6
2026.01.20 01:09:35 INFO  no build target found for C:\Users\USER\Desktop\Verilog\Verilog\Scala\operator.scala. Using presentation compiler with project's scala-library version: 3.3.6
2026.01.20 01:09:35 INFO  no build target found for C:\Users\USER\Desktop\Verilog\Verilog\Scala\operator.scala. Using presentation compiler with project's scala-library version: 3.3.6
2026.01.20 01:09:35 INFO  no build target found for C:\Users\USER\Desktop\Verilog\Verilog\Scala\operator.scala. Using presentation compiler with project's scala-library version: 3.3.6
2026.01.20 01:09:35 INFO  no build target found for C:\Users\USER\Desktop\Verilog\Verilog\Scala\operator.scala. Using presentation compiler with project's scala-library version: 3.3.6
2026.01.20 01:09:35 INFO  no build target found for C:\Users\USER\Desktop\Verilog\Verilog\Scala\operator.scala. Using presentation compiler with project's scala-library version: 3.3.6
2026.01.20 01:09:36 INFO  no build target found for C:\Users\USER\Desktop\Verilog\Verilog\Scala\operator.scala. Using presentation compiler with project's scala-library version: 3.3.6
2026.01.20 01:09:36 INFO  no build target found for C:\Users\USER\Desktop\Verilog\Verilog\Scala\operator.scala. Using presentation compiler with project's scala-library version: 3.3.6
2026.01.20 01:09:35 INFO  no build target found for C:\Users\USER\Desktop\Verilog\Verilog\Scala\operator.scala. Using presentation compiler with project's scala-library version: 3.3.6
2026.01.20 01:09:36 INFO  no build target found for C:\Users\USER\Desktop\Verilog\Verilog\Scala\operator.scala. Using presentation compiler with project's scala-library version: 3.3.6
2026.01.20 01:09:35 INFO  no build target found for C:\Users\USER\Desktop\Verilog\Verilog\Scala\operator.scala. Using presentation compiler with project's scala-library version: 3.3.6
2026.01.20 01:09:36 INFO  no build target found for C:\Users\USER\Desktop\Verilog\Verilog\Scala\operator.scala. Using presentation compiler with project's scala-library version: 3.3.6
2026.01.20 01:09:37 INFO  no build target found for C:\Users\USER\Desktop\Verilog\Verilog\Scala\operator.scala. Using presentation compiler with project's scala-library version: 3.3.6
2026.01.20 01:09:37 INFO  no build target found for C:\Users\USER\Desktop\Verilog\Verilog\Scala\operator.scala. Using presentation compiler with project's scala-library version: 3.3.6
2026.01.20 01:09:37 INFO  no build target found for C:\Users\USER\Desktop\Verilog\Verilog\Scala\operator.scala. Using presentation compiler with project's scala-library version: 3.3.6
2026.01.20 01:09:37 INFO  no build target found for C:\Users\USER\Desktop\Verilog\Verilog\Scala\operator.scala. Using presentation compiler with project's scala-library version: 3.3.6
2026.01.20 01:09:39 INFO  no build target found for C:\Users\USER\Desktop\Verilog\Verilog\Scala\operator.scala. Using presentation compiler with project's scala-library version: 3.3.6
2026.01.20 01:09:39 INFO  no build target found for C:\Users\USER\Desktop\Verilog\Verilog\Scala\operator.scala. Using presentation compiler with project's scala-library version: 3.3.6
2026.01.20 01:09:39 INFO  no build target found for C:\Users\USER\Desktop\Verilog\Verilog\Scala\operator.scala. Using presentation compiler with project's scala-library version: 3.3.6
2026.01.20 01:09:40 INFO  no build target found for C:\Users\USER\Desktop\Verilog\Verilog\Scala\operator.scala. Using presentation compiler with project's scala-library version: 3.3.6
2026.01.20 01:09:39 INFO  no build target found for C:\Users\USER\Desktop\Verilog\Verilog\Scala\operator.scala. Using presentation compiler with project's scala-library version: 3.3.6
2026.01.20 01:09:40 INFO  no build target found for C:\Users\USER\Desktop\Verilog\Verilog\Scala\operator.scala. Using presentation compiler with project's scala-library version: 3.3.6
2026.01.20 01:09:39 INFO  no build target found for C:\Users\USER\Desktop\Verilog\Verilog\Scala\operator.scala. Using presentation compiler with project's scala-library version: 3.3.6
2026.01.20 01:09:40 INFO  no build target found for C:\Users\USER\Desktop\Verilog\Verilog\Scala\operator.scala. Using presentation compiler with project's scala-library version: 3.3.6
2026.01.20 01:09:39 INFO  no build target found for C:\Users\USER\Desktop\Verilog\Verilog\Scala\operator.scala. Using presentation compiler with project's scala-library version: 3.3.6
2026.01.20 01:09:51 INFO  no build target found for C:\Users\USER\Desktop\Verilog\Verilog\Scala\operator.scala. Using presentation compiler with project's scala-library version: 3.3.6
2026.01.20 01:09:51 INFO  no build target found for C:\Users\USER\Desktop\Verilog\Verilog\Scala\operator.scala. Using presentation compiler with project's scala-library version: 3.3.6
2026.01.20 01:09:51 INFO  no build target found for C:\Users\USER\Desktop\Verilog\Verilog\Scala\operator.scala. Using presentation compiler with project's scala-library version: 3.3.6
2026.01.20 01:09:51 INFO  no build target found for C:\Users\USER\Desktop\Verilog\Verilog\Scala\operator.scala. Using presentation compiler with project's scala-library version: 3.3.6
2026.01.20 01:09:52 INFO  no build target found for C:\Users\USER\Desktop\Verilog\Verilog\Scala\operator.scala. Using presentation compiler with project's scala-library version: 3.3.6
2026.01.20 01:09:53 INFO  no build target found for C:\Users\USER\Desktop\Verilog\Verilog\Scala\operator.scala. Using presentation compiler with project's scala-library version: 3.3.6
2026.01.20 01:09:52 INFO  no build target found for C:\Users\USER\Desktop\Verilog\Verilog\Scala\operator.scala. Using presentation compiler with project's scala-library version: 3.3.6
2026.01.20 01:09:53 INFO  no build target found for C:\Users\USER\Desktop\Verilog\Verilog\Scala\operator.scala. Using presentation compiler with project's scala-library version: 3.3.6
2026.01.20 01:09:52 INFO  no build target found for C:\Users\USER\Desktop\Verilog\Verilog\Scala\operator.scala. Using presentation compiler with project's scala-library version: 3.3.6
2026.01.20 01:09:53 INFO  no build target found for C:\Users\USER\Desktop\Verilog\Verilog\Scala\operator.scala. Using presentation compiler with project's scala-library version: 3.3.6
2026.01.20 01:09:52 INFO  no build target found for C:\Users\USER\Desktop\Verilog\Verilog\Scala\operator.scala. Using presentation compiler with project's scala-library version: 3.3.6
2026.01.20 01:09:53 INFO  no build target found for C:\Users\USER\Desktop\Verilog\Verilog\Scala\operator.scala. Using presentation compiler with project's scala-library version: 3.3.6
2026.01.20 01:09:54 INFO  no build target found for C:\Users\USER\Desktop\Verilog\Verilog\Scala\operator.scala. Using presentation compiler with project's scala-library version: 3.3.6
2026.01.20 01:09:54 INFO  no build target found for C:\Users\USER\Desktop\Verilog\Verilog\Scala\operator.scala. Using presentation compiler with project's scala-library version: 3.3.6
2026.01.20 01:09:54 INFO  no build target found for C:\Users\USER\Desktop\Verilog\Verilog\Scala\operator.scala. Using presentation compiler with project's scala-library version: 3.3.6
2026.01.20 01:09:54 INFO  no build target found for C:\Users\USER\Desktop\Verilog\Verilog\Scala\operator.scala. Using presentation compiler with project's scala-library version: 3.3.6
2026.01.20 01:09:54 INFO  no build target found for C:\Users\USER\Desktop\Verilog\Verilog\Scala\operator.scala. Using presentation compiler with project's scala-library version: 3.3.6
2026.01.20 01:09:55 INFO  no build target found for C:\Users\USER\Desktop\Verilog\Verilog\Scala\operator.scala. Using presentation compiler with project's scala-library version: 3.3.6
2026.01.20 01:09:54 INFO  no build target found for C:\Users\USER\Desktop\Verilog\Verilog\Scala\operator.scala. Using presentation compiler with project's scala-library version: 3.3.6
2026.01.20 01:09:55 INFO  no build target found for C:\Users\USER\Desktop\Verilog\Verilog\Scala\operator.scala. Using presentation compiler with project's scala-library version: 3.3.6
2026.01.20 01:09:55 INFO  no build target found for C:\Users\USER\Desktop\Verilog\Verilog\Scala\operator.scala. Using presentation compiler with project's scala-library version: 3.3.6
2026.01.20 01:09:56 INFO  no build target found for C:\Users\USER\Desktop\Verilog\Verilog\Scala\operator.scala. Using presentation compiler with project's scala-library version: 3.3.6
2026.01.20 01:09:55 INFO  no build target found for C:\Users\USER\Desktop\Verilog\Verilog\Scala\operator.scala. Using presentation compiler with project's scala-library version: 3.3.6
2026.01.20 01:09:56 INFO  no build target found for C:\Users\USER\Desktop\Verilog\Verilog\Scala\operator.scala. Using presentation compiler with project's scala-library version: 3.3.6
1月 20, 2026 1:09:56 上午 org.eclipse.lsp4j.jsonrpc.RemoteEndpoint handleCancellation
警告: Unmatched cancel notification for request id 1613
2026.01.20 01:09:55 INFO  no build target found for C:\Users\USER\Desktop\Verilog\Verilog\Scala\operator.scala. Using presentation compiler with project's scala-library version: 3.3.6
2026.01.20 01:09:55 INFO  no build target found for C:\Users\USER\Desktop\Verilog\Verilog\Scala\operator.scala. Using presentation compiler with project's scala-library version: 3.3.6
2026.01.20 01:09:56 INFO  no build target found for C:\Users\USER\Desktop\Verilog\Verilog\Scala\operator.scala. Using presentation compiler with project's scala-library version: 3.3.6
2026.01.20 01:09:55 INFO  no build target found for C:\Users\USER\Desktop\Verilog\Verilog\Scala\operator.scala. Using presentation compiler with project's scala-library version: 3.3.6
2026.01.20 01:09:56 INFO  no build target found for C:\Users\USER\Desktop\Verilog\Verilog\Scala\operator.scala. Using presentation compiler with project's scala-library version: 3.3.6
2026.01.20 01:09:55 INFO  no build target found for C:\Users\USER\Desktop\Verilog\Verilog\Scala\operator.scala. Using presentation compiler with project's scala-library version: 3.3.6
2026.01.20 01:09:56 INFO  no build target found for C:\Users\USER\Desktop\Verilog\Verilog\Scala\operator.scala. Using presentation compiler with project's scala-library version: 3.3.6
2026.01.20 01:09:56 INFO  no build target found for C:\Users\USER\Desktop\Verilog\Verilog\Scala\operator.scala. Using presentation compiler with project's scala-library version: 3.3.6
2026.01.20 01:09:58 INFO  no build target found for C:\Users\USER\Desktop\Verilog\Verilog\Scala\operator.scala. Using presentation compiler with project's scala-library version: 3.3.6
2026.01.20 01:09:58 INFO  no build target found for C:\Users\USER\Desktop\Verilog\Verilog\Scala\operator.scala. Using presentation compiler with project's scala-library version: 3.3.6
2026.01.20 01:09:58 WARN  no build target for: C:\Users\USER\Desktop\Verilog\Verilog\Scala\operator.scala
2026.01.20 01:09:58 INFO  no build target found for C:\Users\USER\Desktop\Verilog\Verilog\Scala\operator.scala. Using presentation compiler with project's scala-library version: 3.3.6
2026.01.20 01:09:58 INFO  skipping build import with status 'Failed'
2026.01.20 01:09:58 INFO  no build target found for C:\Users\USER\Desktop\Verilog\Verilog\Scala\operator.scala. Using presentation compiler with project's scala-library version: 3.3.6
2026.01.20 01:09:59 INFO  no build target found for C:\Users\USER\Desktop\Verilog\Verilog\Scala\operator.scala. Using presentation compiler with project's scala-library version: 3.3.6
2026.01.20 01:09:59 INFO  no build target found for C:\Users\USER\Desktop\Verilog\Verilog\Scala\operator.scala. Using presentation compiler with project's scala-library version: 3.3.6
2026.01.20 01:09:59 INFO  no build target found for C:\Users\USER\Desktop\Verilog\Verilog\Scala\operator.scala. Using presentation compiler with project's scala-library version: 3.3.6
2026.01.20 01:09:59 INFO  no build target found for C:\Users\USER\Desktop\Verilog\Verilog\Scala\operator.scala. Using presentation compiler with project's scala-library version: 3.3.6
2026.01.20 01:10:06 INFO  no build target found for C:\Users\USER\Desktop\Verilog\Verilog\Scala\operator.scala. Using presentation compiler with project's scala-library version: 3.3.6
2026.01.20 01:10:06 INFO  no build target found for C:\Users\USER\Desktop\Verilog\Verilog\Scala\operator.scala. Using presentation compiler with project's scala-library version: 3.3.6
2026.01.20 01:10:06 INFO  no build target found for C:\Users\USER\Desktop\Verilog\Verilog\Scala\operator.scala. Using presentation compiler with project's scala-library version: 3.3.6
2026.01.20 01:10:06 INFO  no build target found for C:\Users\USER\Desktop\Verilog\Verilog\Scala\operator.scala. Using presentation compiler with project's scala-library version: 3.3.6
2026.01.20 01:10:06 INFO  no build target found for C:\Users\USER\Desktop\Verilog\Verilog\Scala\operator.scala. Using presentation compiler with project's scala-library version: 3.3.6
2026.01.20 01:10:06 INFO  no build target found for C:\Users\USER\Desktop\Verilog\Verilog\Scala\operator.scala. Using presentation compiler with project's scala-library version: 3.3.6
2026.01.20 01:10:06 INFO  no build target found for C:\Users\USER\Desktop\Verilog\Verilog\Scala\operator.scala. Using presentation compiler with project's scala-library version: 3.3.6
2026.01.20 01:10:06 INFO  no build target found for C:\Users\USER\Desktop\Verilog\Verilog\Scala\operator.scala. Using presentation compiler with project's scala-library version: 3.3.6
1月 20, 2026 1:10:06 上午 org.eclipse.lsp4j.jsonrpc.RemoteEndpoint handleCancellation
警告: Unmatched cancel notification for request id 1656
1月 20, 2026 1:10:06 上午 org.eclipse.lsp4j.jsonrpc.RemoteEndpoint handleCancellation
警告: Unmatched cancel notification for request id 1657
2026.01.20 01:10:06 INFO  no build target found for C:\Users\USER\Desktop\Verilog\Verilog\Scala\operator.scala. Using presentation compiler with project's scala-library version: 3.3.6
2026.01.20 01:10:06 INFO  no build target found for C:\Users\USER\Desktop\Verilog\Verilog\Scala\operator.scala. Using presentation compiler with project's scala-library version: 3.3.6
2026.01.20 01:10:06 INFO  no build target found for C:\Users\USER\Desktop\Verilog\Verilog\Scala\operator.scala. Using presentation compiler with project's scala-library version: 3.3.6
2026.01.20 01:10:06 INFO  no build target found for C:\Users\USER\Desktop\Verilog\Verilog\Scala\operator.scala. Using presentation compiler with project's scala-library version: 3.3.6
2026.01.20 01:10:08 INFO  no build target found for C:\Users\USER\Desktop\Verilog\Verilog\Scala\operator.scala. Using presentation compiler with project's scala-library version: 3.3.6
2026.01.20 01:10:08 INFO  no build target found for C:\Users\USER\Desktop\Verilog\Verilog\Scala\operator.scala. Using presentation compiler with project's scala-library version: 3.3.6
2026.01.20 01:10:08 INFO  no build target found for C:\Users\USER\Desktop\Verilog\Verilog\Scala\operator.scala. Using presentation compiler with project's scala-library version: 3.3.6
2026.01.20 01:10:08 INFO  no build target found for C:\Users\USER\Desktop\Verilog\Verilog\Scala\operator.scala. Using presentation compiler with project's scala-library version: 3.3.6
2026.01.20 01:10:08 INFO  no build target found for C:\Users\USER\Desktop\Verilog\Verilog\Scala\operator.scala. Using presentation compiler with project's scala-library version: 3.3.6
2026.01.20 01:10:09 INFO  no build target found for C:\Users\USER\Desktop\Verilog\Verilog\Scala\operator.scala. Using presentation compiler with project's scala-library version: 3.3.6
2026.01.20 01:10:08 INFO  no build target found for C:\Users\USER\Desktop\Verilog\Verilog\Scala\operator.scala. Using presentation compiler with project's scala-library version: 3.3.6
2026.01.20 01:10:08 INFO  no build target found for C:\Users\USER\Desktop\Verilog\Verilog\Scala\operator.scala. Using presentation compiler with project's scala-library version: 3.3.6
2026.01.20 01:10:12 INFO  no build target found for C:\Users\USER\Desktop\Verilog\Verilog\Scala\operator.scala. Using presentation compiler with project's scala-library version: 3.3.6
2026.01.20 01:10:12 INFO  no build target found for C:\Users\USER\Desktop\Verilog\Verilog\Scala\operator.scala. Using presentation compiler with project's scala-library version: 3.3.6
2026.01.20 01:10:12 INFO  no build target found for C:\Users\USER\Desktop\Verilog\Verilog\Scala\operator.scala. Using presentation compiler with project's scala-library version: 3.3.6
2026.01.20 01:10:12 INFO  no build target found for C:\Users\USER\Desktop\Verilog\Verilog\Scala\operator.scala. Using presentation compiler with project's scala-library version: 3.3.6
2026.01.20 01:10:13 INFO  no build target found for C:\Users\USER\Desktop\Verilog\Verilog\Scala\operator.scala. Using presentation compiler with project's scala-library version: 3.3.6
2026.01.20 01:10:13 INFO  no build target found for C:\Users\USER\Desktop\Verilog\Verilog\Scala\operator.scala. Using presentation compiler with project's scala-library version: 3.3.6
2026.01.20 01:10:13 INFO  no build target found for C:\Users\USER\Desktop\Verilog\Verilog\Scala\operator.scala. Using presentation compiler with project's scala-library version: 3.3.6
2026.01.20 01:10:23 INFO  no build target found for C:\Users\USER\Desktop\Verilog\Verilog\Scala\operator.scala. Using presentation compiler with project's scala-library version: 3.3.6
2026.01.20 01:10:23 INFO  no build target found for C:\Users\USER\Desktop\Verilog\Verilog\Scala\operator.scala. Using presentation compiler with project's scala-library version: 3.3.6
2026.01.20 01:10:23 INFO  no build target found for C:\Users\USER\Desktop\Verilog\Verilog\Scala\operator.scala. Using presentation compiler with project's scala-library version: 3.3.6
2026.01.20 01:10:23 INFO  no build target found for C:\Users\USER\Desktop\Verilog\Verilog\Scala\operator.scala. Using presentation compiler with project's scala-library version: 3.3.6
2026.01.20 01:10:23 INFO  no build target found for C:\Users\USER\Desktop\Verilog\Verilog\Scala\operator.scala. Using presentation compiler with project's scala-library version: 3.3.6
2026.01.20 01:10:24 INFO  no build target found for C:\Users\USER\Desktop\Verilog\Verilog\Scala\operator.scala. Using presentation compiler with project's scala-library version: 3.3.6
2026.01.20 01:10:24 INFO  no build target found for C:\Users\USER\Desktop\Verilog\Verilog\Scala\operator.scala. Using presentation compiler with project's scala-library version: 3.3.6
2026.01.20 01:10:24 INFO  no build target found for C:\Users\USER\Desktop\Verilog\Verilog\Scala\operator.scala. Using presentation compiler with project's scala-library version: 3.3.6
2026.01.20 01:10:28 INFO  no build target found for C:\Users\USER\Desktop\Verilog\Verilog\Scala\operator.scala. Using presentation compiler with project's scala-library version: 3.3.6
2026.01.20 01:10:28 INFO  no build target found for C:\Users\USER\Desktop\Verilog\Verilog\Scala\operator.scala. Using presentation compiler with project's scala-library version: 3.3.6
2026.01.20 01:10:29 INFO  no build target found for C:\Users\USER\Desktop\Verilog\Verilog\Scala\operator.scala. Using presentation compiler with project's scala-library version: 3.3.6
2026.01.20 01:10:29 INFO  no build target found for C:\Users\USER\Desktop\Verilog\Verilog\Scala\operator.scala. Using presentation compiler with project's scala-library version: 3.3.6
2026.01.20 01:10:28 INFO  no build target found for C:\Users\USER\Desktop\Verilog\Verilog\Scala\operator.scala. Using presentation compiler with project's scala-library version: 3.3.6
2026.01.20 01:10:28 INFO  no build target found for C:\Users\USER\Desktop\Verilog\Verilog\Scala\operator.scala. Using presentation compiler with project's scala-library version: 3.3.6
2026.01.20 01:10:29 INFO  no build target found for C:\Users\USER\Desktop\Verilog\Verilog\Scala\operator.scala. Using presentation compiler with project's scala-library version: 3.3.6
2026.01.20 01:10:28 INFO  no build target found for C:\Users\USER\Desktop\Verilog\Verilog\Scala\operator.scala. Using presentation compiler with project's scala-library version: 3.3.6
2026.01.20 01:10:29 INFO  no build target found for C:\Users\USER\Desktop\Verilog\Verilog\Scala\operator.scala. Using presentation compiler with project's scala-library version: 3.3.6
2026.01.20 01:10:29 INFO  no build target found for C:\Users\USER\Desktop\Verilog\Verilog\Scala\operator.scala. Using presentation compiler with project's scala-library version: 3.3.6
2026.01.20 01:10:29 INFO  no build target found for C:\Users\USER\Desktop\Verilog\Verilog\Scala\operator.scala. Using presentation compiler with project's scala-library version: 3.3.6
2026.01.20 01:10:29 INFO  no build target found for C:\Users\USER\Desktop\Verilog\Verilog\Scala\operator.scala. Using presentation compiler with project's scala-library version: 3.3.6
2026.01.20 01:10:29 INFO  no build target found for C:\Users\USER\Desktop\Verilog\Verilog\Scala\operator.scala. Using presentation compiler with project's scala-library version: 3.3.6
2026.01.20 01:10:29 INFO  no build target found for C:\Users\USER\Desktop\Verilog\Verilog\Scala\operator.scala. Using presentation compiler with project's scala-library version: 3.3.6
2026.01.20 01:10:29 INFO  no build target found for C:\Users\USER\Desktop\Verilog\Verilog\Scala\operator.scala. Using presentation compiler with project's scala-library version: 3.3.6
2026.01.20 01:10:29 INFO  no build target found for C:\Users\USER\Desktop\Verilog\Verilog\Scala\operator.scala. Using presentation compiler with project's scala-library version: 3.3.6
2026.01.20 01:10:31 INFO  no build target found for C:\Users\USER\Desktop\Verilog\Verilog\Scala\operator.scala. Using presentation compiler with project's scala-library version: 3.3.6
2026.01.20 01:10:31 INFO  no build target found for C:\Users\USER\Desktop\Verilog\Verilog\Scala\operator.scala. Using presentation compiler with project's scala-library version: 3.3.6
2026.01.20 01:10:31 INFO  no build target found for C:\Users\USER\Desktop\Verilog\Verilog\Scala\operator.scala. Using presentation compiler with project's scala-library version: 3.3.6
2026.01.20 01:10:32 INFO  no build target found for C:\Users\USER\Desktop\Verilog\Verilog\Scala\operator.scala. Using presentation compiler with project's scala-library version: 3.3.6
2026.01.20 01:10:32 INFO  no build target found for C:\Users\USER\Desktop\Verilog\Verilog\Scala\operator.scala. Using presentation compiler with project's scala-library version: 3.3.6
2026.01.20 01:10:32 INFO  no build target found for C:\Users\USER\Desktop\Verilog\Verilog\Scala\operator.scala. Using presentation compiler with project's scala-library version: 3.3.6
2026.01.20 01:10:32 INFO  no build target found for C:\Users\USER\Desktop\Verilog\Verilog\Scala\operator.scala. Using presentation compiler with project's scala-library version: 3.3.6
2026.01.20 01:10:32 INFO  no build target found for C:\Users\USER\Desktop\Verilog\Verilog\Scala\operator.scala. Using presentation compiler with project's scala-library version: 3.3.6
2026.01.20 01:10:32 INFO  no build target found for C:\Users\USER\Desktop\Verilog\Verilog\Scala\operator.scala. Using presentation compiler with project's scala-library version: 3.3.6
2026.01.20 01:10:32 INFO  no build target found for C:\Users\USER\Desktop\Verilog\Verilog\Scala\operator.scala. Using presentation compiler with project's scala-library version: 3.3.6
2026.01.20 01:10:32 INFO  no build target found for C:\Users\USER\Desktop\Verilog\Verilog\Scala\operator.scala. Using presentation compiler with project's scala-library version: 3.3.6
2026.01.20 01:10:32 INFO  no build target found for C:\Users\USER\Desktop\Verilog\Verilog\Scala\operator.scala. Using presentation compiler with project's scala-library version: 3.3.6
2026.01.20 01:10:32 INFO  no build target found for C:\Users\USER\Desktop\Verilog\Verilog\Scala\operator.scala. Using presentation compiler with project's scala-library version: 3.3.6
2026.01.20 01:10:32 INFO  no build target found for C:\Users\USER\Desktop\Verilog\Verilog\Scala\operator.scala. Using presentation compiler with project's scala-library version: 3.3.6
2026.01.20 01:10:32 INFO  no build target found for C:\Users\USER\Desktop\Verilog\Verilog\Scala\operator.scala. Using presentation compiler with project's scala-library version: 3.3.6
2026.01.20 01:10:39 INFO  no build target found for C:\Users\USER\Desktop\Verilog\Verilog\Scala\operator.scala. Using presentation compiler with project's scala-library version: 3.3.6
2026.01.20 01:10:39 INFO  no build target found for C:\Users\USER\Desktop\Verilog\Verilog\Scala\operator.scala. Using presentation compiler with project's scala-library version: 3.3.6
2026.01.20 01:10:39 INFO  no build target found for C:\Users\USER\Desktop\Verilog\Verilog\Scala\operator.scala. Using presentation compiler with project's scala-library version: 3.3.6
2026.01.20 01:10:39 INFO  no build target found for C:\Users\USER\Desktop\Verilog\Verilog\Scala\operator.scala. Using presentation compiler with project's scala-library version: 3.3.6
2026.01.20 01:10:39 INFO  no build target found for C:\Users\USER\Desktop\Verilog\Verilog\Scala\operator.scala. Using presentation compiler with project's scala-library version: 3.3.6
2026.01.20 01:10:39 INFO  no build target found for C:\Users\USER\Desktop\Verilog\Verilog\Scala\operator.scala. Using presentation compiler with project's scala-library version: 3.3.6
2026.01.20 01:10:40 INFO  no build target found for C:\Users\USER\Desktop\Verilog\Verilog\Scala\operator.scala. Using presentation compiler with project's scala-library version: 3.3.6
2026.01.20 01:10:42 INFO  no build target found for C:\Users\USER\Desktop\Verilog\Verilog\Scala\operator.scala. Using presentation compiler with project's scala-library version: 3.3.6
2026.01.20 01:10:42 INFO  no build target found for C:\Users\USER\Desktop\Verilog\Verilog\Scala\operator.scala. Using presentation compiler with project's scala-library version: 3.3.6
2026.01.20 01:10:42 INFO  no build target found for C:\Users\USER\Desktop\Verilog\Verilog\Scala\operator.scala. Using presentation compiler with project's scala-library version: 3.3.6
2026.01.20 01:10:42 INFO  no build target found for C:\Users\USER\Desktop\Verilog\Verilog\Scala\operator.scala. Using presentation compiler with project's scala-library version: 3.3.6
2026.01.20 01:10:43 INFO  no build target found for C:\Users\USER\Desktop\Verilog\Verilog\Scala\operator.scala. Using presentation compiler with project's scala-library version: 3.3.6
2026.01.20 01:10:43 INFO  no build target found for C:\Users\USER\Desktop\Verilog\Verilog\Scala\operator.scala. Using presentation compiler with project's scala-library version: 3.3.6
2026.01.20 01:10:43 INFO  no build target found for C:\Users\USER\Desktop\Verilog\Verilog\Scala\operator.scala. Using presentation compiler with project's scala-library version: 3.3.6
2026.01.20 01:10:43 INFO  no build target found for C:\Users\USER\Desktop\Verilog\Verilog\Scala\operator.scala. Using presentation compiler with project's scala-library version: 3.3.6
2026.01.20 01:10:43 INFO  no build target found for C:\Users\USER\Desktop\Verilog\Verilog\Scala\operator.scala. Using presentation compiler with project's scala-library version: 3.3.6
2026.01.20 01:10:43 INFO  no build target found for C:\Users\USER\Desktop\Verilog\Verilog\Scala\operator.scala. Using presentation compiler with project's scala-library version: 3.3.6
2026.01.20 01:10:44 INFO  no build target found for C:\Users\USER\Desktop\Verilog\Verilog\Scala\operator.scala. Using presentation compiler with project's scala-library version: 3.3.6
2026.01.20 01:10:46 INFO  no build target found for C:\Users\USER\Desktop\Verilog\Verilog\Scala\operator.scala. Using presentation compiler with project's scala-library version: 3.3.6
2026.01.20 01:10:46 INFO  no build target found for C:\Users\USER\Desktop\Verilog\Verilog\Scala\operator.scala. Using presentation compiler with project's scala-library version: 3.3.6
2026.01.20 01:10:46 INFO  no build target found for C:\Users\USER\Desktop\Verilog\Verilog\Scala\operator.scala. Using presentation compiler with project's scala-library version: 3.3.6
2026.01.20 01:10:46 INFO  no build target found for C:\Users\USER\Desktop\Verilog\Verilog\Scala\operator.scala. Using presentation compiler with project's scala-library version: 3.3.6
2026.01.20 01:10:47 INFO  no build target found for C:\Users\USER\Desktop\Verilog\Verilog\Scala\operator.scala. Using presentation compiler with project's scala-library version: 3.3.6
2026.01.20 01:10:46 INFO  no build target found for C:\Users\USER\Desktop\Verilog\Verilog\Scala\operator.scala. Using presentation compiler with project's scala-library version: 3.3.6
2026.01.20 01:10:46 INFO  no build target found for C:\Users\USER\Desktop\Verilog\Verilog\Scala\operator.scala. Using presentation compiler with project's scala-library version: 3.3.6
2026.01.20 01:10:47 INFO  no build target found for C:\Users\USER\Desktop\Verilog\Verilog\Scala\operator.scala. Using presentation compiler with project's scala-library version: 3.3.6
2026.01.20 01:10:46 INFO  no build target found for C:\Users\USER\Desktop\Verilog\Verilog\Scala\operator.scala. Using presentation compiler with project's scala-library version: 3.3.6
2026.01.20 01:10:47 INFO  no build target found for C:\Users\USER\Desktop\Verilog\Verilog\Scala\operator.scala. Using presentation compiler with project's scala-library version: 3.3.6
2026.01.20 01:10:48 INFO  no build target found for C:\Users\USER\Desktop\Verilog\Verilog\Scala\operator.scala. Using presentation compiler with project's scala-library version: 3.3.6
2026.01.20 01:10:48 INFO  no build target found for C:\Users\USER\Desktop\Verilog\Verilog\Scala\operator.scala. Using presentation compiler with project's scala-library version: 3.3.6
2026.01.20 01:10:48 INFO  no build target found for C:\Users\USER\Desktop\Verilog\Verilog\Scala\operator.scala. Using presentation compiler with project's scala-library version: 3.3.6
2026.01.20 01:10:47 INFO  no build target found for C:\Users\USER\Desktop\Verilog\Verilog\Scala\operator.scala. Using presentation compiler with project's scala-library version: 3.3.6
2026.01.20 01:10:52 INFO  no build target found for C:\Users\USER\Desktop\Verilog\Verilog\Scala\operator.scala. Using presentation compiler with project's scala-library version: 3.3.6
2026.01.20 01:10:52 INFO  no build target found for C:\Users\USER\Desktop\Verilog\Verilog\Scala\operator.scala. Using presentation compiler with project's scala-library version: 3.3.6
2026.01.20 01:10:52 INFO  no build target found for C:\Users\USER\Desktop\Verilog\Verilog\Scala\operator.scala. Using presentation compiler with project's scala-library version: 3.3.6
2026.01.20 01:10:52 INFO  no build target found for C:\Users\USER\Desktop\Verilog\Verilog\Scala\operator.scala. Using presentation compiler with project's scala-library version: 3.3.6
2026.01.20 01:10:52 INFO  no build target found for C:\Users\USER\Desktop\Verilog\Verilog\Scala\operator.scala. Using presentation compiler with project's scala-library version: 3.3.6
2026.01.20 01:10:52 INFO  no build target found for C:\Users\USER\Desktop\Verilog\Verilog\Scala\operator.scala. Using presentation compiler with project's scala-library version: 3.3.6
2026.01.20 01:10:52 INFO  no build target found for C:\Users\USER\Desktop\Verilog\Verilog\Scala\operator.scala. Using presentation compiler with project's scala-library version: 3.3.6
2026.01.20 01:10:52 INFO  no build target found for C:\Users\USER\Desktop\Verilog\Verilog\Scala\operator.scala. Using presentation compiler with project's scala-library version: 3.3.6
2026.01.20 01:10:52 INFO  no build target found for C:\Users\USER\Desktop\Verilog\Verilog\Scala\operator.scala. Using presentation compiler with project's scala-library version: 3.3.6
2026.01.20 01:10:56 INFO  no build target found for C:\Users\USER\Desktop\Verilog\Verilog\Scala\operator.scala. Using presentation compiler with project's scala-library version: 3.3.6
2026.01.20 01:10:56 INFO  no build target found for C:\Users\USER\Desktop\Verilog\Verilog\Scala\operator.scala. Using presentation compiler with project's scala-library version: 3.3.6
2026.01.20 01:10:56 INFO  no build target found for C:\Users\USER\Desktop\Verilog\Verilog\Scala\operator.scala. Using presentation compiler with project's scala-library version: 3.3.6
2026.01.20 01:10:56 INFO  no build target found for C:\Users\USER\Desktop\Verilog\Verilog\Scala\operator.scala. Using presentation compiler with project's scala-library version: 3.3.6
2026.01.20 01:10:58 INFO  no build target found for C:\Users\USER\Desktop\Verilog\Verilog\Scala\operator.scala. Using presentation compiler with project's scala-library version: 3.3.6
2026.01.20 01:10:58 INFO  no build target found for C:\Users\USER\Desktop\Verilog\Verilog\Scala\operator.scala. Using presentation compiler with project's scala-library version: 3.3.6
2026.01.20 01:10:58 INFO  no build target found for C:\Users\USER\Desktop\Verilog\Verilog\Scala\operator.scala. Using presentation compiler with project's scala-library version: 3.3.6
2026.01.20 01:10:58 INFO  no build target found for C:\Users\USER\Desktop\Verilog\Verilog\Scala\operator.scala. Using presentation compiler with project's scala-library version: 3.3.6
2026.01.20 01:11:00 INFO  no build target found for C:\Users\USER\Desktop\Verilog\Verilog\Scala\operator.scala. Using presentation compiler with project's scala-library version: 3.3.6
2026.01.20 01:11:00 INFO  no build target found for C:\Users\USER\Desktop\Verilog\Verilog\Scala\operator.scala. Using presentation compiler with project's scala-library version: 3.3.6
2026.01.20 01:11:00 INFO  no build target found for C:\Users\USER\Desktop\Verilog\Verilog\Scala\operator.scala. Using presentation compiler with project's scala-library version: 3.3.6
2026.01.20 01:11:00 INFO  no build target found for C:\Users\USER\Desktop\Verilog\Verilog\Scala\operator.scala. Using presentation compiler with project's scala-library version: 3.3.6
2026.01.20 01:11:00 INFO  no build target found for C:\Users\USER\Desktop\Verilog\Verilog\Scala\operator.scala. Using presentation compiler with project's scala-library version: 3.3.6
2026.01.20 01:11:00 INFO  no build target found for C:\Users\USER\Desktop\Verilog\Verilog\Scala\operator.scala. Using presentation compiler with project's scala-library version: 3.3.6
2026.01.20 01:11:00 INFO  no build target found for C:\Users\USER\Desktop\Verilog\Verilog\Scala\operator.scala. Using presentation compiler with project's scala-library version: 3.3.6
1月 20, 2026 1:11:00 上午 org.eclipse.lsp4j.jsonrpc.RemoteEndpoint handleCancellation
警告: Unmatched cancel notification for request id 1865
2026.01.20 01:11:00 INFO  no build target found for C:\Users\USER\Desktop\Verilog\Verilog\Scala\operator.scala. Using presentation compiler with project's scala-library version: 3.3.6
2026.01.20 01:11:00 INFO  no build target found for C:\Users\USER\Desktop\Verilog\Verilog\Scala\operator.scala. Using presentation compiler with project's scala-library version: 3.3.6
2026.01.20 01:11:00 INFO  no build target found for C:\Users\USER\Desktop\Verilog\Verilog\Scala\operator.scala. Using presentation compiler with project's scala-library version: 3.3.6
2026.01.20 01:11:00 INFO  no build target found for C:\Users\USER\Desktop\Verilog\Verilog\Scala\operator.scala. Using presentation compiler with project's scala-library version: 3.3.6
2026.01.20 01:11:01 INFO  no build target found for C:\Users\USER\Desktop\Verilog\Verilog\Scala\operator.scala. Using presentation compiler with project's scala-library version: 3.3.6
2026.01.20 01:11:01 INFO  no build target found for C:\Users\USER\Desktop\Verilog\Verilog\Scala\operator.scala. Using presentation compiler with project's scala-library version: 3.3.6
2026.01.20 01:11:01 INFO  no build target found for C:\Users\USER\Desktop\Verilog\Verilog\Scala\operator.scala. Using presentation compiler with project's scala-library version: 3.3.6
2026.01.20 01:11:01 INFO  no build target found for C:\Users\USER\Desktop\Verilog\Verilog\Scala\operator.scala. Using presentation compiler with project's scala-library version: 3.3.6
2026.01.20 01:11:01 INFO  no build target found for C:\Users\USER\Desktop\Verilog\Verilog\Scala\operator.scala. Using presentation compiler with project's scala-library version: 3.3.6
2026.01.20 01:11:03 INFO  no build target found for C:\Users\USER\Desktop\Verilog\Verilog\Scala\operator.scala. Using presentation compiler with project's scala-library version: 3.3.6
2026.01.20 01:11:03 INFO  no build target found for C:\Users\USER\Desktop\Verilog\Verilog\Scala\operator.scala. Using presentation compiler with project's scala-library version: 3.3.6
2026.01.20 01:11:04 INFO  no build target found for C:\Users\USER\Desktop\Verilog\Verilog\Scala\operator.scala. Using presentation compiler with project's scala-library version: 3.3.6
2026.01.20 01:11:03 INFO  no build target found for C:\Users\USER\Desktop\Verilog\Verilog\Scala\operator.scala. Using presentation compiler with project's scala-library version: 3.3.6
2026.01.20 01:11:04 INFO  no build target found for C:\Users\USER\Desktop\Verilog\Verilog\Scala\operator.scala. Using presentation compiler with project's scala-library version: 3.3.6
2026.01.20 01:11:03 INFO  no build target found for C:\Users\USER\Desktop\Verilog\Verilog\Scala\operator.scala. Using presentation compiler with project's scala-library version: 3.3.6
2026.01.20 01:11:04 INFO  no build target found for C:\Users\USER\Desktop\Verilog\Verilog\Scala\operator.scala. Using presentation compiler with project's scala-library version: 3.3.6
2026.01.20 01:11:03 INFO  no build target found for C:\Users\USER\Desktop\Verilog\Verilog\Scala\operator.scala. Using presentation compiler with project's scala-library version: 3.3.6
2026.01.20 01:11:04 INFO  no build target found for C:\Users\USER\Desktop\Verilog\Verilog\Scala\operator.scala. Using presentation compiler with project's scala-library version: 3.3.6
2026.01.20 01:11:03 INFO  no build target found for C:\Users\USER\Desktop\Verilog\Verilog\Scala\operator.scala. Using presentation compiler with project's scala-library version: 3.3.6
2026.01.20 01:11:04 INFO  no build target found for C:\Users\USER\Desktop\Verilog\Verilog\Scala\operator.scala. Using presentation compiler with project's scala-library version: 3.3.6
2026.01.20 01:11:05 INFO  no build target found for C:\Users\USER\Desktop\Verilog\Verilog\Scala\operator.scala. Using presentation compiler with project's scala-library version: 3.3.6
2026.01.20 01:11:05 INFO  no build target found for C:\Users\USER\Desktop\Verilog\Verilog\Scala\operator.scala. Using presentation compiler with project's scala-library version: 3.3.6
2026.01.20 01:11:06 INFO  no build target found for C:\Users\USER\Desktop\Verilog\Verilog\Scala\operator.scala. Using presentation compiler with project's scala-library version: 3.3.6
2026.01.20 01:11:05 INFO  no build target found for C:\Users\USER\Desktop\Verilog\Verilog\Scala\operator.scala. Using presentation compiler with project's scala-library version: 3.3.6
2026.01.20 01:11:06 INFO  no build target found for C:\Users\USER\Desktop\Verilog\Verilog\Scala\operator.scala. Using presentation compiler with project's scala-library version: 3.3.6
2026.01.20 01:11:06 INFO  no build target found for C:\Users\USER\Desktop\Verilog\Verilog\Scala\operator.scala. Using presentation compiler with project's scala-library version: 3.3.6
2026.01.20 01:11:06 INFO  no build target found for C:\Users\USER\Desktop\Verilog\Verilog\Scala\operator.scala. Using presentation compiler with project's scala-library version: 3.3.6
2026.01.20 01:11:06 INFO  no build target found for C:\Users\USER\Desktop\Verilog\Verilog\Scala\operator.scala. Using presentation compiler with project's scala-library version: 3.3.6
2026.01.20 01:11:06 INFO  no build target found for C:\Users\USER\Desktop\Verilog\Verilog\Scala\operator.scala. Using presentation compiler with project's scala-library version: 3.3.6
2026.01.20 01:11:06 INFO  no build target found for C:\Users\USER\Desktop\Verilog\Verilog\Scala\operator.scala. Using presentation compiler with project's scala-library version: 3.3.6
2026.01.20 01:11:07 INFO  no build target found for C:\Users\USER\Desktop\Verilog\Verilog\Scala\operator.scala. Using presentation compiler with project's scala-library version: 3.3.6
2026.01.20 01:11:06 INFO  no build target found for C:\Users\USER\Desktop\Verilog\Verilog\Scala\operator.scala. Using presentation compiler with project's scala-library version: 3.3.6
2026.01.20 01:11:06 INFO  no build target found for C:\Users\USER\Desktop\Verilog\Verilog\Scala\operator.scala. Using presentation compiler with project's scala-library version: 3.3.6
2026.01.20 01:11:06 INFO  no build target found for C:\Users\USER\Desktop\Verilog\Verilog\Scala\operator.scala. Using presentation compiler with project's scala-library version: 3.3.6
2026.01.20 01:11:06 INFO  no build target found for C:\Users\USER\Desktop\Verilog\Verilog\Scala\operator.scala. Using presentation compiler with project's scala-library version: 3.3.6
2026.01.20 01:11:07 INFO  no build target found for C:\Users\USER\Desktop\Verilog\Verilog\Scala\operator.scala. Using presentation compiler with project's scala-library version: 3.3.6
2026.01.20 01:11:07 INFO  no build target found for C:\Users\USER\Desktop\Verilog\Verilog\Scala\operator.scala. Using presentation compiler with project's scala-library version: 3.3.6
2026.01.20 01:11:07 INFO  no build target found for C:\Users\USER\Desktop\Verilog\Verilog\Scala\operator.scala. Using presentation compiler with project's scala-library version: 3.3.6
2026.01.20 01:11:07 INFO  no build target found for C:\Users\USER\Desktop\Verilog\Verilog\Scala\operator.scala. Using presentation compiler with project's scala-library version: 3.3.6
2026.01.20 01:11:09 INFO  no build target found for C:\Users\USER\Desktop\Verilog\Verilog\Scala\operator.scala. Using presentation compiler with project's scala-library version: 3.3.6
2026.01.20 01:11:09 INFO  no build target found for C:\Users\USER\Desktop\Verilog\Verilog\Scala\operator.scala. Using presentation compiler with project's scala-library version: 3.3.6
2026.01.20 01:11:09 INFO  no build target found for C:\Users\USER\Desktop\Verilog\Verilog\Scala\operator.scala. Using presentation compiler with project's scala-library version: 3.3.6
2026.01.20 01:11:09 INFO  no build target found for C:\Users\USER\Desktop\Verilog\Verilog\Scala\operator.scala. Using presentation compiler with project's scala-library version: 3.3.6
2026.01.20 01:11:09 INFO  no build target found for C:\Users\USER\Desktop\Verilog\Verilog\Scala\operator.scala. Using presentation compiler with project's scala-library version: 3.3.6
2026.01.20 01:11:09 INFO  no build target found for C:\Users\USER\Desktop\Verilog\Verilog\Scala\operator.scala. Using presentation compiler with project's scala-library version: 3.3.6
2026.01.20 01:11:10 INFO  no build target found for C:\Users\USER\Desktop\Verilog\Verilog\Scala\operator.scala. Using presentation compiler with project's scala-library version: 3.3.6
2026.01.20 01:11:10 INFO  no build target found for C:\Users\USER\Desktop\Verilog\Verilog\Scala\operator.scala. Using presentation compiler with project's scala-library version: 3.3.6
2026.01.20 01:11:10 INFO  no build target found for C:\Users\USER\Desktop\Verilog\Verilog\Scala\operator.scala. Using presentation compiler with project's scala-library version: 3.3.6
2026.01.20 01:11:10 INFO  no build target found for C:\Users\USER\Desktop\Verilog\Verilog\Scala\operator.scala. Using presentation compiler with project's scala-library version: 3.3.6
2026.01.20 01:11:13 INFO  no build target found for C:\Users\USER\Desktop\Verilog\Verilog\Scala\operator.scala. Using presentation compiler with project's scala-library version: 3.3.6
2026.01.20 01:11:13 INFO  no build target found for C:\Users\USER\Desktop\Verilog\Verilog\Scala\operator.scala. Using presentation compiler with project's scala-library version: 3.3.6
2026.01.20 01:11:13 INFO  no build target found for C:\Users\USER\Desktop\Verilog\Verilog\Scala\operator.scala. Using presentation compiler with project's scala-library version: 3.3.6
2026.01.20 01:11:13 INFO  no build target found for C:\Users\USER\Desktop\Verilog\Verilog\Scala\operator.scala. Using presentation compiler with project's scala-library version: 3.3.6
2026.01.20 01:11:13 INFO  no build target found for C:\Users\USER\Desktop\Verilog\Verilog\Scala\operator.scala. Using presentation compiler with project's scala-library version: 3.3.6
2026.01.20 01:11:13 INFO  no build target found for C:\Users\USER\Desktop\Verilog\Verilog\Scala\operator.scala. Using presentation compiler with project's scala-library version: 3.3.6
2026.01.20 01:11:13 INFO  no build target found for C:\Users\USER\Desktop\Verilog\Verilog\Scala\operator.scala. Using presentation compiler with project's scala-library version: 3.3.6
2026.01.20 01:11:13 INFO  no build target found for C:\Users\USER\Desktop\Verilog\Verilog\Scala\operator.scala. Using presentation compiler with project's scala-library version: 3.3.6
2026.01.20 01:11:13 INFO  no build target found for C:\Users\USER\Desktop\Verilog\Verilog\Scala\operator.scala. Using presentation compiler with project's scala-library version: 3.3.6
2026.01.20 01:11:13 INFO  no build target found for C:\Users\USER\Desktop\Verilog\Verilog\Scala\operator.scala. Using presentation compiler with project's scala-library version: 3.3.6
2026.01.20 01:11:13 INFO  no build target found for C:\Users\USER\Desktop\Verilog\Verilog\Scala\operator.scala. Using presentation compiler with project's scala-library version: 3.3.6
2026.01.20 01:11:14 INFO  no build target found for C:\Users\USER\Desktop\Verilog\Verilog\Scala\operator.scala. Using presentation compiler with project's scala-library version: 3.3.6
2026.01.20 01:11:14 INFO  no build target found for C:\Users\USER\Desktop\Verilog\Verilog\Scala\operator.scala. Using presentation compiler with project's scala-library version: 3.3.6
2026.01.20 01:11:14 INFO  no build target found for C:\Users\USER\Desktop\Verilog\Verilog\Scala\operator.scala. Using presentation compiler with project's scala-library version: 3.3.6
2026.01.20 01:11:14 INFO  no build target found for C:\Users\USER\Desktop\Verilog\Verilog\Scala\operator.scala. Using presentation compiler with project's scala-library version: 3.3.6
2026.01.20 01:11:15 INFO  no build target found for C:\Users\USER\Desktop\Verilog\Verilog\Scala\operator.scala. Using presentation compiler with project's scala-library version: 3.3.6
2026.01.20 01:11:15 INFO  no build target found for C:\Users\USER\Desktop\Verilog\Verilog\Scala\operator.scala. Using presentation compiler with project's scala-library version: 3.3.6
2026.01.20 01:11:18 INFO  no build target found for C:\Users\USER\Desktop\Verilog\Verilog\Scala\operator.scala. Using presentation compiler with project's scala-library version: 3.3.6
2026.01.20 01:11:18 INFO  no build target found for C:\Users\USER\Desktop\Verilog\Verilog\Scala\operator.scala. Using presentation compiler with project's scala-library version: 3.3.6
2026.01.20 01:11:18 INFO  no build target found for C:\Users\USER\Desktop\Verilog\Verilog\Scala\operator.scala. Using presentation compiler with project's scala-library version: 3.3.6
2026.01.20 01:11:18 INFO  no build target found for C:\Users\USER\Desktop\Verilog\Verilog\Scala\operator.scala. Using presentation compiler with project's scala-library version: 3.3.6
2026.01.20 01:11:18 INFO  no build target found for C:\Users\USER\Desktop\Verilog\Verilog\Scala\operator.scala. Using presentation compiler with project's scala-library version: 3.3.6
2026.01.20 01:11:18 INFO  no build target found for C:\Users\USER\Desktop\Verilog\Verilog\Scala\operator.scala. Using presentation compiler with project's scala-library version: 3.3.6
2026.01.20 01:11:18 INFO  no build target found for C:\Users\USER\Desktop\Verilog\Verilog\Scala\operator.scala. Using presentation compiler with project's scala-library version: 3.3.6
2026.01.20 01:11:18 INFO  no build target found for C:\Users\USER\Desktop\Verilog\Verilog\Scala\operator.scala. Using presentation compiler with project's scala-library version: 3.3.6
2026.01.20 01:11:20 INFO  no build target found for C:\Users\USER\Desktop\Verilog\Verilog\Scala\operator.scala. Using presentation compiler with project's scala-library version: 3.3.6
2026.01.20 01:11:20 INFO  no build target found for C:\Users\USER\Desktop\Verilog\Verilog\Scala\operator.scala. Using presentation compiler with project's scala-library version: 3.3.6
2026.01.20 01:11:20 INFO  no build target found for C:\Users\USER\Desktop\Verilog\Verilog\Scala\operator.scala. Using presentation compiler with project's scala-library version: 3.3.6
2026.01.20 01:11:20 INFO  no build target found for C:\Users\USER\Desktop\Verilog\Verilog\Scala\operator.scala. Using presentation compiler with project's scala-library version: 3.3.6
2026.01.20 01:11:20 INFO  no build target found for C:\Users\USER\Desktop\Verilog\Verilog\Scala\operator.scala. Using presentation compiler with project's scala-library version: 3.3.6
2026.01.20 01:11:20 INFO  no build target found for C:\Users\USER\Desktop\Verilog\Verilog\Scala\operator.scala. Using presentation compiler with project's scala-library version: 3.3.6
2026.01.20 01:11:20 INFO  no build target found for C:\Users\USER\Desktop\Verilog\Verilog\Scala\operator.scala. Using presentation compiler with project's scala-library version: 3.3.6
2026.01.20 01:11:20 INFO  no build target found for C:\Users\USER\Desktop\Verilog\Verilog\Scala\operator.scala. Using presentation compiler with project's scala-library version: 3.3.6
2026.01.20 01:11:21 INFO  no build target found for C:\Users\USER\Desktop\Verilog\Verilog\Scala\operator.scala. Using presentation compiler with project's scala-library version: 3.3.6
2026.01.20 01:11:23 INFO  no build target found for C:\Users\USER\Desktop\Verilog\Verilog\Scala\operator.scala. Using presentation compiler with project's scala-library version: 3.3.6
2026.01.20 01:11:23 INFO  no build target found for C:\Users\USER\Desktop\Verilog\Verilog\Scala\operator.scala. Using presentation compiler with project's scala-library version: 3.3.6
2026.01.20 01:11:23 INFO  no build target found for C:\Users\USER\Desktop\Verilog\Verilog\Scala\operator.scala. Using presentation compiler with project's scala-library version: 3.3.6
2026.01.20 01:11:23 INFO  no build target found for C:\Users\USER\Desktop\Verilog\Verilog\Scala\operator.scala. Using presentation compiler with project's scala-library version: 3.3.6
1月 20, 2026 1:11:23 上午 org.eclipse.lsp4j.jsonrpc.RemoteEndpoint handleCancellation
警告: Unmatched cancel notification for request id 1995
2026.01.20 01:11:23 INFO  no build target found for C:\Users\USER\Desktop\Verilog\Verilog\Scala\operator.scala. Using presentation compiler with project's scala-library version: 3.3.6
2026.01.20 01:11:23 INFO  no build target found for C:\Users\USER\Desktop\Verilog\Verilog\Scala\operator.scala. Using presentation compiler with project's scala-library version: 3.3.6
2026.01.20 01:11:23 INFO  no build target found for C:\Users\USER\Desktop\Verilog\Verilog\Scala\operator.scala. Using presentation compiler with project's scala-library version: 3.3.6
2026.01.20 01:11:23 INFO  no build target found for C:\Users\USER\Desktop\Verilog\Verilog\Scala\operator.scala. Using presentation compiler with project's scala-library version: 3.3.6
2026.01.20 01:11:23 INFO  no build target found for C:\Users\USER\Desktop\Verilog\Verilog\Scala\operator.scala. Using presentation compiler with project's scala-library version: 3.3.6
2026.01.20 01:11:24 INFO  no build target found for C:\Users\USER\Desktop\Verilog\Verilog\Scala\operator.scala. Using presentation compiler with project's scala-library version: 3.3.6
2026.01.20 01:11:24 INFO  no build target found for C:\Users\USER\Desktop\Verilog\Verilog\Scala\operator.scala. Using presentation compiler with project's scala-library version: 3.3.6
2026.01.20 01:11:26 INFO  no build target found for C:\Users\USER\Desktop\Verilog\Verilog\Scala\operator.scala. Using presentation compiler with project's scala-library version: 3.3.6
2026.01.20 01:11:26 INFO  no build target found for C:\Users\USER\Desktop\Verilog\Verilog\Scala\operator.scala. Using presentation compiler with project's scala-library version: 3.3.6
2026.01.20 01:11:26 INFO  no build target found for C:\Users\USER\Desktop\Verilog\Verilog\Scala\operator.scala. Using presentation compiler with project's scala-library version: 3.3.6
2026.01.20 01:11:26 INFO  no build target found for C:\Users\USER\Desktop\Verilog\Verilog\Scala\operator.scala. Using presentation compiler with project's scala-library version: 3.3.6
2026.01.20 01:11:26 INFO  no build target found for C:\Users\USER\Desktop\Verilog\Verilog\Scala\operator.scala. Using presentation compiler with project's scala-library version: 3.3.6
2026.01.20 01:11:26 INFO  no build target found for C:\Users\USER\Desktop\Verilog\Verilog\Scala\operator.scala. Using presentation compiler with project's scala-library version: 3.3.6
2026.01.20 01:11:26 INFO  no build target found for C:\Users\USER\Desktop\Verilog\Verilog\Scala\operator.scala. Using presentation compiler with project's scala-library version: 3.3.6
2026.01.20 01:11:26 INFO  no build target found for C:\Users\USER\Desktop\Verilog\Verilog\Scala\operator.scala. Using presentation compiler with project's scala-library version: 3.3.6
2026.01.20 01:11:26 INFO  no build target found for C:\Users\USER\Desktop\Verilog\Verilog\Scala\operator.scala. Using presentation compiler with project's scala-library version: 3.3.6
2026.01.20 01:11:27 INFO  no build target found for C:\Users\USER\Desktop\Verilog\Verilog\Scala\operator.scala. Using presentation compiler with project's scala-library version: 3.3.6
2026.01.20 01:11:29 INFO  no build target found for C:\Users\USER\Desktop\Verilog\Verilog\Scala\operator.scala. Using presentation compiler with project's scala-library version: 3.3.6
2026.01.20 01:11:29 INFO  no build target found for C:\Users\USER\Desktop\Verilog\Verilog\Scala\operator.scala. Using presentation compiler with project's scala-library version: 3.3.6
2026.01.20 01:11:30 INFO  no build target found for C:\Users\USER\Desktop\Verilog\Verilog\Scala\operator.scala. Using presentation compiler with project's scala-library version: 3.3.6
2026.01.20 01:11:30 INFO  no build target found for C:\Users\USER\Desktop\Verilog\Verilog\Scala\operator.scala. Using presentation compiler with project's scala-library version: 3.3.6
2026.01.20 01:11:30 INFO  no build target found for C:\Users\USER\Desktop\Verilog\Verilog\Scala\operator.scala. Using presentation compiler with project's scala-library version: 3.3.6
2026.01.20 01:11:31 INFO  no build target found for C:\Users\USER\Desktop\Verilog\Verilog\Scala\operator.scala. Using presentation compiler with project's scala-library version: 3.3.6
2026.01.20 01:11:30 INFO  no build target found for C:\Users\USER\Desktop\Verilog\Verilog\Scala\operator.scala. Using presentation compiler with project's scala-library version: 3.3.6
2026.01.20 01:11:31 INFO  no build target found for C:\Users\USER\Desktop\Verilog\Verilog\Scala\operator.scala. Using presentation compiler with project's scala-library version: 3.3.6
2026.01.20 01:11:30 INFO  no build target found for C:\Users\USER\Desktop\Verilog\Verilog\Scala\operator.scala. Using presentation compiler with project's scala-library version: 3.3.6
2026.01.20 01:11:31 INFO  no build target found for C:\Users\USER\Desktop\Verilog\Verilog\Scala\operator.scala. Using presentation compiler with project's scala-library version: 3.3.6
2026.01.20 01:11:30 INFO  no build target found for C:\Users\USER\Desktop\Verilog\Verilog\Scala\operator.scala. Using presentation compiler with project's scala-library version: 3.3.6
2026.01.20 01:11:31 INFO  no build target found for C:\Users\USER\Desktop\Verilog\Verilog\Scala\operator.scala. Using presentation compiler with project's scala-library version: 3.3.6
2026.01.20 01:11:31 WARN  no build target for: C:\Users\USER\Desktop\Verilog\Verilog\Scala\operator.scala
2026.01.20 01:11:31 INFO  no build target found for C:\Users\USER\Desktop\Verilog\Verilog\Scala\operator.scala. Using presentation compiler with project's scala-library version: 3.3.6
2026.01.20 01:11:31 INFO  skipping build import with status 'Failed'
2026.01.20 01:11:32 INFO  no build target found for C:\Users\USER\Desktop\Verilog\Verilog\Scala\operator.scala. Using presentation compiler with project's scala-library version: 3.3.6
2026.01.20 01:11:34 INFO  no build target found for C:\Users\USER\Desktop\Verilog\Verilog\Scala\operator.scala. Using presentation compiler with project's scala-library version: 3.3.6
2026.01.20 01:11:34 INFO  no build target found for C:\Users\USER\Desktop\Verilog\Verilog\Scala\operator.scala. Using presentation compiler with project's scala-library version: 3.3.6
2026.01.20 01:11:37 INFO  no build target found for C:\Users\USER\Desktop\Verilog\Verilog\Scala\operator.scala. Using presentation compiler with project's scala-library version: 3.3.6
2026.01.20 01:11:39 INFO  no build target found for C:\Users\USER\Desktop\Verilog\Verilog\Scala\operator.scala. Using presentation compiler with project's scala-library version: 3.3.6
2026.01.20 01:11:39 INFO  no build target found for C:\Users\USER\Desktop\Verilog\Verilog\Scala\operator.scala. Using presentation compiler with project's scala-library version: 3.3.6
2026.01.20 01:11:41 INFO  no build target found for C:\Users\USER\Desktop\Verilog\Verilog\Scala\operator.scala. Using presentation compiler with project's scala-library version: 3.3.6
2026.01.20 01:11:41 INFO  no build target found for C:\Users\USER\Desktop\Verilog\Verilog\Scala\operator.scala. Using presentation compiler with project's scala-library version: 3.3.6
2026.01.20 01:11:42 INFO  no build target found for C:\Users\USER\Desktop\Verilog\Verilog\Scala\operator.scala. Using presentation compiler with project's scala-library version: 3.3.6
2026.01.20 01:11:42 INFO  no build target found for C:\Users\USER\Desktop\Verilog\Verilog\Scala\operator.scala. Using presentation compiler with project's scala-library version: 3.3.6
2026.01.20 01:11:43 INFO  no build target found for C:\Users\USER\Desktop\Verilog\Verilog\Scala\operator.scala. Using presentation compiler with project's scala-library version: 3.3.6
2026.01.20 01:12:08 INFO  no build target found for C:\Users\USER\Desktop\Verilog\Verilog\Scala\operator.scala. Using presentation compiler with project's scala-library version: 3.3.6
2026.01.20 01:12:08 INFO  no build target found for C:\Users\USER\Desktop\Verilog\Verilog\Scala\operator.scala. Using presentation compiler with project's scala-library version: 3.3.6
2026.01.20 01:12:08 INFO  no build target found for C:\Users\USER\Desktop\Verilog\Verilog\Scala\operator.scala. Using presentation compiler with project's scala-library version: 3.3.6
2026.01.20 01:12:08 INFO  no build target found for C:\Users\USER\Desktop\Verilog\Verilog\Scala\operator.scala. Using presentation compiler with project's scala-library version: 3.3.6
2026.01.20 01:12:08 INFO  no build target found for C:\Users\USER\Desktop\Verilog\Verilog\Scala\operator.scala. Using presentation compiler with project's scala-library version: 3.3.6
2026.01.20 01:12:10 INFO  no build target found for C:\Users\USER\Desktop\Verilog\Verilog\Scala\operator.scala. Using presentation compiler with project's scala-library version: 3.3.6
2026.01.20 01:12:10 INFO  no build target found for C:\Users\USER\Desktop\Verilog\Verilog\Scala\operator.scala. Using presentation compiler with project's scala-library version: 3.3.6
2026.01.20 01:12:10 INFO  no build target found for C:\Users\USER\Desktop\Verilog\Verilog\Scala\operator.scala. Using presentation compiler with project's scala-library version: 3.3.6
2026.01.20 01:12:10 INFO  no build target found for C:\Users\USER\Desktop\Verilog\Verilog\Scala\operator.scala. Using presentation compiler with project's scala-library version: 3.3.6
2026.01.20 01:12:10 INFO  no build target found for C:\Users\USER\Desktop\Verilog\Verilog\Scala\operator.scala. Using presentation compiler with project's scala-library version: 3.3.6
2026.01.20 01:12:10 INFO  no build target found for C:\Users\USER\Desktop\Verilog\Verilog\Scala\operator.scala. Using presentation compiler with project's scala-library version: 3.3.6
2026.01.20 01:12:10 INFO  no build target found for C:\Users\USER\Desktop\Verilog\Verilog\Scala\operator.scala. Using presentation compiler with project's scala-library version: 3.3.6
2026.01.20 01:12:10 INFO  no build target found for C:\Users\USER\Desktop\Verilog\Verilog\Scala\operator.scala. Using presentation compiler with project's scala-library version: 3.3.6
2026.01.20 01:12:11 INFO  no build target found for C:\Users\USER\Desktop\Verilog\Verilog\Scala\operator.scala. Using presentation compiler with project's scala-library version: 3.3.6
2026.01.20 01:12:11 INFO  no build target found for C:\Users\USER\Desktop\Verilog\Verilog\Scala\operator.scala. Using presentation compiler with project's scala-library version: 3.3.6
2026.01.20 01:12:11 INFO  no build target found for C:\Users\USER\Desktop\Verilog\Verilog\Scala\operator.scala. Using presentation compiler with project's scala-library version: 3.3.6
2026.01.20 01:12:11 INFO  no build target found for C:\Users\USER\Desktop\Verilog\Verilog\Scala\operator.scala. Using presentation compiler with project's scala-library version: 3.3.6
2026.01.20 01:12:11 WARN  no build target for: C:\Users\USER\Desktop\Verilog\Verilog\Scala\operator.scala
2026.01.20 01:12:11 INFO  no build target found for C:\Users\USER\Desktop\Verilog\Verilog\Scala\operator.scala. Using presentation compiler with project's scala-library version: 3.3.6
2026.01.20 01:12:11 INFO  skipping build import with status 'Failed'
2026.01.20 01:13:03 INFO  no build target found for C:\Users\USER\Desktop\Verilog\Verilog\Scala\Operator.scala. Using presentation compiler with project's scala-library version: 3.3.6
2026.01.20 01:13:05 INFO  no build target found for C:\Users\USER\Desktop\Verilog\Verilog\Scala\Operator.scala. Using presentation compiler with project's scala-library version: 3.3.6
2026.01.20 01:13:08 INFO  no build target found for C:\Users\USER\Desktop\Verilog\Verilog\Scala\Operator.scala. Using presentation compiler with project's scala-library version: 3.3.6
2026.01.20 01:13:08 INFO  no build target found for C:\Users\USER\Desktop\Verilog\Verilog\Scala\Operator.scala. Using presentation compiler with project's scala-library version: 3.3.6
2026.01.20 01:13:09 INFO  no build target found for C:\Users\USER\Desktop\Verilog\Verilog\Scala\Operator.scala. Using presentation compiler with project's scala-library version: 3.3.6
2026.01.20 01:13:09 INFO  no build target found for C:\Users\USER\Desktop\Verilog\Verilog\Scala\Operator.scala. Using presentation compiler with project's scala-library version: 3.3.6
2026.01.20 01:13:09 INFO  no build target found for C:\Users\USER\Desktop\Verilog\Verilog\Scala\Operator.scala. Using presentation compiler with project's scala-library version: 3.3.6
2026.01.20 01:13:09 INFO  no build target found for C:\Users\USER\Desktop\Verilog\Verilog\Scala\Operator.scala. Using presentation compiler with project's scala-library version: 3.3.6
2026.01.20 01:13:09 INFO  no build target found for C:\Users\USER\Desktop\Verilog\Verilog\Scala\Operator.scala. Using presentation compiler with project's scala-library version: 3.3.6
2026.01.20 01:13:09 INFO  no build target found for C:\Users\USER\Desktop\Verilog\Verilog\Scala\Operator.scala. Using presentation compiler with project's scala-library version: 3.3.6
2026.01.20 01:13:10 WARN  no build target for: C:\Users\USER\Desktop\Verilog\Verilog\Scala\Operator.scala
2026.01.20 01:13:10 INFO  no build target found for C:\Users\USER\Desktop\Verilog\Verilog\Scala\Operator.scala. Using presentation compiler with project's scala-library version: 3.3.6
2026.01.20 01:13:09 INFO  skipping build import with status 'Failed'
2026.01.20 01:13:57 INFO  no build target found for C:\Users\USER\Desktop\Verilog\Verilog\Scala\Operator.scala. Using presentation compiler with project's scala-library version: 3.3.6
2026.01.20 01:13:58 INFO  no build target found for C:\Users\USER\Desktop\Verilog\Verilog\Scala\Operator.scala. Using presentation compiler with project's scala-library version: 3.3.6
2026.01.20 01:13:59 INFO  no build target found for C:\Users\USER\Desktop\Verilog\Verilog\Scala\Operator.scala. Using presentation compiler with project's scala-library version: 3.3.6
2026.01.20 01:13:59 INFO  no build target found for C:\Users\USER\Desktop\Verilog\Verilog\Scala\Operator.scala. Using presentation compiler with project's scala-library version: 3.3.6
2026.01.20 01:13:59 INFO  no build target found for C:\Users\USER\Desktop\Verilog\Verilog\Scala\Operator.scala. Using presentation compiler with project's scala-library version: 3.3.6
2026.01.20 01:13:59 INFO  no build target found for C:\Users\USER\Desktop\Verilog\Verilog\Scala\Operator.scala. Using presentation compiler with project's scala-library version: 3.3.6
2026.01.20 01:13:59 INFO  no build target found for C:\Users\USER\Desktop\Verilog\Verilog\Scala\Operator.scala. Using presentation compiler with project's scala-library version: 3.3.6
2026.01.20 01:13:59 INFO  no build target found for C:\Users\USER\Desktop\Verilog\Verilog\Scala\Operator.scala. Using presentation compiler with project's scala-library version: 3.3.6
2026.01.20 01:14:00 INFO  no build target found for C:\Users\USER\Desktop\Verilog\Verilog\Scala\Operator.scala. Using presentation compiler with project's scala-library version: 3.3.6
2026.01.20 01:14:00 INFO  no build target found for C:\Users\USER\Desktop\Verilog\Verilog\Scala\Operator.scala. Using presentation compiler with project's scala-library version: 3.3.6
2026.01.20 01:14:00 INFO  no build target found for C:\Users\USER\Desktop\Verilog\Verilog\Scala\Operator.scala. Using presentation compiler with project's scala-library version: 3.3.6
2026.01.20 01:14:00 WARN  no build target for: C:\Users\USER\Desktop\Verilog\Verilog\Scala\Operator.scala
2026.01.20 01:14:00 INFO  no build target found for C:\Users\USER\Desktop\Verilog\Verilog\Scala\Operator.scala. Using presentation compiler with project's scala-library version: 3.3.6
2026.01.20 01:14:00 INFO  skipping build import with status 'Failed'
2026.01.20 01:14:01 INFO  no build target found for C:\Users\USER\Desktop\Verilog\Verilog\Scala\Operator.scala. Using presentation compiler with project's scala-library version: 3.3.6
2026.01.20 01:14:24 INFO  no build target found for C:\Users\USER\Desktop\Verilog\Verilog\Scala\Operator.scala. Using presentation compiler with project's scala-library version: 3.3.6
2026.01.20 01:14:24 INFO  no build target found for C:\Users\USER\Desktop\Verilog\Verilog\Scala\Operator.scala. Using presentation compiler with project's scala-library version: 3.3.6
2026.01.20 01:14:24 INFO  no build target found for C:\Users\USER\Desktop\Verilog\Verilog\Scala\Operator.scala. Using presentation compiler with project's scala-library version: 3.3.6
2026.01.20 01:14:24 INFO  no build target found for C:\Users\USER\Desktop\Verilog\Verilog\Scala\Operator.scala. Using presentation compiler with project's scala-library version: 3.3.6
2026.01.20 01:14:26 INFO  no build target found for C:\Users\USER\Desktop\Verilog\Verilog\Scala\Operator.scala. Using presentation compiler with project's scala-library version: 3.3.6
2026.01.20 01:14:26 INFO  no build target found for C:\Users\USER\Desktop\Verilog\Verilog\Scala\Operator.scala. Using presentation compiler with project's scala-library version: 3.3.6
2026.01.20 01:14:26 INFO  no build target found for C:\Users\USER\Desktop\Verilog\Verilog\Scala\Operator.scala. Using presentation compiler with project's scala-library version: 3.3.6
2026.01.20 01:14:26 INFO  no build target found for C:\Users\USER\Desktop\Verilog\Verilog\Scala\Operator.scala. Using presentation compiler with project's scala-library version: 3.3.6
2026.01.20 01:14:26 INFO  no build target found for C:\Users\USER\Desktop\Verilog\Verilog\Scala\Operator.scala. Using presentation compiler with project's scala-library version: 3.3.6
2026.01.20 01:14:26 INFO  no build target found for C:\Users\USER\Desktop\Verilog\Verilog\Scala\Operator.scala. Using presentation compiler with project's scala-library version: 3.3.6
2026.01.20 01:14:26 INFO  no build target found for C:\Users\USER\Desktop\Verilog\Verilog\Scala\Operator.scala. Using presentation compiler with project's scala-library version: 3.3.6
2026.01.20 01:14:26 INFO  no build target found for C:\Users\USER\Desktop\Verilog\Verilog\Scala\Operator.scala. Using presentation compiler with project's scala-library version: 3.3.6
2026.01.20 01:14:26 INFO  no build target found for C:\Users\USER\Desktop\Verilog\Verilog\Scala\Operator.scala. Using presentation compiler with project's scala-library version: 3.3.6
2026.01.20 01:14:26 INFO  no build target found for C:\Users\USER\Desktop\Verilog\Verilog\Scala\Operator.scala. Using presentation compiler with project's scala-library version: 3.3.6
2026.01.20 01:14:27 INFO  no build target found for C:\Users\USER\Desktop\Verilog\Verilog\Scala\Operator.scala. Using presentation compiler with project's scala-library version: 3.3.6
2026.01.20 01:14:27 INFO  no build target found for C:\Users\USER\Desktop\Verilog\Verilog\Scala\Operator.scala. Using presentation compiler with project's scala-library version: 3.3.6
2026.01.20 01:14:27 INFO  no build target found for C:\Users\USER\Desktop\Verilog\Verilog\Scala\Operator.scala. Using presentation compiler with project's scala-library version: 3.3.6
2026.01.20 01:14:27 INFO  no build target found for C:\Users\USER\Desktop\Verilog\Verilog\Scala\Operator.scala. Using presentation compiler with project's scala-library version: 3.3.6
2026.01.20 01:14:28 INFO  no build target found for C:\Users\USER\Desktop\Verilog\Verilog\Scala\Operator.scala. Using presentation compiler with project's scala-library version: 3.3.6
2026.01.20 01:14:27 INFO  no build target found for C:\Users\USER\Desktop\Verilog\Verilog\Scala\Operator.scala. Using presentation compiler with project's scala-library version: 3.3.6
2026.01.20 01:14:27 INFO  no build target found for C:\Users\USER\Desktop\Verilog\Verilog\Scala\Operator.scala. Using presentation compiler with project's scala-library version: 3.3.6
2026.01.20 01:14:28 INFO  no build target found for C:\Users\USER\Desktop\Verilog\Verilog\Scala\Operator.scala. Using presentation compiler with project's scala-library version: 3.3.6
2026.01.20 01:14:27 INFO  no build target found for C:\Users\USER\Desktop\Verilog\Verilog\Scala\Operator.scala. Using presentation compiler with project's scala-library version: 3.3.6
2026.01.20 01:14:28 INFO  no build target found for C:\Users\USER\Desktop\Verilog\Verilog\Scala\Operator.scala. Using presentation compiler with project's scala-library version: 3.3.6
2026.01.20 01:14:28 INFO  no build target found for C:\Users\USER\Desktop\Verilog\Verilog\Scala\Operator.scala. Using presentation compiler with project's scala-library version: 3.3.6
2026.01.20 01:14:28 INFO  no build target found for C:\Users\USER\Desktop\Verilog\Verilog\Scala\Operator.scala. Using presentation compiler with project's scala-library version: 3.3.6
2026.01.20 01:14:28 WARN  no build target for: C:\Users\USER\Desktop\Verilog\Verilog\Scala\Operator.scala
2026.01.20 01:14:28 INFO  no build target found for C:\Users\USER\Desktop\Verilog\Verilog\Scala\Operator.scala. Using presentation compiler with project's scala-library version: 3.3.6
2026.01.20 01:14:28 INFO  skipping build import with status 'Failed'
2026.01.20 01:14:28 INFO  Created report: Optional[file:///C:/Users/USER/Desktop/Verilog/Verilog/Scala/Operator.scala]
2026.01.20 01:14:28 INFO  empty definition using pc, found symbol in pc: scala/Predef.String# (full report at: "C:\Users\USER\Desktop\Verilog\Verilog\Scala\.metals\.reports\metals-full\2026-01-20\r_empty-definition_01-14-29-070.md")
2026.01.20 01:14:28 INFO  no build target found for C:\Users\USER\Desktop\Verilog\Verilog\Scala\Operator.scala. Using presentation compiler with project's scala-library version: 3.3.6
2026.01.20 01:14:28 INFO  no build target found for C:\Users\USER\Desktop\Verilog\Verilog\Scala\Operator.scala. Using presentation compiler with project's scala-library version: 3.3.6
2026.01.20 01:14:42 INFO  no build target found for C:\Users\USER\Desktop\Verilog\Verilog\Scala\Operator.scala. Using presentation compiler with project's scala-library version: 3.3.6
2026.01.20 01:14:44 INFO  no build target found for C:\Users\USER\Desktop\Verilog\Verilog\Scala\Operator.scala. Using presentation compiler with project's scala-library version: 3.3.6
2026.01.20 01:14:45 INFO  no build target found for C:\Users\USER\Desktop\Verilog\Verilog\Scala\Operator.scala. Using presentation compiler with project's scala-library version: 3.3.6
2026.01.20 01:14:45 INFO  no build target found for C:\Users\USER\Desktop\Verilog\Verilog\Scala\Operator.scala. Using presentation compiler with project's scala-library version: 3.3.6
2026.01.20 01:14:45 INFO  no build target found for C:\Users\USER\Desktop\Verilog\Verilog\Scala\Operator.scala. Using presentation compiler with project's scala-library version: 3.3.6
2026.01.20 01:14:45 INFO  no build target found for C:\Users\USER\Desktop\Verilog\Verilog\Scala\Operator.scala. Using presentation compiler with project's scala-library version: 3.3.6
2026.01.20 01:15:55 INFO  no build target found for C:\Users\USER\Desktop\Verilog\Verilog\Scala\Operator.scala. Using presentation compiler with project's scala-library version: 3.3.6
2026.01.20 01:15:55 INFO  no build target found for C:\Users\USER\Desktop\Verilog\Verilog\Scala\Operator.scala. Using presentation compiler with project's scala-library version: 3.3.6
2026.01.20 01:15:57 INFO  no build target found for C:\Users\USER\Desktop\Verilog\Verilog\Scala\Operator.scala. Using presentation compiler with project's scala-library version: 3.3.6
2026.01.20 01:15:57 INFO  no build target found for C:\Users\USER\Desktop\Verilog\Verilog\Scala\Operator.scala. Using presentation compiler with project's scala-library version: 3.3.6
2026.01.20 01:15:59 INFO  no build target found for C:\Users\USER\Desktop\Verilog\Verilog\Scala\Operator.scala. Using presentation compiler with project's scala-library version: 3.3.6
2026.01.20 01:16:52 INFO  no build target found for C:\Users\USER\Desktop\Verilog\Verilog\Scala\Operator.scala. Using presentation compiler with project's scala-library version: 3.3.6
2026.01.20 01:16:52 INFO  no build target found for C:\Users\USER\Desktop\Verilog\Verilog\Scala\Operator.scala. Using presentation compiler with project's scala-library version: 3.3.6
2026.01.20 01:16:54 INFO  no build target found for C:\Users\USER\Desktop\Verilog\Verilog\Scala\Operator.scala. Using presentation compiler with project's scala-library version: 3.3.6
2026.01.20 01:16:54 INFO  no build target found for C:\Users\USER\Desktop\Verilog\Verilog\Scala\Operator.scala. Using presentation compiler with project's scala-library version: 3.3.6
2026.01.20 01:16:54 INFO  no build target found for C:\Users\USER\Desktop\Verilog\Verilog\Scala\Operator.scala. Using presentation compiler with project's scala-library version: 3.3.6
2026.01.20 01:16:59 INFO  no build target found for C:\Users\USER\Desktop\Verilog\Verilog\Scala\Operator.scala. Using presentation compiler with project's scala-library version: 3.3.6
2026.01.20 01:16:59 INFO  no build target found for C:\Users\USER\Desktop\Verilog\Verilog\Scala\Operator.scala. Using presentation compiler with project's scala-library version: 3.3.6
2026.01.20 01:16:59 INFO  no build target found for C:\Users\USER\Desktop\Verilog\Verilog\Scala\Operator.scala. Using presentation compiler with project's scala-library version: 3.3.6
2026.01.20 01:16:59 INFO  no build target found for C:\Users\USER\Desktop\Verilog\Verilog\Scala\Operator.scala. Using presentation compiler with project's scala-library version: 3.3.6
2026.01.20 01:16:59 INFO  no build target found for C:\Users\USER\Desktop\Verilog\Verilog\Scala\Operator.scala. Using presentation compiler with project's scala-library version: 3.3.6
2026.01.20 01:17:00 INFO  no build target found for C:\Users\USER\Desktop\Verilog\Verilog\Scala\Operator.scala. Using presentation compiler with project's scala-library version: 3.3.6
2026.01.20 01:16:59 INFO  no build target found for C:\Users\USER\Desktop\Verilog\Verilog\Scala\Operator.scala. Using presentation compiler with project's scala-library version: 3.3.6
2026.01.20 01:17:00 WARN  no build target for: C:\Users\USER\Desktop\Verilog\Verilog\Scala\Operator.scala
2026.01.20 01:17:00 INFO  no build target found for C:\Users\USER\Desktop\Verilog\Verilog\Scala\Operator.scala. Using presentation compiler with project's scala-library version: 3.3.6
2026.01.20 01:17:00 INFO  skipping build import with status 'Failed'
2026.01.20 01:17:00 INFO  no build target found for C:\Users\USER\Desktop\Verilog\Verilog\Scala\Operator.scala. Using presentation compiler with project's scala-library version: 3.3.6
2026.01.20 01:17:00 INFO  no build target found for C:\Users\USER\Desktop\Verilog\Verilog\Scala\Operator.scala. Using presentation compiler with project's scala-library version: 3.3.6
2026.01.20 01:17:00 INFO  no build target found for C:\Users\USER\Desktop\Verilog\Verilog\Scala\Operator.scala. Using presentation compiler with project's scala-library version: 3.3.6
2026.01.20 01:17:01 INFO  no build target found for C:\Users\USER\Desktop\Verilog\Verilog\Scala\Operator.scala. Using presentation compiler with project's scala-library version: 3.3.6
2026.01.20 01:17:01 INFO  no build target found for C:\Users\USER\Desktop\Verilog\Verilog\Scala\Operator.scala. Using presentation compiler with project's scala-library version: 3.3.6
2026.01.20 01:17:14 INFO  no build target found for C:\Users\USER\Desktop\Verilog\Verilog\Scala\Operator.scala. Using presentation compiler with project's scala-library version: 3.3.6
2026.01.20 01:17:14 INFO  no build target found for C:\Users\USER\Desktop\Verilog\Verilog\Scala\Operator.scala. Using presentation compiler with project's scala-library version: 3.3.6
2026.01.20 01:17:14 INFO  no build target found for C:\Users\USER\Desktop\Verilog\Verilog\Scala\Operator.scala. Using presentation compiler with project's scala-library version: 3.3.6
2026.01.20 01:17:14 INFO  no build target found for C:\Users\USER\Desktop\Verilog\Verilog\Scala\Operator.scala. Using presentation compiler with project's scala-library version: 3.3.6
2026.01.20 01:17:14 INFO  no build target found for C:\Users\USER\Desktop\Verilog\Verilog\Scala\Operator.scala. Using presentation compiler with project's scala-library version: 3.3.6
2026.01.20 01:17:14 INFO  no build target found for C:\Users\USER\Desktop\Verilog\Verilog\Scala\Operator.scala. Using presentation compiler with project's scala-library version: 3.3.6
2026.01.20 01:17:14 INFO  no build target found for C:\Users\USER\Desktop\Verilog\Verilog\Scala\Operator.scala. Using presentation compiler with project's scala-library version: 3.3.6
2026.01.20 01:17:15 INFO  no build target found for C:\Users\USER\Desktop\Verilog\Verilog\Scala\Operator.scala. Using presentation compiler with project's scala-library version: 3.3.6
2026.01.20 01:17:14 INFO  no build target found for C:\Users\USER\Desktop\Verilog\Verilog\Scala\Operator.scala. Using presentation compiler with project's scala-library version: 3.3.6
2026.01.20 01:17:14 INFO  no build target found for C:\Users\USER\Desktop\Verilog\Verilog\Scala\Operator.scala. Using presentation compiler with project's scala-library version: 3.3.6
2026.01.20 01:17:15 INFO  no build target found for C:\Users\USER\Desktop\Verilog\Verilog\Scala\Operator.scala. Using presentation compiler with project's scala-library version: 3.3.6
2026.01.20 01:17:16 INFO  no build target found for C:\Users\USER\Desktop\Verilog\Verilog\Scala\Operator.scala. Using presentation compiler with project's scala-library version: 3.3.6
2026.01.20 01:17:16 INFO  no build target found for C:\Users\USER\Desktop\Verilog\Verilog\Scala\Operator.scala. Using presentation compiler with project's scala-library version: 3.3.6
2026.01.20 01:18:07 INFO  no build target found for C:\Users\USER\Desktop\Verilog\Verilog\Scala\Operator.scala. Using presentation compiler with project's scala-library version: 3.3.6
2026.01.20 01:18:07 INFO  no build target found for C:\Users\USER\Desktop\Verilog\Verilog\Scala\Operator.scala. Using presentation compiler with project's scala-library version: 3.3.6
2026.01.20 01:18:07 INFO  no build target found for C:\Users\USER\Desktop\Verilog\Verilog\Scala\Operator.scala. Using presentation compiler with project's scala-library version: 3.3.6
2026.01.20 01:18:07 INFO  no build target found for C:\Users\USER\Desktop\Verilog\Verilog\Scala\Operator.scala. Using presentation compiler with project's scala-library version: 3.3.6
2026.01.20 01:18:07 INFO  no build target found for C:\Users\USER\Desktop\Verilog\Verilog\Scala\Operator.scala. Using presentation compiler with project's scala-library version: 3.3.6
2026.01.20 01:18:08 INFO  no build target found for C:\Users\USER\Desktop\Verilog\Verilog\Scala\Operator.scala. Using presentation compiler with project's scala-library version: 3.3.6
2026.01.20 01:18:08 INFO  no build target found for C:\Users\USER\Desktop\Verilog\Verilog\Scala\Operator.scala. Using presentation compiler with project's scala-library version: 3.3.6
2026.01.20 01:18:08 INFO  no build target found for C:\Users\USER\Desktop\Verilog\Verilog\Scala\Operator.scala. Using presentation compiler with project's scala-library version: 3.3.6
2026.01.20 01:18:08 INFO  no build target found for C:\Users\USER\Desktop\Verilog\Verilog\Scala\Operator.scala. Using presentation compiler with project's scala-library version: 3.3.6
2026.01.20 01:18:08 INFO  no build target found for C:\Users\USER\Desktop\Verilog\Verilog\Scala\Operator.scala. Using presentation compiler with project's scala-library version: 3.3.6
2026.01.20 01:18:09 INFO  no build target found for C:\Users\USER\Desktop\Verilog\Verilog\Scala\Operator.scala. Using presentation compiler with project's scala-library version: 3.3.6
2026.01.20 01:18:09 INFO  no build target found for C:\Users\USER\Desktop\Verilog\Verilog\Scala\Operator.scala. Using presentation compiler with project's scala-library version: 3.3.6
2026.01.20 01:18:12 INFO  no build target found for C:\Users\USER\Desktop\Verilog\Verilog\Scala\Operator.scala. Using presentation compiler with project's scala-library version: 3.3.6
2026.01.20 01:18:12 INFO  no build target found for C:\Users\USER\Desktop\Verilog\Verilog\Scala\Operator.scala. Using presentation compiler with project's scala-library version: 3.3.6
2026.01.20 01:18:12 INFO  no build target found for C:\Users\USER\Desktop\Verilog\Verilog\Scala\Operator.scala. Using presentation compiler with project's scala-library version: 3.3.6
2026.01.20 01:18:12 INFO  no build target found for C:\Users\USER\Desktop\Verilog\Verilog\Scala\Operator.scala. Using presentation compiler with project's scala-library version: 3.3.6
2026.01.20 01:18:12 INFO  no build target found for C:\Users\USER\Desktop\Verilog\Verilog\Scala\Operator.scala. Using presentation compiler with project's scala-library version: 3.3.6
2026.01.20 01:18:12 INFO  no build target found for C:\Users\USER\Desktop\Verilog\Verilog\Scala\Operator.scala. Using presentation compiler with project's scala-library version: 3.3.6
2026.01.20 01:18:13 INFO  no build target found for C:\Users\USER\Desktop\Verilog\Verilog\Scala\Operator.scala. Using presentation compiler with project's scala-library version: 3.3.6
2026.01.20 01:18:12 INFO  no build target found for C:\Users\USER\Desktop\Verilog\Verilog\Scala\Operator.scala. Using presentation compiler with project's scala-library version: 3.3.6
2026.01.20 01:18:12 INFO  no build target found for C:\Users\USER\Desktop\Verilog\Verilog\Scala\Operator.scala. Using presentation compiler with project's scala-library version: 3.3.6
2026.01.20 01:18:13 INFO  no build target found for C:\Users\USER\Desktop\Verilog\Verilog\Scala\Operator.scala. Using presentation compiler with project's scala-library version: 3.3.6
2026.01.20 01:18:13 INFO  no build target found for C:\Users\USER\Desktop\Verilog\Verilog\Scala\Operator.scala. Using presentation compiler with project's scala-library version: 3.3.6
2026.01.20 01:18:13 INFO  no build target found for C:\Users\USER\Desktop\Verilog\Verilog\Scala\Operator.scala. Using presentation compiler with project's scala-library version: 3.3.6
2026.01.20 01:18:13 INFO  no build target found for C:\Users\USER\Desktop\Verilog\Verilog\Scala\Operator.scala. Using presentation compiler with project's scala-library version: 3.3.6
2026.01.20 01:18:13 INFO  no build target found for C:\Users\USER\Desktop\Verilog\Verilog\Scala\Operator.scala. Using presentation compiler with project's scala-library version: 3.3.6
2026.01.20 01:18:14 INFO  no build target found for C:\Users\USER\Desktop\Verilog\Verilog\Scala\Operator.scala. Using presentation compiler with project's scala-library version: 3.3.6
2026.01.20 01:18:14 INFO  no build target found for C:\Users\USER\Desktop\Verilog\Verilog\Scala\Operator.scala. Using presentation compiler with project's scala-library version: 3.3.6
2026.01.20 01:18:14 INFO  no build target found for C:\Users\USER\Desktop\Verilog\Verilog\Scala\Operator.scala. Using presentation compiler with project's scala-library version: 3.3.6
2026.01.20 01:18:13 INFO  no build target found for C:\Users\USER\Desktop\Verilog\Verilog\Scala\Operator.scala. Using presentation compiler with project's scala-library version: 3.3.6
2026.01.20 01:18:13 INFO  no build target found for C:\Users\USER\Desktop\Verilog\Verilog\Scala\Operator.scala. Using presentation compiler with project's scala-library version: 3.3.6
2026.01.20 01:18:14 INFO  no build target found for C:\Users\USER\Desktop\Verilog\Verilog\Scala\Operator.scala. Using presentation compiler with project's scala-library version: 3.3.6
2026.01.20 01:18:15 INFO  no build target found for C:\Users\USER\Desktop\Verilog\Verilog\Scala\Operator.scala. Using presentation compiler with project's scala-library version: 3.3.6
2026.01.20 01:18:16 INFO  no build target found for C:\Users\USER\Desktop\Verilog\Verilog\Scala\Operator.scala. Using presentation compiler with project's scala-library version: 3.3.6
2026.01.20 01:18:16 INFO  no build target found for C:\Users\USER\Desktop\Verilog\Verilog\Scala\Operator.scala. Using presentation compiler with project's scala-library version: 3.3.6
2026.01.20 01:18:15 INFO  no build target found for C:\Users\USER\Desktop\Verilog\Verilog\Scala\Operator.scala. Using presentation compiler with project's scala-library version: 3.3.6
2026.01.20 01:18:21 INFO  no build target found for C:\Users\USER\Desktop\Verilog\Verilog\Scala\Operator.scala. Using presentation compiler with project's scala-library version: 3.3.6
2026.01.20 01:18:21 INFO  no build target found for C:\Users\USER\Desktop\Verilog\Verilog\Scala\Operator.scala. Using presentation compiler with project's scala-library version: 3.3.6
2026.01.20 01:18:21 INFO  no build target found for C:\Users\USER\Desktop\Verilog\Verilog\Scala\Operator.scala. Using presentation compiler with project's scala-library version: 3.3.6
2026.01.20 01:18:21 INFO  no build target found for C:\Users\USER\Desktop\Verilog\Verilog\Scala\Operator.scala. Using presentation compiler with project's scala-library version: 3.3.6
2026.01.20 01:18:21 INFO  no build target found for C:\Users\USER\Desktop\Verilog\Verilog\Scala\Operator.scala. Using presentation compiler with project's scala-library version: 3.3.6
2026.01.20 01:18:21 INFO  no build target found for C:\Users\USER\Desktop\Verilog\Verilog\Scala\Operator.scala. Using presentation compiler with project's scala-library version: 3.3.6
2026.01.20 01:18:22 INFO  no build target found for C:\Users\USER\Desktop\Verilog\Verilog\Scala\Operator.scala. Using presentation compiler with project's scala-library version: 3.3.6
2026.01.20 01:18:22 INFO  no build target found for C:\Users\USER\Desktop\Verilog\Verilog\Scala\Operator.scala. Using presentation compiler with project's scala-library version: 3.3.6
2026.01.20 01:18:22 INFO  no build target found for C:\Users\USER\Desktop\Verilog\Verilog\Scala\Operator.scala. Using presentation compiler with project's scala-library version: 3.3.6
2026.01.20 01:18:22 INFO  no build target found for C:\Users\USER\Desktop\Verilog\Verilog\Scala\Operator.scala. Using presentation compiler with project's scala-library version: 3.3.6
2026.01.20 01:18:23 INFO  no build target found for C:\Users\USER\Desktop\Verilog\Verilog\Scala\Operator.scala. Using presentation compiler with project's scala-library version: 3.3.6
2026.01.20 01:18:23 INFO  no build target found for C:\Users\USER\Desktop\Verilog\Verilog\Scala\Operator.scala. Using presentation compiler with project's scala-library version: 3.3.6
2026.01.20 01:18:24 INFO  no build target found for C:\Users\USER\Desktop\Verilog\Verilog\Scala\Operator.scala. Using presentation compiler with project's scala-library version: 3.3.6
2026.01.20 01:18:23 INFO  no build target found for C:\Users\USER\Desktop\Verilog\Verilog\Scala\Operator.scala. Using presentation compiler with project's scala-library version: 3.3.6
2026.01.20 01:18:23 INFO  no build target found for C:\Users\USER\Desktop\Verilog\Verilog\Scala\Operator.scala. Using presentation compiler with project's scala-library version: 3.3.6
2026.01.20 01:18:23 INFO  no build target found for C:\Users\USER\Desktop\Verilog\Verilog\Scala\Operator.scala. Using presentation compiler with project's scala-library version: 3.3.6
2026.01.20 01:18:24 INFO  no build target found for C:\Users\USER\Desktop\Verilog\Verilog\Scala\Operator.scala. Using presentation compiler with project's scala-library version: 3.3.6
2026.01.20 01:18:24 INFO  no build target found for C:\Users\USER\Desktop\Verilog\Verilog\Scala\Operator.scala. Using presentation compiler with project's scala-library version: 3.3.6
2026.01.20 01:18:23 INFO  no build target found for C:\Users\USER\Desktop\Verilog\Verilog\Scala\Operator.scala. Using presentation compiler with project's scala-library version: 3.3.6
2026.01.20 01:18:25 INFO  no build target found for C:\Users\USER\Desktop\Verilog\Verilog\Scala\Operator.scala. Using presentation compiler with project's scala-library version: 3.3.6
2026.01.20 01:18:25 INFO  no build target found for C:\Users\USER\Desktop\Verilog\Verilog\Scala\Operator.scala. Using presentation compiler with project's scala-library version: 3.3.6
2026.01.20 01:18:25 INFO  no build target found for C:\Users\USER\Desktop\Verilog\Verilog\Scala\Operator.scala. Using presentation compiler with project's scala-library version: 3.3.6
2026.01.20 01:18:25 INFO  no build target found for C:\Users\USER\Desktop\Verilog\Verilog\Scala\Operator.scala. Using presentation compiler with project's scala-library version: 3.3.6
2026.01.20 01:18:25 INFO  no build target found for C:\Users\USER\Desktop\Verilog\Verilog\Scala\Operator.scala. Using presentation compiler with project's scala-library version: 3.3.6
2026.01.20 01:18:26 INFO  no build target found for C:\Users\USER\Desktop\Verilog\Verilog\Scala\Operator.scala. Using presentation compiler with project's scala-library version: 3.3.6
2026.01.20 01:18:26 INFO  no build target found for C:\Users\USER\Desktop\Verilog\Verilog\Scala\Operator.scala. Using presentation compiler with project's scala-library version: 3.3.6
2026.01.20 01:18:28 INFO  no build target found for C:\Users\USER\Desktop\Verilog\Verilog\Scala\Operator.scala. Using presentation compiler with project's scala-library version: 3.3.6
2026.01.20 01:18:28 INFO  no build target found for C:\Users\USER\Desktop\Verilog\Verilog\Scala\Operator.scala. Using presentation compiler with project's scala-library version: 3.3.6
2026.01.20 01:18:28 INFO  no build target found for C:\Users\USER\Desktop\Verilog\Verilog\Scala\Operator.scala. Using presentation compiler with project's scala-library version: 3.3.6
2026.01.20 01:18:28 INFO  no build target found for C:\Users\USER\Desktop\Verilog\Verilog\Scala\Operator.scala. Using presentation compiler with project's scala-library version: 3.3.6
2026.01.20 01:18:28 INFO  no build target found for C:\Users\USER\Desktop\Verilog\Verilog\Scala\Operator.scala. Using presentation compiler with project's scala-library version: 3.3.6
2026.01.20 01:18:28 INFO  no build target found for C:\Users\USER\Desktop\Verilog\Verilog\Scala\Operator.scala. Using presentation compiler with project's scala-library version: 3.3.6
2026.01.20 01:18:29 INFO  no build target found for C:\Users\USER\Desktop\Verilog\Verilog\Scala\Operator.scala. Using presentation compiler with project's scala-library version: 3.3.6
2026.01.20 01:18:29 INFO  no build target found for C:\Users\USER\Desktop\Verilog\Verilog\Scala\Operator.scala. Using presentation compiler with project's scala-library version: 3.3.6
2026.01.20 01:18:31 INFO  no build target found for C:\Users\USER\Desktop\Verilog\Verilog\Scala\Operator.scala. Using presentation compiler with project's scala-library version: 3.3.6
2026.01.20 01:18:31 INFO  no build target found for C:\Users\USER\Desktop\Verilog\Verilog\Scala\Operator.scala. Using presentation compiler with project's scala-library version: 3.3.6
2026.01.20 01:18:32 INFO  no build target found for C:\Users\USER\Desktop\Verilog\Verilog\Scala\Operator.scala. Using presentation compiler with project's scala-library version: 3.3.6
2026.01.20 01:18:32 INFO  no build target found for C:\Users\USER\Desktop\Verilog\Verilog\Scala\Operator.scala. Using presentation compiler with project's scala-library version: 3.3.6
2026.01.20 01:18:33 INFO  no build target found for C:\Users\USER\Desktop\Verilog\Verilog\Scala\Operator.scala. Using presentation compiler with project's scala-library version: 3.3.6
2026.01.20 01:18:33 INFO  no build target found for C:\Users\USER\Desktop\Verilog\Verilog\Scala\Operator.scala. Using presentation compiler with project's scala-library version: 3.3.6
2026.01.20 01:18:33 INFO  no build target found for C:\Users\USER\Desktop\Verilog\Verilog\Scala\Operator.scala. Using presentation compiler with project's scala-library version: 3.3.6
2026.01.20 01:18:33 INFO  no build target found for C:\Users\USER\Desktop\Verilog\Verilog\Scala\Operator.scala. Using presentation compiler with project's scala-library version: 3.3.6
2026.01.20 01:18:33 INFO  no build target found for C:\Users\USER\Desktop\Verilog\Verilog\Scala\Operator.scala. Using presentation compiler with project's scala-library version: 3.3.6
2026.01.20 01:18:33 INFO  no build target found for C:\Users\USER\Desktop\Verilog\Verilog\Scala\Operator.scala. Using presentation compiler with project's scala-library version: 3.3.6
2026.01.20 01:18:33 INFO  no build target found for C:\Users\USER\Desktop\Verilog\Verilog\Scala\Operator.scala. Using presentation compiler with project's scala-library version: 3.3.6
2026.01.20 01:18:33 INFO  no build target found for C:\Users\USER\Desktop\Verilog\Verilog\Scala\Operator.scala. Using presentation compiler with project's scala-library version: 3.3.6
2026.01.20 01:18:33 INFO  no build target found for C:\Users\USER\Desktop\Verilog\Verilog\Scala\Operator.scala. Using presentation compiler with project's scala-library version: 3.3.6
2026.01.20 01:18:33 INFO  no build target found for C:\Users\USER\Desktop\Verilog\Verilog\Scala\Operator.scala. Using presentation compiler with project's scala-library version: 3.3.6
2026.01.20 01:18:33 INFO  no build target found for C:\Users\USER\Desktop\Verilog\Verilog\Scala\Operator.scala. Using presentation compiler with project's scala-library version: 3.3.6
2026.01.20 01:18:35 INFO  no build target found for C:\Users\USER\Desktop\Verilog\Verilog\Scala\Operator.scala. Using presentation compiler with project's scala-library version: 3.3.6
2026.01.20 01:18:35 INFO  no build target found for C:\Users\USER\Desktop\Verilog\Verilog\Scala\Operator.scala. Using presentation compiler with project's scala-library version: 3.3.6
2026.01.20 01:18:35 INFO  no build target found for C:\Users\USER\Desktop\Verilog\Verilog\Scala\Operator.scala. Using presentation compiler with project's scala-library version: 3.3.6
2026.01.20 01:18:35 INFO  no build target found for C:\Users\USER\Desktop\Verilog\Verilog\Scala\Operator.scala. Using presentation compiler with project's scala-library version: 3.3.6
2026.01.20 01:18:35 INFO  no build target found for C:\Users\USER\Desktop\Verilog\Verilog\Scala\Operator.scala. Using presentation compiler with project's scala-library version: 3.3.6
2026.01.20 01:18:35 INFO  no build target found for C:\Users\USER\Desktop\Verilog\Verilog\Scala\Operator.scala. Using presentation compiler with project's scala-library version: 3.3.6
2026.01.20 01:18:35 INFO  no build target found for C:\Users\USER\Desktop\Verilog\Verilog\Scala\Operator.scala. Using presentation compiler with project's scala-library version: 3.3.6
2026.01.20 01:18:35 INFO  no build target found for C:\Users\USER\Desktop\Verilog\Verilog\Scala\Operator.scala. Using presentation compiler with project's scala-library version: 3.3.6
2026.01.20 01:18:35 INFO  no build target found for C:\Users\USER\Desktop\Verilog\Verilog\Scala\Operator.scala. Using presentation compiler with project's scala-library version: 3.3.6
2026.01.20 01:18:35 INFO  no build target found for C:\Users\USER\Desktop\Verilog\Verilog\Scala\Operator.scala. Using presentation compiler with project's scala-library version: 3.3.6
2026.01.20 01:18:41 INFO  no build target found for C:\Users\USER\Desktop\Verilog\Verilog\Scala\Operator.scala. Using presentation compiler with project's scala-library version: 3.3.6
2026.01.20 01:18:41 INFO  no build target found for C:\Users\USER\Desktop\Verilog\Verilog\Scala\Operator.scala. Using presentation compiler with project's scala-library version: 3.3.6
2026.01.20 01:18:42 INFO  no build target found for C:\Users\USER\Desktop\Verilog\Verilog\Scala\Operator.scala. Using presentation compiler with project's scala-library version: 3.3.6
2026.01.20 01:18:42 INFO  no build target found for C:\Users\USER\Desktop\Verilog\Verilog\Scala\Operator.scala. Using presentation compiler with project's scala-library version: 3.3.6
2026.01.20 01:18:43 INFO  no build target found for C:\Users\USER\Desktop\Verilog\Verilog\Scala\Operator.scala. Using presentation compiler with project's scala-library version: 3.3.6
2026.01.20 01:18:43 INFO  no build target found for C:\Users\USER\Desktop\Verilog\Verilog\Scala\Operator.scala. Using presentation compiler with project's scala-library version: 3.3.6
2026.01.20 01:18:43 INFO  no build target found for C:\Users\USER\Desktop\Verilog\Verilog\Scala\Operator.scala. Using presentation compiler with project's scala-library version: 3.3.6
2026.01.20 01:18:43 INFO  no build target found for C:\Users\USER\Desktop\Verilog\Verilog\Scala\Operator.scala. Using presentation compiler with project's scala-library version: 3.3.6
2026.01.20 01:18:43 INFO  no build target found for C:\Users\USER\Desktop\Verilog\Verilog\Scala\Operator.scala. Using presentation compiler with project's scala-library version: 3.3.6
2026.01.20 01:18:46 INFO  no build target found for C:\Users\USER\Desktop\Verilog\Verilog\Scala\Operator.scala. Using presentation compiler with project's scala-library version: 3.3.6
2026.01.20 01:18:46 INFO  no build target found for C:\Users\USER\Desktop\Verilog\Verilog\Scala\Operator.scala. Using presentation compiler with project's scala-library version: 3.3.6
2026.01.20 01:18:46 INFO  no build target found for C:\Users\USER\Desktop\Verilog\Verilog\Scala\Operator.scala. Using presentation compiler with project's scala-library version: 3.3.6
2026.01.20 01:18:46 INFO  no build target found for C:\Users\USER\Desktop\Verilog\Verilog\Scala\Operator.scala. Using presentation compiler with project's scala-library version: 3.3.6
2026.01.20 01:18:46 INFO  no build target found for C:\Users\USER\Desktop\Verilog\Verilog\Scala\Operator.scala. Using presentation compiler with project's scala-library version: 3.3.6
2026.01.20 01:18:46 INFO  no build target found for C:\Users\USER\Desktop\Verilog\Verilog\Scala\Operator.scala. Using presentation compiler with project's scala-library version: 3.3.6
2026.01.20 01:18:46 INFO  no build target found for C:\Users\USER\Desktop\Verilog\Verilog\Scala\Operator.scala. Using presentation compiler with project's scala-library version: 3.3.6
2026.01.20 01:18:46 INFO  no build target found for C:\Users\USER\Desktop\Verilog\Verilog\Scala\Operator.scala. Using presentation compiler with project's scala-library version: 3.3.6
2026.01.20 01:18:46 INFO  no build target found for C:\Users\USER\Desktop\Verilog\Verilog\Scala\Operator.scala. Using presentation compiler with project's scala-library version: 3.3.6
2026.01.20 01:18:46 INFO  no build target found for C:\Users\USER\Desktop\Verilog\Verilog\Scala\Operator.scala. Using presentation compiler with project's scala-library version: 3.3.6
2026.01.20 01:18:47 INFO  no build target found for C:\Users\USER\Desktop\Verilog\Verilog\Scala\Operator.scala. Using presentation compiler with project's scala-library version: 3.3.6
2026.01.20 01:18:47 INFO  no build target found for C:\Users\USER\Desktop\Verilog\Verilog\Scala\Operator.scala. Using presentation compiler with project's scala-library version: 3.3.6
2026.01.20 01:18:47 INFO  no build target found for C:\Users\USER\Desktop\Verilog\Verilog\Scala\Operator.scala. Using presentation compiler with project's scala-library version: 3.3.6
2026.01.20 01:18:47 INFO  no build target found for C:\Users\USER\Desktop\Verilog\Verilog\Scala\Operator.scala. Using presentation compiler with project's scala-library version: 3.3.6
2026.01.20 01:18:47 INFO  no build target found for C:\Users\USER\Desktop\Verilog\Verilog\Scala\Operator.scala. Using presentation compiler with project's scala-library version: 3.3.6
2026.01.20 01:18:47 INFO  no build target found for C:\Users\USER\Desktop\Verilog\Verilog\Scala\Operator.scala. Using presentation compiler with project's scala-library version: 3.3.6
2026.01.20 01:18:47 INFO  no build target found for C:\Users\USER\Desktop\Verilog\Verilog\Scala\Operator.scala. Using presentation compiler with project's scala-library version: 3.3.6
2026.01.20 01:18:48 INFO  no build target found for C:\Users\USER\Desktop\Verilog\Verilog\Scala\Operator.scala. Using presentation compiler with project's scala-library version: 3.3.6
2026.01.20 01:18:47 INFO  no build target found for C:\Users\USER\Desktop\Verilog\Verilog\Scala\Operator.scala. Using presentation compiler with project's scala-library version: 3.3.6
2026.01.20 01:18:48 INFO  no build target found for C:\Users\USER\Desktop\Verilog\Verilog\Scala\Operator.scala. Using presentation compiler with project's scala-library version: 3.3.6
2026.01.20 01:18:47 INFO  no build target found for C:\Users\USER\Desktop\Verilog\Verilog\Scala\Operator.scala. Using presentation compiler with project's scala-library version: 3.3.6
2026.01.20 01:18:48 INFO  no build target found for C:\Users\USER\Desktop\Verilog\Verilog\Scala\Operator.scala. Using presentation compiler with project's scala-library version: 3.3.6
2026.01.20 01:18:48 INFO  no build target found for C:\Users\USER\Desktop\Verilog\Verilog\Scala\Operator.scala. Using presentation compiler with project's scala-library version: 3.3.6
2026.01.20 01:18:48 INFO  no build target found for C:\Users\USER\Desktop\Verilog\Verilog\Scala\Operator.scala. Using presentation compiler with project's scala-library version: 3.3.6
2026.01.20 01:18:48 INFO  no build target found for C:\Users\USER\Desktop\Verilog\Verilog\Scala\Operator.scala. Using presentation compiler with project's scala-library version: 3.3.6
2026.01.20 01:18:48 INFO  no build target found for C:\Users\USER\Desktop\Verilog\Verilog\Scala\Operator.scala. Using presentation compiler with project's scala-library version: 3.3.6
2026.01.20 01:18:48 INFO  no build target found for C:\Users\USER\Desktop\Verilog\Verilog\Scala\Operator.scala. Using presentation compiler with project's scala-library version: 3.3.6
2026.01.20 01:18:49 INFO  no build target found for C:\Users\USER\Desktop\Verilog\Verilog\Scala\Operator.scala. Using presentation compiler with project's scala-library version: 3.3.6
2026.01.20 01:18:49 INFO  no build target found for C:\Users\USER\Desktop\Verilog\Verilog\Scala\Operator.scala. Using presentation compiler with project's scala-library version: 3.3.6
2026.01.20 01:18:48 INFO  no build target found for C:\Users\USER\Desktop\Verilog\Verilog\Scala\Operator.scala. Using presentation compiler with project's scala-library version: 3.3.6
2026.01.20 01:18:50 INFO  no build target found for C:\Users\USER\Desktop\Verilog\Verilog\Scala\Operator.scala. Using presentation compiler with project's scala-library version: 3.3.6
2026.01.20 01:18:50 INFO  no build target found for C:\Users\USER\Desktop\Verilog\Verilog\Scala\Operator.scala. Using presentation compiler with project's scala-library version: 3.3.6
2026.01.20 01:18:50 INFO  no build target found for C:\Users\USER\Desktop\Verilog\Verilog\Scala\Operator.scala. Using presentation compiler with project's scala-library version: 3.3.6
2026.01.20 01:18:50 INFO  no build target found for C:\Users\USER\Desktop\Verilog\Verilog\Scala\Operator.scala. Using presentation compiler with project's scala-library version: 3.3.6
2026.01.20 01:18:50 INFO  no build target found for C:\Users\USER\Desktop\Verilog\Verilog\Scala\Operator.scala. Using presentation compiler with project's scala-library version: 3.3.6
2026.01.20 01:18:50 INFO  no build target found for C:\Users\USER\Desktop\Verilog\Verilog\Scala\Operator.scala. Using presentation compiler with project's scala-library version: 3.3.6
2026.01.20 01:18:50 INFO  no build target found for C:\Users\USER\Desktop\Verilog\Verilog\Scala\Operator.scala. Using presentation compiler with project's scala-library version: 3.3.6
2026.01.20 01:18:50 INFO  no build target found for C:\Users\USER\Desktop\Verilog\Verilog\Scala\Operator.scala. Using presentation compiler with project's scala-library version: 3.3.6
2026.01.20 01:18:53 INFO  no build target found for C:\Users\USER\Desktop\Verilog\Verilog\Scala\Operator.scala. Using presentation compiler with project's scala-library version: 3.3.6
2026.01.20 01:18:53 INFO  no build target found for C:\Users\USER\Desktop\Verilog\Verilog\Scala\Operator.scala. Using presentation compiler with project's scala-library version: 3.3.6
2026.01.20 01:18:53 INFO  no build target found for C:\Users\USER\Desktop\Verilog\Verilog\Scala\Operator.scala. Using presentation compiler with project's scala-library version: 3.3.6
2026.01.20 01:18:53 INFO  no build target found for C:\Users\USER\Desktop\Verilog\Verilog\Scala\Operator.scala. Using presentation compiler with project's scala-library version: 3.3.6
2026.01.20 01:18:53 INFO  no build target found for C:\Users\USER\Desktop\Verilog\Verilog\Scala\Operator.scala. Using presentation compiler with project's scala-library version: 3.3.6
2026.01.20 01:18:53 WARN  no build target for: C:\Users\USER\Desktop\Verilog\Verilog\Scala\Operator.scala
2026.01.20 01:18:53 INFO  no build target found for C:\Users\USER\Desktop\Verilog\Verilog\Scala\Operator.scala. Using presentation compiler with project's scala-library version: 3.3.6
2026.01.20 01:18:53 INFO  skipping build import with status 'Failed'
2026.01.20 01:18:54 INFO  no build target found for C:\Users\USER\Desktop\Verilog\Verilog\Scala\Operator.scala. Using presentation compiler with project's scala-library version: 3.3.6
2026.01.20 01:18:55 INFO  no build target found for C:\Users\USER\Desktop\Verilog\Verilog\Scala\Operator.scala. Using presentation compiler with project's scala-library version: 3.3.6
2026.01.20 01:18:55 INFO  no build target found for C:\Users\USER\Desktop\Verilog\Verilog\Scala\Operator.scala. Using presentation compiler with project's scala-library version: 3.3.6
2026.01.20 01:18:56 INFO  no build target found for C:\Users\USER\Desktop\Verilog\Verilog\Scala\Operator.scala. Using presentation compiler with project's scala-library version: 3.3.6
2026.01.20 01:18:57 INFO  no build target found for C:\Users\USER\Desktop\Verilog\Verilog\Scala\Operator.scala. Using presentation compiler with project's scala-library version: 3.3.6
2026.01.20 01:18:57 INFO  no build target found for C:\Users\USER\Desktop\Verilog\Verilog\Scala\Operator.scala. Using presentation compiler with project's scala-library version: 3.3.6
2026.01.20 01:20:17 INFO  no build target found for C:\Users\USER\Desktop\Verilog\Verilog\Scala\Operator.scala. Using presentation compiler with project's scala-library version: 3.3.6
2026.01.20 01:20:17 INFO  no build target found for C:\Users\USER\Desktop\Verilog\Verilog\Scala\Operator.scala. Using presentation compiler with project's scala-library version: 3.3.6
2026.01.20 01:20:18 INFO  no build target found for C:\Users\USER\Desktop\Verilog\Verilog\Scala\Operator.scala. Using presentation compiler with project's scala-library version: 3.3.6
2026.01.20 01:21:08 INFO  no build target found for C:\Users\USER\Desktop\Verilog\Verilog\Scala\Operator.scala. Using presentation compiler with project's scala-library version: 3.3.6
2026.01.20 01:21:08 INFO  no build target found for C:\Users\USER\Desktop\Verilog\Verilog\Scala\Operator.scala. Using presentation compiler with project's scala-library version: 3.3.6
2026.01.20 01:21:08 INFO  no build target found for C:\Users\USER\Desktop\Verilog\Verilog\Scala\Operator.scala. Using presentation compiler with project's scala-library version: 3.3.6
2026.01.20 01:21:08 INFO  no build target found for C:\Users\USER\Desktop\Verilog\Verilog\Scala\Operator.scala. Using presentation compiler with project's scala-library version: 3.3.6
2026.01.20 01:21:08 INFO  no build target found for C:\Users\USER\Desktop\Verilog\Verilog\Scala\Operator.scala. Using presentation compiler with project's scala-library version: 3.3.6
2026.01.20 01:21:09 INFO  no build target found for C:\Users\USER\Desktop\Verilog\Verilog\Scala\Operator.scala. Using presentation compiler with project's scala-library version: 3.3.6
2026.01.20 01:21:09 INFO  no build target found for C:\Users\USER\Desktop\Verilog\Verilog\Scala\Operator.scala. Using presentation compiler with project's scala-library version: 3.3.6
2026.01.20 01:21:09 INFO  no build target found for C:\Users\USER\Desktop\Verilog\Verilog\Scala\Operator.scala. Using presentation compiler with project's scala-library version: 3.3.6
2026.01.20 01:21:09 INFO  no build target found for C:\Users\USER\Desktop\Verilog\Verilog\Scala\Operator.scala. Using presentation compiler with project's scala-library version: 3.3.6
2026.01.20 01:21:09 INFO  no build target found for C:\Users\USER\Desktop\Verilog\Verilog\Scala\Operator.scala. Using presentation compiler with project's scala-library version: 3.3.6
2026.01.20 01:21:10 INFO  no build target found for C:\Users\USER\Desktop\Verilog\Verilog\Scala\Operator.scala. Using presentation compiler with project's scala-library version: 3.3.6
2026.01.20 01:21:10 INFO  no build target found for C:\Users\USER\Desktop\Verilog\Verilog\Scala\Operator.scala. Using presentation compiler with project's scala-library version: 3.3.6
2026.01.20 01:21:09 WARN  no build target for: C:\Users\USER\Desktop\Verilog\Verilog\Scala\Operator.scala
2026.01.20 01:21:09 INFO  no build target found for C:\Users\USER\Desktop\Verilog\Verilog\Scala\Operator.scala. Using presentation compiler with project's scala-library version: 3.3.6
2026.01.20 01:21:10 INFO  skipping build import with status 'Failed'
2026.01.20 01:21:10 INFO  no build target found for C:\Users\USER\Desktop\Verilog\Verilog\Scala\Operator.scala. Using presentation compiler with project's scala-library version: 3.3.6
2026.01.20 01:21:10 INFO  no build target found for C:\Users\USER\Desktop\Verilog\Verilog\Scala\Operator.scala. Using presentation compiler with project's scala-library version: 3.3.6
2026.01.20 01:21:11 INFO  no build target found for C:\Users\USER\Desktop\Verilog\Verilog\Scala\Operator.scala. Using presentation compiler with project's scala-library version: 3.3.6
2026.01.20 01:21:11 INFO  no build target found for C:\Users\USER\Desktop\Verilog\Verilog\Scala\Operator.scala. Using presentation compiler with project's scala-library version: 3.3.6
2026.01.20 01:21:20 INFO  no build target found for C:\Users\USER\Desktop\Verilog\Verilog\Scala\Operator.scala. Using presentation compiler with project's scala-library version: 3.3.6
2026.01.20 01:21:20 INFO  no build target found for C:\Users\USER\Desktop\Verilog\Verilog\Scala\Operator.scala. Using presentation compiler with project's scala-library version: 3.3.6
2026.01.20 01:21:20 INFO  no build target found for C:\Users\USER\Desktop\Verilog\Verilog\Scala\Operator.scala. Using presentation compiler with project's scala-library version: 3.3.6
2026.01.20 01:21:20 INFO  no build target found for C:\Users\USER\Desktop\Verilog\Verilog\Scala\Operator.scala. Using presentation compiler with project's scala-library version: 3.3.6
2026.01.20 01:21:20 INFO  no build target found for C:\Users\USER\Desktop\Verilog\Verilog\Scala\Operator.scala. Using presentation compiler with project's scala-library version: 3.3.6
2026.01.20 01:21:20 INFO  no build target found for C:\Users\USER\Desktop\Verilog\Verilog\Scala\Operator.scala. Using presentation compiler with project's scala-library version: 3.3.6
2026.01.20 01:21:20 INFO  no build target found for C:\Users\USER\Desktop\Verilog\Verilog\Scala\Operator.scala. Using presentation compiler with project's scala-library version: 3.3.6
2026.01.20 01:21:31 INFO  no build target found for C:\Users\USER\Desktop\Verilog\Verilog\Scala\Operator.scala. Using presentation compiler with project's scala-library version: 3.3.6
2026.01.20 01:21:32 INFO  no build target found for C:\Users\USER\Desktop\Verilog\Verilog\Scala\Operator.scala. Using presentation compiler with project's scala-library version: 3.3.6
2026.01.20 01:21:31 INFO  no build target found for C:\Users\USER\Desktop\Verilog\Verilog\Scala\Operator.scala. Using presentation compiler with project's scala-library version: 3.3.6
2026.01.20 01:21:32 INFO  no build target found for C:\Users\USER\Desktop\Verilog\Verilog\Scala\Operator.scala. Using presentation compiler with project's scala-library version: 3.3.6
2026.01.20 01:21:31 INFO  no build target found for C:\Users\USER\Desktop\Verilog\Verilog\Scala\Operator.scala. Using presentation compiler with project's scala-library version: 3.3.6
2026.01.20 01:21:32 INFO  no build target found for C:\Users\USER\Desktop\Verilog\Verilog\Scala\Operator.scala. Using presentation compiler with project's scala-library version: 3.3.6
2026.01.20 01:21:31 INFO  no build target found for C:\Users\USER\Desktop\Verilog\Verilog\Scala\Operator.scala. Using presentation compiler with project's scala-library version: 3.3.6
1月 20, 2026 1:21:32 上午 org.eclipse.lsp4j.jsonrpc.RemoteEndpoint handleCancellation
警告: Unmatched cancel notification for request id 2558
2026.01.20 01:21:31 INFO  no build target found for C:\Users\USER\Desktop\Verilog\Verilog\Scala\Operator.scala. Using presentation compiler with project's scala-library version: 3.3.6
2026.01.20 01:21:31 INFO  no build target found for C:\Users\USER\Desktop\Verilog\Verilog\Scala\Operator.scala. Using presentation compiler with project's scala-library version: 3.3.6
2026.01.20 01:21:32 INFO  no build target found for C:\Users\USER\Desktop\Verilog\Verilog\Scala\Operator.scala. Using presentation compiler with project's scala-library version: 3.3.6
2026.01.20 01:21:31 INFO  no build target found for C:\Users\USER\Desktop\Verilog\Verilog\Scala\Operator.scala. Using presentation compiler with project's scala-library version: 3.3.6
2026.01.20 01:21:32 INFO  no build target found for C:\Users\USER\Desktop\Verilog\Verilog\Scala\Operator.scala. Using presentation compiler with project's scala-library version: 3.3.6
2026.01.20 01:21:33 INFO  no build target found for C:\Users\USER\Desktop\Verilog\Verilog\Scala\Operator.scala. Using presentation compiler with project's scala-library version: 3.3.6
2026.01.20 01:21:33 INFO  no build target found for C:\Users\USER\Desktop\Verilog\Verilog\Scala\Operator.scala. Using presentation compiler with project's scala-library version: 3.3.6
2026.01.20 01:21:33 INFO  no build target found for C:\Users\USER\Desktop\Verilog\Verilog\Scala\Operator.scala. Using presentation compiler with project's scala-library version: 3.3.6
2026.01.20 01:21:33 INFO  no build target found for C:\Users\USER\Desktop\Verilog\Verilog\Scala\Operator.scala. Using presentation compiler with project's scala-library version: 3.3.6
2026.01.20 01:21:32 INFO  no build target found for C:\Users\USER\Desktop\Verilog\Verilog\Scala\Operator.scala. Using presentation compiler with project's scala-library version: 3.3.6
2026.01.20 01:21:33 INFO  no build target found for C:\Users\USER\Desktop\Verilog\Verilog\Scala\Operator.scala. Using presentation compiler with project's scala-library version: 3.3.6
2026.01.20 01:21:35 INFO  no build target found for C:\Users\USER\Desktop\Verilog\Verilog\Scala\Operator.scala. Using presentation compiler with project's scala-library version: 3.3.6
2026.01.20 01:21:36 INFO  no build target found for C:\Users\USER\Desktop\Verilog\Verilog\Scala\Operator.scala. Using presentation compiler with project's scala-library version: 3.3.6
2026.01.20 01:21:36 INFO  no build target found for C:\Users\USER\Desktop\Verilog\Verilog\Scala\Operator.scala. Using presentation compiler with project's scala-library version: 3.3.6
2026.01.20 01:21:37 INFO  no build target found for C:\Users\USER\Desktop\Verilog\Verilog\Scala\Operator.scala. Using presentation compiler with project's scala-library version: 3.3.6
2026.01.20 01:21:37 INFO  no build target found for C:\Users\USER\Desktop\Verilog\Verilog\Scala\Operator.scala. Using presentation compiler with project's scala-library version: 3.3.6
2026.01.20 01:21:37 INFO  no build target found for C:\Users\USER\Desktop\Verilog\Verilog\Scala\Operator.scala. Using presentation compiler with project's scala-library version: 3.3.6
2026.01.20 01:21:37 INFO  no build target found for C:\Users\USER\Desktop\Verilog\Verilog\Scala\Operator.scala. Using presentation compiler with project's scala-library version: 3.3.6
2026.01.20 01:21:37 INFO  no build target found for C:\Users\USER\Desktop\Verilog\Verilog\Scala\Operator.scala. Using presentation compiler with project's scala-library version: 3.3.6
2026.01.20 01:21:37 INFO  no build target found for C:\Users\USER\Desktop\Verilog\Verilog\Scala\Operator.scala. Using presentation compiler with project's scala-library version: 3.3.6
2026.01.20 01:21:38 INFO  no build target found for C:\Users\USER\Desktop\Verilog\Verilog\Scala\Operator.scala. Using presentation compiler with project's scala-library version: 3.3.6
2026.01.20 01:21:37 INFO  no build target found for C:\Users\USER\Desktop\Verilog\Verilog\Scala\Operator.scala. Using presentation compiler with project's scala-library version: 3.3.6
2026.01.20 01:21:38 INFO  no build target found for C:\Users\USER\Desktop\Verilog\Verilog\Scala\Operator.scala. Using presentation compiler with project's scala-library version: 3.3.6
2026.01.20 01:21:39 INFO  no build target found for C:\Users\USER\Desktop\Verilog\Verilog\Scala\Operator.scala. Using presentation compiler with project's scala-library version: 3.3.6
2026.01.20 01:21:39 INFO  no build target found for C:\Users\USER\Desktop\Verilog\Verilog\Scala\Operator.scala. Using presentation compiler with project's scala-library version: 3.3.6
2026.01.20 01:21:39 INFO  no build target found for C:\Users\USER\Desktop\Verilog\Verilog\Scala\Operator.scala. Using presentation compiler with project's scala-library version: 3.3.6
2026.01.20 01:21:40 INFO  no build target found for C:\Users\USER\Desktop\Verilog\Verilog\Scala\Operator.scala. Using presentation compiler with project's scala-library version: 3.3.6
2026.01.20 01:21:40 INFO  no build target found for C:\Users\USER\Desktop\Verilog\Verilog\Scala\Operator.scala. Using presentation compiler with project's scala-library version: 3.3.6
2026.01.20 01:21:40 INFO  no build target found for C:\Users\USER\Desktop\Verilog\Verilog\Scala\Operator.scala. Using presentation compiler with project's scala-library version: 3.3.6
2026.01.20 01:21:40 INFO  no build target found for C:\Users\USER\Desktop\Verilog\Verilog\Scala\Operator.scala. Using presentation compiler with project's scala-library version: 3.3.6
2026.01.20 01:21:41 INFO  no build target found for C:\Users\USER\Desktop\Verilog\Verilog\Scala\Operator.scala. Using presentation compiler with project's scala-library version: 3.3.6
2026.01.20 01:21:42 INFO  no build target found for C:\Users\USER\Desktop\Verilog\Verilog\Scala\Operator.scala. Using presentation compiler with project's scala-library version: 3.3.6
2026.01.20 01:21:42 INFO  no build target found for C:\Users\USER\Desktop\Verilog\Verilog\Scala\Operator.scala. Using presentation compiler with project's scala-library version: 3.3.6
2026.01.20 01:21:42 INFO  no build target found for C:\Users\USER\Desktop\Verilog\Verilog\Scala\Operator.scala. Using presentation compiler with project's scala-library version: 3.3.6
2026.01.20 01:21:42 INFO  no build target found for C:\Users\USER\Desktop\Verilog\Verilog\Scala\Operator.scala. Using presentation compiler with project's scala-library version: 3.3.6
2026.01.20 01:21:42 INFO  no build target found for C:\Users\USER\Desktop\Verilog\Verilog\Scala\Operator.scala. Using presentation compiler with project's scala-library version: 3.3.6
2026.01.20 01:21:42 INFO  no build target found for C:\Users\USER\Desktop\Verilog\Verilog\Scala\Operator.scala. Using presentation compiler with project's scala-library version: 3.3.6
2026.01.20 01:21:43 INFO  no build target found for C:\Users\USER\Desktop\Verilog\Verilog\Scala\Operator.scala. Using presentation compiler with project's scala-library version: 3.3.6
2026.01.20 01:21:43 INFO  no build target found for C:\Users\USER\Desktop\Verilog\Verilog\Scala\Operator.scala. Using presentation compiler with project's scala-library version: 3.3.6
2026.01.20 01:21:43 INFO  no build target found for C:\Users\USER\Desktop\Verilog\Verilog\Scala\Operator.scala. Using presentation compiler with project's scala-library version: 3.3.6
2026.01.20 01:21:46 INFO  no build target found for C:\Users\USER\Desktop\Verilog\Verilog\Scala\Operator.scala. Using presentation compiler with project's scala-library version: 3.3.6
2026.01.20 01:21:46 INFO  no build target found for C:\Users\USER\Desktop\Verilog\Verilog\Scala\Operator.scala. Using presentation compiler with project's scala-library version: 3.3.6
2026.01.20 01:21:46 INFO  no build target found for C:\Users\USER\Desktop\Verilog\Verilog\Scala\Operator.scala. Using presentation compiler with project's scala-library version: 3.3.6
2026.01.20 01:21:46 INFO  no build target found for C:\Users\USER\Desktop\Verilog\Verilog\Scala\Operator.scala. Using presentation compiler with project's scala-library version: 3.3.6
2026.01.20 01:21:46 INFO  no build target found for C:\Users\USER\Desktop\Verilog\Verilog\Scala\Operator.scala. Using presentation compiler with project's scala-library version: 3.3.6
2026.01.20 01:21:46 INFO  no build target found for C:\Users\USER\Desktop\Verilog\Verilog\Scala\Operator.scala. Using presentation compiler with project's scala-library version: 3.3.6
2026.01.20 01:21:47 INFO  no build target found for C:\Users\USER\Desktop\Verilog\Verilog\Scala\Operator.scala. Using presentation compiler with project's scala-library version: 3.3.6
2026.01.20 01:21:47 INFO  no build target found for C:\Users\USER\Desktop\Verilog\Verilog\Scala\Operator.scala. Using presentation compiler with project's scala-library version: 3.3.6
2026.01.20 01:21:47 INFO  no build target found for C:\Users\USER\Desktop\Verilog\Verilog\Scala\Operator.scala. Using presentation compiler with project's scala-library version: 3.3.6
2026.01.20 01:21:47 INFO  no build target found for C:\Users\USER\Desktop\Verilog\Verilog\Scala\Operator.scala. Using presentation compiler with project's scala-library version: 3.3.6
2026.01.20 01:21:46 INFO  no build target found for C:\Users\USER\Desktop\Verilog\Verilog\Scala\Operator.scala. Using presentation compiler with project's scala-library version: 3.3.6
2026.01.20 01:21:47 INFO  no build target found for C:\Users\USER\Desktop\Verilog\Verilog\Scala\Operator.scala. Using presentation compiler with project's scala-library version: 3.3.6
2026.01.20 01:21:47 INFO  no build target found for C:\Users\USER\Desktop\Verilog\Verilog\Scala\Operator.scala. Using presentation compiler with project's scala-library version: 3.3.6
2026.01.20 01:21:47 INFO  no build target found for C:\Users\USER\Desktop\Verilog\Verilog\Scala\Operator.scala. Using presentation compiler with project's scala-library version: 3.3.6
2026.01.20 01:21:48 INFO  no build target found for C:\Users\USER\Desktop\Verilog\Verilog\Scala\Operator.scala. Using presentation compiler with project's scala-library version: 3.3.6
2026.01.20 01:21:48 INFO  no build target found for C:\Users\USER\Desktop\Verilog\Verilog\Scala\Operator.scala. Using presentation compiler with project's scala-library version: 3.3.6
2026.01.20 01:21:47 INFO  no build target found for C:\Users\USER\Desktop\Verilog\Verilog\Scala\Operator.scala. Using presentation compiler with project's scala-library version: 3.3.6
2026.01.20 01:21:49 INFO  no build target found for C:\Users\USER\Desktop\Verilog\Verilog\Scala\Operator.scala. Using presentation compiler with project's scala-library version: 3.3.6
2026.01.20 01:21:49 INFO  no build target found for C:\Users\USER\Desktop\Verilog\Verilog\Scala\Operator.scala. Using presentation compiler with project's scala-library version: 3.3.6
2026.01.20 01:21:49 INFO  no build target found for C:\Users\USER\Desktop\Verilog\Verilog\Scala\Operator.scala. Using presentation compiler with project's scala-library version: 3.3.6
2026.01.20 01:21:49 INFO  no build target found for C:\Users\USER\Desktop\Verilog\Verilog\Scala\Operator.scala. Using presentation compiler with project's scala-library version: 3.3.6
2026.01.20 01:21:53 INFO  no build target found for C:\Users\USER\Desktop\Verilog\Verilog\Scala\Operator.scala. Using presentation compiler with project's scala-library version: 3.3.6
2026.01.20 01:21:53 INFO  no build target found for C:\Users\USER\Desktop\Verilog\Verilog\Scala\Operator.scala. Using presentation compiler with project's scala-library version: 3.3.6
2026.01.20 01:21:53 INFO  no build target found for C:\Users\USER\Desktop\Verilog\Verilog\Scala\Operator.scala. Using presentation compiler with project's scala-library version: 3.3.6
2026.01.20 01:21:53 INFO  no build target found for C:\Users\USER\Desktop\Verilog\Verilog\Scala\Operator.scala. Using presentation compiler with project's scala-library version: 3.3.6
2026.01.20 01:21:53 INFO  no build target found for C:\Users\USER\Desktop\Verilog\Verilog\Scala\Operator.scala. Using presentation compiler with project's scala-library version: 3.3.6
2026.01.20 01:21:53 INFO  no build target found for C:\Users\USER\Desktop\Verilog\Verilog\Scala\Operator.scala. Using presentation compiler with project's scala-library version: 3.3.6
2026.01.20 01:21:53 INFO  no build target found for C:\Users\USER\Desktop\Verilog\Verilog\Scala\Operator.scala. Using presentation compiler with project's scala-library version: 3.3.6
2026.01.20 01:21:54 INFO  no build target found for C:\Users\USER\Desktop\Verilog\Verilog\Scala\Operator.scala. Using presentation compiler with project's scala-library version: 3.3.6
2026.01.20 01:21:54 INFO  no build target found for C:\Users\USER\Desktop\Verilog\Verilog\Scala\Operator.scala. Using presentation compiler with project's scala-library version: 3.3.6
2026.01.20 01:21:54 INFO  no build target found for C:\Users\USER\Desktop\Verilog\Verilog\Scala\Operator.scala. Using presentation compiler with project's scala-library version: 3.3.6
2026.01.20 01:21:54 INFO  no build target found for C:\Users\USER\Desktop\Verilog\Verilog\Scala\Operator.scala. Using presentation compiler with project's scala-library version: 3.3.6
2026.01.20 01:21:55 INFO  no build target found for C:\Users\USER\Desktop\Verilog\Verilog\Scala\Operator.scala. Using presentation compiler with project's scala-library version: 3.3.6
2026.01.20 01:21:55 INFO  no build target found for C:\Users\USER\Desktop\Verilog\Verilog\Scala\Operator.scala. Using presentation compiler with project's scala-library version: 3.3.6
2026.01.20 01:21:55 INFO  no build target found for C:\Users\USER\Desktop\Verilog\Verilog\Scala\Operator.scala. Using presentation compiler with project's scala-library version: 3.3.6
2026.01.20 01:21:55 INFO  no build target found for C:\Users\USER\Desktop\Verilog\Verilog\Scala\Operator.scala. Using presentation compiler with project's scala-library version: 3.3.6
2026.01.20 01:21:55 INFO  no build target found for C:\Users\USER\Desktop\Verilog\Verilog\Scala\Operator.scala. Using presentation compiler with project's scala-library version: 3.3.6
2026.01.20 01:21:56 INFO  no build target found for C:\Users\USER\Desktop\Verilog\Verilog\Scala\Operator.scala. Using presentation compiler with project's scala-library version: 3.3.6
2026.01.20 01:21:55 INFO  no build target found for C:\Users\USER\Desktop\Verilog\Verilog\Scala\Operator.scala. Using presentation compiler with project's scala-library version: 3.3.6
2026.01.20 01:21:56 INFO  no build target found for C:\Users\USER\Desktop\Verilog\Verilog\Scala\Operator.scala. Using presentation compiler with project's scala-library version: 3.3.6
2026.01.20 01:21:55 INFO  no build target found for C:\Users\USER\Desktop\Verilog\Verilog\Scala\Operator.scala. Using presentation compiler with project's scala-library version: 3.3.6
2026.01.20 01:21:55 INFO  no build target found for C:\Users\USER\Desktop\Verilog\Verilog\Scala\Operator.scala. Using presentation compiler with project's scala-library version: 3.3.6
2026.01.20 01:21:56 INFO  no build target found for C:\Users\USER\Desktop\Verilog\Verilog\Scala\Operator.scala. Using presentation compiler with project's scala-library version: 3.3.6
2026.01.20 01:21:57 INFO  no build target found for C:\Users\USER\Desktop\Verilog\Verilog\Scala\Operator.scala. Using presentation compiler with project's scala-library version: 3.3.6
2026.01.20 01:21:57 INFO  no build target found for C:\Users\USER\Desktop\Verilog\Verilog\Scala\Operator.scala. Using presentation compiler with project's scala-library version: 3.3.6
2026.01.20 01:21:57 INFO  no build target found for C:\Users\USER\Desktop\Verilog\Verilog\Scala\Operator.scala. Using presentation compiler with project's scala-library version: 3.3.6
2026.01.20 01:21:57 INFO  no build target found for C:\Users\USER\Desktop\Verilog\Verilog\Scala\Operator.scala. Using presentation compiler with project's scala-library version: 3.3.6
2026.01.20 01:21:57 INFO  no build target found for C:\Users\USER\Desktop\Verilog\Verilog\Scala\Operator.scala. Using presentation compiler with project's scala-library version: 3.3.6
2026.01.20 01:21:57 INFO  no build target found for C:\Users\USER\Desktop\Verilog\Verilog\Scala\Operator.scala. Using presentation compiler with project's scala-library version: 3.3.6
2026.01.20 01:21:59 INFO  no build target found for C:\Users\USER\Desktop\Verilog\Verilog\Scala\Operator.scala. Using presentation compiler with project's scala-library version: 3.3.6
2026.01.20 01:22:00 INFO  no build target found for C:\Users\USER\Desktop\Verilog\Verilog\Scala\Operator.scala. Using presentation compiler with project's scala-library version: 3.3.6
2026.01.20 01:22:00 WARN  no build target for: C:\Users\USER\Desktop\Verilog\Verilog\Scala\Operator.scala
2026.01.20 01:22:00 INFO  no build target found for C:\Users\USER\Desktop\Verilog\Verilog\Scala\Operator.scala. Using presentation compiler with project's scala-library version: 3.3.6
2026.01.20 01:22:00 INFO  skipping build import with status 'Failed'
2026.01.20 01:22:01 INFO  no build target found for C:\Users\USER\Desktop\Verilog\Verilog\Scala\Operator.scala. Using presentation compiler with project's scala-library version: 3.3.6
2026.01.20 01:22:01 INFO  no build target found for C:\Users\USER\Desktop\Verilog\Verilog\Scala\Operator.scala. Using presentation compiler with project's scala-library version: 3.3.6
2026.01.20 01:22:01 INFO  no build target found for C:\Users\USER\Desktop\Verilog\Verilog\Scala\Operator.scala. Using presentation compiler with project's scala-library version: 3.3.6
2026.01.20 01:22:01 INFO  no build target found for C:\Users\USER\Desktop\Verilog\Verilog\Scala\Operator.scala. Using presentation compiler with project's scala-library version: 3.3.6
2026.01.20 01:22:01 INFO  no build target found for C:\Users\USER\Desktop\Verilog\Verilog\Scala\Operator.scala. Using presentation compiler with project's scala-library version: 3.3.6
2026.01.20 01:22:01 INFO  no build target found for C:\Users\USER\Desktop\Verilog\Verilog\Scala\Operator.scala. Using presentation compiler with project's scala-library version: 3.3.6
2026.01.20 01:22:02 INFO  no build target found for C:\Users\USER\Desktop\Verilog\Verilog\Scala\Operator.scala. Using presentation compiler with project's scala-library version: 3.3.6
2026.01.20 01:22:02 INFO  no build target found for C:\Users\USER\Desktop\Verilog\Verilog\Scala\Operator.scala. Using presentation compiler with project's scala-library version: 3.3.6
2026.01.20 01:22:03 INFO  no build target found for C:\Users\USER\Desktop\Verilog\Verilog\Scala\Operator.scala. Using presentation compiler with project's scala-library version: 3.3.6
2026.01.20 01:22:02 INFO  no build target found for C:\Users\USER\Desktop\Verilog\Verilog\Scala\Operator.scala. Using presentation compiler with project's scala-library version: 3.3.6
2026.01.20 01:22:02 INFO  no build target found for C:\Users\USER\Desktop\Verilog\Verilog\Scala\Operator.scala. Using presentation compiler with project's scala-library version: 3.3.6
2026.01.20 01:22:03 INFO  no build target found for C:\Users\USER\Desktop\Verilog\Verilog\Scala\Operator.scala. Using presentation compiler with project's scala-library version: 3.3.6
2026.01.20 01:22:02 INFO  no build target found for C:\Users\USER\Desktop\Verilog\Verilog\Scala\Operator.scala. Using presentation compiler with project's scala-library version: 3.3.6
2026.01.20 01:22:03 INFO  no build target found for C:\Users\USER\Desktop\Verilog\Verilog\Scala\Operator.scala. Using presentation compiler with project's scala-library version: 3.3.6
2026.01.20 01:22:02 INFO  no build target found for C:\Users\USER\Desktop\Verilog\Verilog\Scala\Operator.scala. Using presentation compiler with project's scala-library version: 3.3.6
2026.01.20 01:22:03 WARN  no build target for: C:\Users\USER\Desktop\Verilog\Verilog\Scala\Operator.scala
2026.01.20 01:22:02 INFO  no build target found for C:\Users\USER\Desktop\Verilog\Verilog\Scala\Operator.scala. Using presentation compiler with project's scala-library version: 3.3.6
2026.01.20 01:22:03 INFO  skipping build import with status 'Failed'
2026.01.20 01:22:04 INFO  no build target found for C:\Users\USER\Desktop\Verilog\Verilog\Scala\Operator.scala. Using presentation compiler with project's scala-library version: 3.3.6
2026.01.20 01:22:05 INFO  no build target found for C:\Users\USER\Desktop\Verilog\Verilog\Scala\Operator.scala. Using presentation compiler with project's scala-library version: 3.3.6
2026.01.20 01:22:05 INFO  no build target found for C:\Users\USER\Desktop\Verilog\Verilog\Scala\Operator.scala. Using presentation compiler with project's scala-library version: 3.3.6
2026.01.20 01:22:05 INFO  no build target found for C:\Users\USER\Desktop\Verilog\Verilog\Scala\Operator.scala. Using presentation compiler with project's scala-library version: 3.3.6
2026.01.20 01:22:06 INFO  no build target found for C:\Users\USER\Desktop\Verilog\Verilog\Scala\Operator.scala. Using presentation compiler with project's scala-library version: 3.3.6
2026.01.20 01:22:27 INFO  no build target found for C:\Users\USER\Desktop\Verilog\Verilog\Scala\Operator.scala. Using presentation compiler with project's scala-library version: 3.3.6
2026.01.20 01:22:36 INFO  no build target found for C:\Users\USER\Desktop\Verilog\Verilog\Scala\Operator.scala. Using presentation compiler with project's scala-library version: 3.3.6
2026.01.20 01:22:36 INFO  no build target found for C:\Users\USER\Desktop\Verilog\Verilog\Scala\Operator.scala. Using presentation compiler with project's scala-library version: 3.3.6
2026.01.20 01:22:36 INFO  no build target found for C:\Users\USER\Desktop\Verilog\Verilog\Scala\Operator.scala. Using presentation compiler with project's scala-library version: 3.3.6
2026.01.20 01:22:36 INFO  no build target found for C:\Users\USER\Desktop\Verilog\Verilog\Scala\Operator.scala. Using presentation compiler with project's scala-library version: 3.3.6
2026.01.20 01:22:37 INFO  no build target found for C:\Users\USER\Desktop\Verilog\Verilog\Scala\Operator.scala. Using presentation compiler with project's scala-library version: 3.3.6
2026.01.20 01:22:37 INFO  no build target found for C:\Users\USER\Desktop\Verilog\Verilog\Scala\Operator.scala. Using presentation compiler with project's scala-library version: 3.3.6
2026.01.20 01:22:37 INFO  no build target found for C:\Users\USER\Desktop\Verilog\Verilog\Scala\Operator.scala. Using presentation compiler with project's scala-library version: 3.3.6
2026.01.20 01:22:37 INFO  no build target found for C:\Users\USER\Desktop\Verilog\Verilog\Scala\Operator.scala. Using presentation compiler with project's scala-library version: 3.3.6
2026.01.20 01:22:37 INFO  no build target found for C:\Users\USER\Desktop\Verilog\Verilog\Scala\Operator.scala. Using presentation compiler with project's scala-library version: 3.3.6
2026.01.20 01:22:38 INFO  no build target found for C:\Users\USER\Desktop\Verilog\Verilog\Scala\Operator.scala. Using presentation compiler with project's scala-library version: 3.3.6
2026.01.20 01:22:38 INFO  no build target found for C:\Users\USER\Desktop\Verilog\Verilog\Scala\Operator.scala. Using presentation compiler with project's scala-library version: 3.3.6
2026.01.20 01:22:38 INFO  no build target found for C:\Users\USER\Desktop\Verilog\Verilog\Scala\Operator.scala. Using presentation compiler with project's scala-library version: 3.3.6
2026.01.20 01:22:38 INFO  no build target found for C:\Users\USER\Desktop\Verilog\Verilog\Scala\Operator.scala. Using presentation compiler with project's scala-library version: 3.3.6
2026.01.20 01:22:39 INFO  no build target found for C:\Users\USER\Desktop\Verilog\Verilog\Scala\Operator.scala. Using presentation compiler with project's scala-library version: 3.3.6
2026.01.20 01:22:38 INFO  no build target found for C:\Users\USER\Desktop\Verilog\Verilog\Scala\Operator.scala. Using presentation compiler with project's scala-library version: 3.3.6
2026.01.20 01:22:38 INFO  no build target found for C:\Users\USER\Desktop\Verilog\Verilog\Scala\Operator.scala. Using presentation compiler with project's scala-library version: 3.3.6
2026.01.20 01:22:38 INFO  no build target found for C:\Users\USER\Desktop\Verilog\Verilog\Scala\Operator.scala. Using presentation compiler with project's scala-library version: 3.3.6
2026.01.20 01:22:39 INFO  no build target found for C:\Users\USER\Desktop\Verilog\Verilog\Scala\Operator.scala. Using presentation compiler with project's scala-library version: 3.3.6
2026.01.20 01:22:39 INFO  no build target found for C:\Users\USER\Desktop\Verilog\Verilog\Scala\Operator.scala. Using presentation compiler with project's scala-library version: 3.3.6
2026.01.20 01:22:40 INFO  no build target found for C:\Users\USER\Desktop\Verilog\Verilog\Scala\Operator.scala. Using presentation compiler with project's scala-library version: 3.3.6
2026.01.20 01:22:40 INFO  no build target found for C:\Users\USER\Desktop\Verilog\Verilog\Scala\Operator.scala. Using presentation compiler with project's scala-library version: 3.3.6
2026.01.20 01:22:39 INFO  no build target found for C:\Users\USER\Desktop\Verilog\Verilog\Scala\Operator.scala. Using presentation compiler with project's scala-library version: 3.3.6
2026.01.20 01:22:39 INFO  no build target found for C:\Users\USER\Desktop\Verilog\Verilog\Scala\Operator.scala. Using presentation compiler with project's scala-library version: 3.3.6
2026.01.20 01:22:40 INFO  no build target found for C:\Users\USER\Desktop\Verilog\Verilog\Scala\Operator.scala. Using presentation compiler with project's scala-library version: 3.3.6
2026.01.20 01:22:40 INFO  no build target found for C:\Users\USER\Desktop\Verilog\Verilog\Scala\Operator.scala. Using presentation compiler with project's scala-library version: 3.3.6
2026.01.20 01:22:39 INFO  no build target found for C:\Users\USER\Desktop\Verilog\Verilog\Scala\Operator.scala. Using presentation compiler with project's scala-library version: 3.3.6
2026.01.20 01:22:40 INFO  no build target found for C:\Users\USER\Desktop\Verilog\Verilog\Scala\Operator.scala. Using presentation compiler with project's scala-library version: 3.3.6
2026.01.20 01:22:40 INFO  no build target found for C:\Users\USER\Desktop\Verilog\Verilog\Scala\Operator.scala. Using presentation compiler with project's scala-library version: 3.3.6
2026.01.20 01:22:40 INFO  no build target found for C:\Users\USER\Desktop\Verilog\Verilog\Scala\Operator.scala. Using presentation compiler with project's scala-library version: 3.3.6
2026.01.20 01:22:40 INFO  no build target found for C:\Users\USER\Desktop\Verilog\Verilog\Scala\Operator.scala. Using presentation compiler with project's scala-library version: 3.3.6
2026.01.20 01:22:41 INFO  no build target found for C:\Users\USER\Desktop\Verilog\Verilog\Scala\Operator.scala. Using presentation compiler with project's scala-library version: 3.3.6
2026.01.20 01:22:41 INFO  no build target found for C:\Users\USER\Desktop\Verilog\Verilog\Scala\Operator.scala. Using presentation compiler with project's scala-library version: 3.3.6
2026.01.20 01:22:41 INFO  no build target found for C:\Users\USER\Desktop\Verilog\Verilog\Scala\Operator.scala. Using presentation compiler with project's scala-library version: 3.3.6
2026.01.20 01:22:42 INFO  no build target found for C:\Users\USER\Desktop\Verilog\Verilog\Scala\Operator.scala. Using presentation compiler with project's scala-library version: 3.3.6
2026.01.20 01:22:42 INFO  no build target found for C:\Users\USER\Desktop\Verilog\Verilog\Scala\Operator.scala. Using presentation compiler with project's scala-library version: 3.3.6
2026.01.20 01:22:41 INFO  no build target found for C:\Users\USER\Desktop\Verilog\Verilog\Scala\Operator.scala. Using presentation compiler with project's scala-library version: 3.3.6
2026.01.20 01:22:43 INFO  no build target found for C:\Users\USER\Desktop\Verilog\Verilog\Scala\Operator.scala. Using presentation compiler with project's scala-library version: 3.3.6
2026.01.20 01:22:43 INFO  no build target found for C:\Users\USER\Desktop\Verilog\Verilog\Scala\Operator.scala. Using presentation compiler with project's scala-library version: 3.3.6
2026.01.20 01:22:43 INFO  no build target found for C:\Users\USER\Desktop\Verilog\Verilog\Scala\Operator.scala. Using presentation compiler with project's scala-library version: 3.3.6
2026.01.20 01:22:43 INFO  no build target found for C:\Users\USER\Desktop\Verilog\Verilog\Scala\Operator.scala. Using presentation compiler with project's scala-library version: 3.3.6
2026.01.20 01:22:43 INFO  no build target found for C:\Users\USER\Desktop\Verilog\Verilog\Scala\Operator.scala. Using presentation compiler with project's scala-library version: 3.3.6
2026.01.20 01:22:43 INFO  no build target found for C:\Users\USER\Desktop\Verilog\Verilog\Scala\Operator.scala. Using presentation compiler with project's scala-library version: 3.3.6
2026.01.20 01:22:43 INFO  no build target found for C:\Users\USER\Desktop\Verilog\Verilog\Scala\Operator.scala. Using presentation compiler with project's scala-library version: 3.3.6
2026.01.20 01:22:43 INFO  no build target found for C:\Users\USER\Desktop\Verilog\Verilog\Scala\Operator.scala. Using presentation compiler with project's scala-library version: 3.3.6
2026.01.20 01:22:43 INFO  no build target found for C:\Users\USER\Desktop\Verilog\Verilog\Scala\Operator.scala. Using presentation compiler with project's scala-library version: 3.3.6
2026.01.20 01:22:43 INFO  no build target found for C:\Users\USER\Desktop\Verilog\Verilog\Scala\Operator.scala. Using presentation compiler with project's scala-library version: 3.3.6
2026.01.20 01:22:44 INFO  no build target found for C:\Users\USER\Desktop\Verilog\Verilog\Scala\Operator.scala. Using presentation compiler with project's scala-library version: 3.3.6
2026.01.20 01:22:44 INFO  no build target found for C:\Users\USER\Desktop\Verilog\Verilog\Scala\Operator.scala. Using presentation compiler with project's scala-library version: 3.3.6
2026.01.20 01:22:44 INFO  no build target found for C:\Users\USER\Desktop\Verilog\Verilog\Scala\Operator.scala. Using presentation compiler with project's scala-library version: 3.3.6
2026.01.20 01:22:44 INFO  no build target found for C:\Users\USER\Desktop\Verilog\Verilog\Scala\Operator.scala. Using presentation compiler with project's scala-library version: 3.3.6
2026.01.20 01:22:44 INFO  no build target found for C:\Users\USER\Desktop\Verilog\Verilog\Scala\Operator.scala. Using presentation compiler with project's scala-library version: 3.3.6
2026.01.20 01:22:44 INFO  no build target found for C:\Users\USER\Desktop\Verilog\Verilog\Scala\Operator.scala. Using presentation compiler with project's scala-library version: 3.3.6
2026.01.20 01:22:44 INFO  no build target found for C:\Users\USER\Desktop\Verilog\Verilog\Scala\Operator.scala. Using presentation compiler with project's scala-library version: 3.3.6
2026.01.20 01:22:45 WARN  no build target for: C:\Users\USER\Desktop\Verilog\Verilog\Scala\Operator.scala
2026.01.20 01:22:45 INFO  no build target found for C:\Users\USER\Desktop\Verilog\Verilog\Scala\Operator.scala. Using presentation compiler with project's scala-library version: 3.3.6
2026.01.20 01:22:45 INFO  skipping build import with status 'Failed'
2026.01.20 01:22:46 INFO  no build target found for C:\Users\USER\Desktop\Verilog\Verilog\Scala\Operator.scala. Using presentation compiler with project's scala-library version: 3.3.6
2026.01.20 01:22:46 INFO  no build target found for C:\Users\USER\Desktop\Verilog\Verilog\Scala\Operator.scala. Using presentation compiler with project's scala-library version: 3.3.6
2026.01.20 01:22:56 INFO  no build target found for C:\Users\USER\Desktop\Verilog\Verilog\Scala\Operator.scala. Using presentation compiler with project's scala-library version: 3.3.6
2026.01.20 01:22:56 INFO  no build target found for C:\Users\USER\Desktop\Verilog\Verilog\Scala\Operator.scala. Using presentation compiler with project's scala-library version: 3.3.6
2026.01.20 01:22:56 INFO  no build target found for C:\Users\USER\Desktop\Verilog\Verilog\Scala\Operator.scala. Using presentation compiler with project's scala-library version: 3.3.6
2026.01.20 01:23:12 INFO  no build target found for C:\Users\USER\Desktop\Verilog\Verilog\Scala\Operator.scala. Using presentation compiler with project's scala-library version: 3.3.6
2026.01.20 01:23:12 INFO  no build target found for C:\Users\USER\Desktop\Verilog\Verilog\Scala\Operator.scala. Using presentation compiler with project's scala-library version: 3.3.6
2026.01.20 01:23:12 INFO  no build target found for C:\Users\USER\Desktop\Verilog\Verilog\Scala\Operator.scala. Using presentation compiler with project's scala-library version: 3.3.6
2026.01.20 01:23:12 INFO  no build target found for C:\Users\USER\Desktop\Verilog\Verilog\Scala\Operator.scala. Using presentation compiler with project's scala-library version: 3.3.6
2026.01.20 01:23:12 INFO  no build target found for C:\Users\USER\Desktop\Verilog\Verilog\Scala\Operator.scala. Using presentation compiler with project's scala-library version: 3.3.6
2026.01.20 01:23:12 INFO  no build target found for C:\Users\USER\Desktop\Verilog\Verilog\Scala\Operator.scala. Using presentation compiler with project's scala-library version: 3.3.6
2026.01.20 01:23:12 INFO  no build target found for C:\Users\USER\Desktop\Verilog\Verilog\Scala\Operator.scala. Using presentation compiler with project's scala-library version: 3.3.6
2026.01.20 01:23:13 INFO  no build target found for C:\Users\USER\Desktop\Verilog\Verilog\Scala\Operator.scala. Using presentation compiler with project's scala-library version: 3.3.6
2026.01.20 01:23:13 INFO  no build target found for C:\Users\USER\Desktop\Verilog\Verilog\Scala\Operator.scala. Using presentation compiler with project's scala-library version: 3.3.6
2026.01.20 01:23:13 INFO  no build target found for C:\Users\USER\Desktop\Verilog\Verilog\Scala\Operator.scala. Using presentation compiler with project's scala-library version: 3.3.6
2026.01.20 01:23:13 INFO  no build target found for C:\Users\USER\Desktop\Verilog\Verilog\Scala\Operator.scala. Using presentation compiler with project's scala-library version: 3.3.6
2026.01.20 01:23:13 INFO  no build target found for C:\Users\USER\Desktop\Verilog\Verilog\Scala\Operator.scala. Using presentation compiler with project's scala-library version: 3.3.6
2026.01.20 01:23:13 INFO  no build target found for C:\Users\USER\Desktop\Verilog\Verilog\Scala\Operator.scala. Using presentation compiler with project's scala-library version: 3.3.6
2026.01.20 01:23:13 INFO  no build target found for C:\Users\USER\Desktop\Verilog\Verilog\Scala\Operator.scala. Using presentation compiler with project's scala-library version: 3.3.6
2026.01.20 01:23:13 INFO  no build target found for C:\Users\USER\Desktop\Verilog\Verilog\Scala\Operator.scala. Using presentation compiler with project's scala-library version: 3.3.6
2026.01.20 01:23:14 INFO  no build target found for C:\Users\USER\Desktop\Verilog\Verilog\Scala\Operator.scala. Using presentation compiler with project's scala-library version: 3.3.6
2026.01.20 01:23:14 INFO  no build target found for C:\Users\USER\Desktop\Verilog\Verilog\Scala\Operator.scala. Using presentation compiler with project's scala-library version: 3.3.6
2026.01.20 01:23:14 INFO  no build target found for C:\Users\USER\Desktop\Verilog\Verilog\Scala\Operator.scala. Using presentation compiler with project's scala-library version: 3.3.6
2026.01.20 01:23:14 INFO  no build target found for C:\Users\USER\Desktop\Verilog\Verilog\Scala\Operator.scala. Using presentation compiler with project's scala-library version: 3.3.6
2026.01.20 01:23:15 INFO  no build target found for C:\Users\USER\Desktop\Verilog\Verilog\Scala\Operator.scala. Using presentation compiler with project's scala-library version: 3.3.6
2026.01.20 01:23:15 INFO  no build target found for C:\Users\USER\Desktop\Verilog\Verilog\Scala\Operator.scala. Using presentation compiler with project's scala-library version: 3.3.6
2026.01.20 01:23:14 INFO  no build target found for C:\Users\USER\Desktop\Verilog\Verilog\Scala\Operator.scala. Using presentation compiler with project's scala-library version: 3.3.6
2026.01.20 01:23:14 INFO  no build target found for C:\Users\USER\Desktop\Verilog\Verilog\Scala\Operator.scala. Using presentation compiler with project's scala-library version: 3.3.6
2026.01.20 01:23:14 INFO  no build target found for C:\Users\USER\Desktop\Verilog\Verilog\Scala\Operator.scala. Using presentation compiler with project's scala-library version: 3.3.6
2026.01.20 01:23:14 INFO  no build target found for C:\Users\USER\Desktop\Verilog\Verilog\Scala\Operator.scala. Using presentation compiler with project's scala-library version: 3.3.6
2026.01.20 01:23:15 INFO  no build target found for C:\Users\USER\Desktop\Verilog\Verilog\Scala\Operator.scala. Using presentation compiler with project's scala-library version: 3.3.6
2026.01.20 01:23:15 INFO  no build target found for C:\Users\USER\Desktop\Verilog\Verilog\Scala\Operator.scala. Using presentation compiler with project's scala-library version: 3.3.6
2026.01.20 01:23:15 INFO  no build target found for C:\Users\USER\Desktop\Verilog\Verilog\Scala\Operator.scala. Using presentation compiler with project's scala-library version: 3.3.6
2026.01.20 01:23:15 INFO  no build target found for C:\Users\USER\Desktop\Verilog\Verilog\Scala\Operator.scala. Using presentation compiler with project's scala-library version: 3.3.6
2026.01.20 01:23:15 INFO  no build target found for C:\Users\USER\Desktop\Verilog\Verilog\Scala\Operator.scala. Using presentation compiler with project's scala-library version: 3.3.6
2026.01.20 01:23:15 INFO  no build target found for C:\Users\USER\Desktop\Verilog\Verilog\Scala\Operator.scala. Using presentation compiler with project's scala-library version: 3.3.6
2026.01.20 01:23:16 INFO  no build target found for C:\Users\USER\Desktop\Verilog\Verilog\Scala\Operator.scala. Using presentation compiler with project's scala-library version: 3.3.6
2026.01.20 01:23:15 INFO  no build target found for C:\Users\USER\Desktop\Verilog\Verilog\Scala\Operator.scala. Using presentation compiler with project's scala-library version: 3.3.6
2026.01.20 01:23:17 INFO  no build target found for C:\Users\USER\Desktop\Verilog\Verilog\Scala\Operator.scala. Using presentation compiler with project's scala-library version: 3.3.6
2026.01.20 01:23:17 INFO  no build target found for C:\Users\USER\Desktop\Verilog\Verilog\Scala\Operator.scala. Using presentation compiler with project's scala-library version: 3.3.6
2026.01.20 01:23:17 INFO  no build target found for C:\Users\USER\Desktop\Verilog\Verilog\Scala\Operator.scala. Using presentation compiler with project's scala-library version: 3.3.6
2026.01.20 01:23:17 INFO  no build target found for C:\Users\USER\Desktop\Verilog\Verilog\Scala\Operator.scala. Using presentation compiler with project's scala-library version: 3.3.6
2026.01.20 01:23:18 INFO  no build target found for C:\Users\USER\Desktop\Verilog\Verilog\Scala\Operator.scala. Using presentation compiler with project's scala-library version: 3.3.6
2026.01.20 01:23:18 INFO  no build target found for C:\Users\USER\Desktop\Verilog\Verilog\Scala\Operator.scala. Using presentation compiler with project's scala-library version: 3.3.6
2026.01.20 01:23:17 INFO  no build target found for C:\Users\USER\Desktop\Verilog\Verilog\Scala\Operator.scala. Using presentation compiler with project's scala-library version: 3.3.6
2026.01.20 01:23:18 INFO  no build target found for C:\Users\USER\Desktop\Verilog\Verilog\Scala\Operator.scala. Using presentation compiler with project's scala-library version: 3.3.6
2026.01.20 01:23:19 INFO  no build target found for C:\Users\USER\Desktop\Verilog\Verilog\Scala\Operator.scala. Using presentation compiler with project's scala-library version: 3.3.6
2026.01.20 01:23:18 INFO  no build target found for C:\Users\USER\Desktop\Verilog\Verilog\Scala\Operator.scala. Using presentation compiler with project's scala-library version: 3.3.6
2026.01.20 01:23:19 INFO  no build target found for C:\Users\USER\Desktop\Verilog\Verilog\Scala\Operator.scala. Using presentation compiler with project's scala-library version: 3.3.6
2026.01.20 01:23:39 INFO  no build target found for C:\Users\USER\Desktop\Verilog\Verilog\Scala\Operator.scala. Using presentation compiler with project's scala-library version: 3.3.6
2026.01.20 01:23:39 INFO  no build target found for C:\Users\USER\Desktop\Verilog\Verilog\Scala\Operator.scala. Using presentation compiler with project's scala-library version: 3.3.6
2026.01.20 01:23:39 INFO  no build target found for C:\Users\USER\Desktop\Verilog\Verilog\Scala\Operator.scala. Using presentation compiler with project's scala-library version: 3.3.6
2026.01.20 01:23:39 INFO  no build target found for C:\Users\USER\Desktop\Verilog\Verilog\Scala\Operator.scala. Using presentation compiler with project's scala-library version: 3.3.6
2026.01.20 01:23:39 INFO  no build target found for C:\Users\USER\Desktop\Verilog\Verilog\Scala\Operator.scala. Using presentation compiler with project's scala-library version: 3.3.6
2026.01.20 01:23:40 INFO  no build target found for C:\Users\USER\Desktop\Verilog\Verilog\Scala\Operator.scala. Using presentation compiler with project's scala-library version: 3.3.6
2026.01.20 01:23:39 INFO  no build target found for C:\Users\USER\Desktop\Verilog\Verilog\Scala\Operator.scala. Using presentation compiler with project's scala-library version: 3.3.6
2026.01.20 01:23:40 INFO  no build target found for C:\Users\USER\Desktop\Verilog\Verilog\Scala\Operator.scala. Using presentation compiler with project's scala-library version: 3.3.6
2026.01.20 01:23:40 INFO  no build target found for C:\Users\USER\Desktop\Verilog\Verilog\Scala\Operator.scala. Using presentation compiler with project's scala-library version: 3.3.6
2026.01.20 01:23:40 INFO  no build target found for C:\Users\USER\Desktop\Verilog\Verilog\Scala\Operator.scala. Using presentation compiler with project's scala-library version: 3.3.6
2026.01.20 01:23:40 INFO  no build target found for C:\Users\USER\Desktop\Verilog\Verilog\Scala\Operator.scala. Using presentation compiler with project's scala-library version: 3.3.6
2026.01.20 01:23:40 INFO  no build target found for C:\Users\USER\Desktop\Verilog\Verilog\Scala\Operator.scala. Using presentation compiler with project's scala-library version: 3.3.6
2026.01.20 01:23:40 INFO  no build target found for C:\Users\USER\Desktop\Verilog\Verilog\Scala\Operator.scala. Using presentation compiler with project's scala-library version: 3.3.6
2026.01.20 01:23:40 INFO  no build target found for C:\Users\USER\Desktop\Verilog\Verilog\Scala\Operator.scala. Using presentation compiler with project's scala-library version: 3.3.6
2026.01.20 01:23:41 INFO  no build target found for C:\Users\USER\Desktop\Verilog\Verilog\Scala\Operator.scala. Using presentation compiler with project's scala-library version: 3.3.6
2026.01.20 01:23:41 INFO  no build target found for C:\Users\USER\Desktop\Verilog\Verilog\Scala\Operator.scala. Using presentation compiler with project's scala-library version: 3.3.6
2026.01.20 01:23:41 INFO  no build target found for C:\Users\USER\Desktop\Verilog\Verilog\Scala\Operator.scala. Using presentation compiler with project's scala-library version: 3.3.6
2026.01.20 01:23:41 INFO  no build target found for C:\Users\USER\Desktop\Verilog\Verilog\Scala\Operator.scala. Using presentation compiler with project's scala-library version: 3.3.6
2026.01.20 01:23:42 INFO  no build target found for C:\Users\USER\Desktop\Verilog\Verilog\Scala\Operator.scala. Using presentation compiler with project's scala-library version: 3.3.6
2026.01.20 01:23:41 INFO  no build target found for C:\Users\USER\Desktop\Verilog\Verilog\Scala\Operator.scala. Using presentation compiler with project's scala-library version: 3.3.6
2026.01.20 01:23:42 INFO  no build target found for C:\Users\USER\Desktop\Verilog\Verilog\Scala\Operator.scala. Using presentation compiler with project's scala-library version: 3.3.6
2026.01.20 01:23:42 INFO  no build target found for C:\Users\USER\Desktop\Verilog\Verilog\Scala\Operator.scala. Using presentation compiler with project's scala-library version: 3.3.6
2026.01.20 01:23:42 INFO  no build target found for C:\Users\USER\Desktop\Verilog\Verilog\Scala\Operator.scala. Using presentation compiler with project's scala-library version: 3.3.6
2026.01.20 01:23:42 INFO  no build target found for C:\Users\USER\Desktop\Verilog\Verilog\Scala\Operator.scala. Using presentation compiler with project's scala-library version: 3.3.6
2026.01.20 01:23:42 INFO  no build target found for C:\Users\USER\Desktop\Verilog\Verilog\Scala\Operator.scala. Using presentation compiler with project's scala-library version: 3.3.6
2026.01.20 01:23:43 INFO  no build target found for C:\Users\USER\Desktop\Verilog\Verilog\Scala\Operator.scala. Using presentation compiler with project's scala-library version: 3.3.6
2026.01.20 01:23:42 INFO  no build target found for C:\Users\USER\Desktop\Verilog\Verilog\Scala\Operator.scala. Using presentation compiler with project's scala-library version: 3.3.6
2026.01.20 01:23:43 INFO  no build target found for C:\Users\USER\Desktop\Verilog\Verilog\Scala\Operator.scala. Using presentation compiler with project's scala-library version: 3.3.6
2026.01.20 01:23:43 INFO  no build target found for C:\Users\USER\Desktop\Verilog\Verilog\Scala\Operator.scala. Using presentation compiler with project's scala-library version: 3.3.6
2026.01.20 01:23:43 INFO  no build target found for C:\Users\USER\Desktop\Verilog\Verilog\Scala\Operator.scala. Using presentation compiler with project's scala-library version: 3.3.6
2026.01.20 01:23:43 INFO  no build target found for C:\Users\USER\Desktop\Verilog\Verilog\Scala\Operator.scala. Using presentation compiler with project's scala-library version: 3.3.6
2026.01.20 01:23:43 INFO  no build target found for C:\Users\USER\Desktop\Verilog\Verilog\Scala\Operator.scala. Using presentation compiler with project's scala-library version: 3.3.6
2026.01.20 01:23:43 INFO  no build target found for C:\Users\USER\Desktop\Verilog\Verilog\Scala\Operator.scala. Using presentation compiler with project's scala-library version: 3.3.6
2026.01.20 01:23:44 INFO  no build target found for C:\Users\USER\Desktop\Verilog\Verilog\Scala\Operator.scala. Using presentation compiler with project's scala-library version: 3.3.6
2026.01.20 01:23:43 INFO  no build target found for C:\Users\USER\Desktop\Verilog\Verilog\Scala\Operator.scala. Using presentation compiler with project's scala-library version: 3.3.6
2026.01.20 01:23:44 INFO  no build target found for C:\Users\USER\Desktop\Verilog\Verilog\Scala\Operator.scala. Using presentation compiler with project's scala-library version: 3.3.6
2026.01.20 01:23:44 INFO  no build target found for C:\Users\USER\Desktop\Verilog\Verilog\Scala\Operator.scala. Using presentation compiler with project's scala-library version: 3.3.6
2026.01.20 01:23:44 WARN  no build target for: C:\Users\USER\Desktop\Verilog\Verilog\Scala\Operator.scala
2026.01.20 01:23:44 INFO  no build target found for C:\Users\USER\Desktop\Verilog\Verilog\Scala\Operator.scala. Using presentation compiler with project's scala-library version: 3.3.6
2026.01.20 01:23:44 INFO  skipping build import with status 'Failed'
2026.01.20 01:24:25 INFO  no build target found for C:\Users\USER\Desktop\Verilog\Verilog\Scala\Operator.scala. Using presentation compiler with project's scala-library version: 3.3.6
2026.01.20 01:24:25 INFO  no build target found for C:\Users\USER\Desktop\Verilog\Verilog\Scala\Operator.scala. Using presentation compiler with project's scala-library version: 3.3.6
2026.01.20 01:24:25 INFO  no build target found for C:\Users\USER\Desktop\Verilog\Verilog\Scala\Operator.scala. Using presentation compiler with project's scala-library version: 3.3.6
2026.01.20 01:24:25 INFO  no build target found for C:\Users\USER\Desktop\Verilog\Verilog\Scala\Operator.scala. Using presentation compiler with project's scala-library version: 3.3.6
2026.01.20 01:24:25 INFO  no build target found for C:\Users\USER\Desktop\Verilog\Verilog\Scala\Operator.scala. Using presentation compiler with project's scala-library version: 3.3.6
2026.01.20 01:24:25 INFO  no build target found for C:\Users\USER\Desktop\Verilog\Verilog\Scala\Operator.scala. Using presentation compiler with project's scala-library version: 3.3.6
2026.01.20 01:24:26 INFO  no build target found for C:\Users\USER\Desktop\Verilog\Verilog\Scala\Operator.scala. Using presentation compiler with project's scala-library version: 3.3.6
2026.01.20 01:24:26 INFO  no build target found for C:\Users\USER\Desktop\Verilog\Verilog\Scala\Operator.scala. Using presentation compiler with project's scala-library version: 3.3.6
2026.01.20 01:24:26 INFO  no build target found for C:\Users\USER\Desktop\Verilog\Verilog\Scala\Operator.scala. Using presentation compiler with project's scala-library version: 3.3.6
2026.01.20 01:24:26 INFO  no build target found for C:\Users\USER\Desktop\Verilog\Verilog\Scala\Operator.scala. Using presentation compiler with project's scala-library version: 3.3.6
2026.01.20 01:24:26 WARN  no build target for: C:\Users\USER\Desktop\Verilog\Verilog\Scala\Operator.scala
2026.01.20 01:24:26 INFO  no build target found for C:\Users\USER\Desktop\Verilog\Verilog\Scala\Operator.scala. Using presentation compiler with project's scala-library version: 3.3.6
2026.01.20 01:24:26 INFO  skipping build import with status 'Failed'
2026.01.20 01:24:30 INFO  no build target found for C:\Users\USER\Desktop\Verilog\Verilog\Scala\Operator.scala. Using presentation compiler with project's scala-library version: 3.3.6
2026.01.20 01:24:30 INFO  no build target found for C:\Users\USER\Desktop\Verilog\Verilog\Scala\Operator.scala. Using presentation compiler with project's scala-library version: 3.3.6
2026.01.20 01:24:30 INFO  no build target found for C:\Users\USER\Desktop\Verilog\Verilog\Scala\Operator.scala. Using presentation compiler with project's scala-library version: 3.3.6
2026.01.20 01:24:33 INFO  no build target found for C:\Users\USER\Desktop\Verilog\Verilog\Scala\Operator.scala. Using presentation compiler with project's scala-library version: 3.3.6
2026.01.20 01:24:33 INFO  no build target found for C:\Users\USER\Desktop\Verilog\Verilog\Scala\Operator.scala. Using presentation compiler with project's scala-library version: 3.3.6
2026.01.20 01:24:33 INFO  no build target found for C:\Users\USER\Desktop\Verilog\Verilog\Scala\Operator.scala. Using presentation compiler with project's scala-library version: 3.3.6
2026.01.20 01:24:33 INFO  no build target found for C:\Users\USER\Desktop\Verilog\Verilog\Scala\Operator.scala. Using presentation compiler with project's scala-library version: 3.3.6
2026.01.20 01:24:33 INFO  no build target found for C:\Users\USER\Desktop\Verilog\Verilog\Scala\Operator.scala. Using presentation compiler with project's scala-library version: 3.3.6
2026.01.20 01:24:34 INFO  no build target found for C:\Users\USER\Desktop\Verilog\Verilog\Scala\Operator.scala. Using presentation compiler with project's scala-library version: 3.3.6
2026.01.20 01:24:34 INFO  no build target found for C:\Users\USER\Desktop\Verilog\Verilog\Scala\Operator.scala. Using presentation compiler with project's scala-library version: 3.3.6
2026.01.20 01:24:33 INFO  no build target found for C:\Users\USER\Desktop\Verilog\Verilog\Scala\Operator.scala. Using presentation compiler with project's scala-library version: 3.3.6
2026.01.20 01:24:38 INFO  no build target found for C:\Users\USER\Desktop\Verilog\Verilog\Scala\Operator.scala. Using presentation compiler with project's scala-library version: 3.3.6
2026.01.20 01:24:39 INFO  no build target found for C:\Users\USER\Desktop\Verilog\Verilog\Scala\Operator.scala. Using presentation compiler with project's scala-library version: 3.3.6
2026.01.20 01:24:38 INFO  no build target found for C:\Users\USER\Desktop\Verilog\Verilog\Scala\Operator.scala. Using presentation compiler with project's scala-library version: 3.3.6
2026.01.20 01:24:39 INFO  no build target found for C:\Users\USER\Desktop\Verilog\Verilog\Scala\Operator.scala. Using presentation compiler with project's scala-library version: 3.3.6
2026.01.20 01:24:38 INFO  no build target found for C:\Users\USER\Desktop\Verilog\Verilog\Scala\Operator.scala. Using presentation compiler with project's scala-library version: 3.3.6
2026.01.20 01:24:39 INFO  no build target found for C:\Users\USER\Desktop\Verilog\Verilog\Scala\Operator.scala. Using presentation compiler with project's scala-library version: 3.3.6
2026.01.20 01:24:39 INFO  no build target found for C:\Users\USER\Desktop\Verilog\Verilog\Scala\Operator.scala. Using presentation compiler with project's scala-library version: 3.3.6
2026.01.20 01:24:40 INFO  no build target found for C:\Users\USER\Desktop\Verilog\Verilog\Scala\Operator.scala. Using presentation compiler with project's scala-library version: 3.3.6
2026.01.20 01:24:39 INFO  no build target found for C:\Users\USER\Desktop\Verilog\Verilog\Scala\Operator.scala. Using presentation compiler with project's scala-library version: 3.3.6
2026.01.20 01:24:39 INFO  no build target found for C:\Users\USER\Desktop\Verilog\Verilog\Scala\Operator.scala. Using presentation compiler with project's scala-library version: 3.3.6
2026.01.20 01:24:40 INFO  no build target found for C:\Users\USER\Desktop\Verilog\Verilog\Scala\Operator.scala. Using presentation compiler with project's scala-library version: 3.3.6
2026.01.20 01:24:41 INFO  no build target found for C:\Users\USER\Desktop\Verilog\Verilog\Scala\Operator.scala. Using presentation compiler with project's scala-library version: 3.3.6
2026.01.20 01:24:41 INFO  no build target found for C:\Users\USER\Desktop\Verilog\Verilog\Scala\Operator.scala. Using presentation compiler with project's scala-library version: 3.3.6
2026.01.20 01:24:40 INFO  no build target found for C:\Users\USER\Desktop\Verilog\Verilog\Scala\Operator.scala. Using presentation compiler with project's scala-library version: 3.3.6
2026.01.20 01:24:41 INFO  no build target found for C:\Users\USER\Desktop\Verilog\Verilog\Scala\Operator.scala. Using presentation compiler with project's scala-library version: 3.3.6
2026.01.20 01:24:41 WARN  no build target for: C:\Users\USER\Desktop\Verilog\Verilog\Scala\Operator.scala
2026.01.20 01:24:41 INFO  no build target found for C:\Users\USER\Desktop\Verilog\Verilog\Scala\Operator.scala. Using presentation compiler with project's scala-library version: 3.3.6
2026.01.20 01:24:41 INFO  skipping build import with status 'Failed'
2026.01.20 01:25:28 INFO  no build target found for C:\Users\USER\Desktop\Verilog\Verilog\Scala\Operator.scala. Using presentation compiler with project's scala-library version: 3.3.6
2026.01.20 01:26:41 INFO  no build target found for C:\Users\USER\Desktop\Verilog\Verilog\Scala\Operator.scala. Using presentation compiler with project's scala-library version: 3.3.6
2026.01.20 01:26:41 INFO  no build target found for C:\Users\USER\Desktop\Verilog\Verilog\Scala\Operator.scala. Using presentation compiler with project's scala-library version: 3.3.6
2026.01.20 01:26:41 INFO  no build target found for C:\Users\USER\Desktop\Verilog\Verilog\Scala\Operator.scala. Using presentation compiler with project's scala-library version: 3.3.6
2026.01.20 01:26:42 INFO  no build target found for C:\Users\USER\Desktop\Verilog\Verilog\Scala\Operator.scala. Using presentation compiler with project's scala-library version: 3.3.6
2026.01.20 01:26:42 INFO  no build target found for C:\Users\USER\Desktop\Verilog\Verilog\Scala\Operator.scala. Using presentation compiler with project's scala-library version: 3.3.6
2026.01.20 01:26:42 INFO  no build target found for C:\Users\USER\Desktop\Verilog\Verilog\Scala\Operator.scala. Using presentation compiler with project's scala-library version: 3.3.6
2026.01.20 01:26:42 INFO  no build target found for C:\Users\USER\Desktop\Verilog\Verilog\Scala\Operator.scala. Using presentation compiler with project's scala-library version: 3.3.6
2026.01.20 01:26:44 INFO  no build target found for C:\Users\USER\Desktop\Verilog\Verilog\Scala\Operator.scala. Using presentation compiler with project's scala-library version: 3.3.6
2026.01.20 01:26:44 INFO  no build target found for C:\Users\USER\Desktop\Verilog\Verilog\Scala\Operator.scala. Using presentation compiler with project's scala-library version: 3.3.6
2026.01.20 01:26:44 INFO  no build target found for C:\Users\USER\Desktop\Verilog\Verilog\Scala\Operator.scala. Using presentation compiler with project's scala-library version: 3.3.6
2026.01.20 01:26:44 INFO  no build target found for C:\Users\USER\Desktop\Verilog\Verilog\Scala\Operator.scala. Using presentation compiler with project's scala-library version: 3.3.6
2026.01.20 01:26:44 INFO  no build target found for C:\Users\USER\Desktop\Verilog\Verilog\Scala\Operator.scala. Using presentation compiler with project's scala-library version: 3.3.6
2026.01.20 01:26:44 INFO  no build target found for C:\Users\USER\Desktop\Verilog\Verilog\Scala\Operator.scala. Using presentation compiler with project's scala-library version: 3.3.6
2026.01.20 01:26:45 INFO  no build target found for C:\Users\USER\Desktop\Verilog\Verilog\Scala\Operator.scala. Using presentation compiler with project's scala-library version: 3.3.6
2026.01.20 01:26:45 INFO  no build target found for C:\Users\USER\Desktop\Verilog\Verilog\Scala\Operator.scala. Using presentation compiler with project's scala-library version: 3.3.6
2026.01.20 01:26:46 INFO  no build target found for C:\Users\USER\Desktop\Verilog\Verilog\Scala\Operator.scala. Using presentation compiler with project's scala-library version: 3.3.6
2026.01.20 01:26:45 INFO  no build target found for C:\Users\USER\Desktop\Verilog\Verilog\Scala\Operator.scala. Using presentation compiler with project's scala-library version: 3.3.6
2026.01.20 01:26:46 INFO  no build target found for C:\Users\USER\Desktop\Verilog\Verilog\Scala\Operator.scala. Using presentation compiler with project's scala-library version: 3.3.6
2026.01.20 01:26:46 INFO  no build target found for C:\Users\USER\Desktop\Verilog\Verilog\Scala\Operator.scala. Using presentation compiler with project's scala-library version: 3.3.6
2026.01.20 01:26:45 INFO  no build target found for C:\Users\USER\Desktop\Verilog\Verilog\Scala\Operator.scala. Using presentation compiler with project's scala-library version: 3.3.6
2026.01.20 01:26:47 INFO  no build target found for C:\Users\USER\Desktop\Verilog\Verilog\Scala\Operator.scala. Using presentation compiler with project's scala-library version: 3.3.6
2026.01.20 01:26:47 INFO  no build target found for C:\Users\USER\Desktop\Verilog\Verilog\Scala\Operator.scala. Using presentation compiler with project's scala-library version: 3.3.6
2026.01.20 01:26:47 INFO  no build target found for C:\Users\USER\Desktop\Verilog\Verilog\Scala\Operator.scala. Using presentation compiler with project's scala-library version: 3.3.6
2026.01.20 01:26:47 INFO  no build target found for C:\Users\USER\Desktop\Verilog\Verilog\Scala\Operator.scala. Using presentation compiler with project's scala-library version: 3.3.6
2026.01.20 01:26:47 INFO  no build target found for C:\Users\USER\Desktop\Verilog\Verilog\Scala\Operator.scala. Using presentation compiler with project's scala-library version: 3.3.6
2026.01.20 01:26:47 INFO  no build target found for C:\Users\USER\Desktop\Verilog\Verilog\Scala\Operator.scala. Using presentation compiler with project's scala-library version: 3.3.6
2026.01.20 01:26:47 INFO  no build target found for C:\Users\USER\Desktop\Verilog\Verilog\Scala\Operator.scala. Using presentation compiler with project's scala-library version: 3.3.6
2026.01.20 01:26:47 INFO  no build target found for C:\Users\USER\Desktop\Verilog\Verilog\Scala\Operator.scala. Using presentation compiler with project's scala-library version: 3.3.6
2026.01.20 01:26:47 INFO  no build target found for C:\Users\USER\Desktop\Verilog\Verilog\Scala\Operator.scala. Using presentation compiler with project's scala-library version: 3.3.6
2026.01.20 01:26:47 INFO  no build target found for C:\Users\USER\Desktop\Verilog\Verilog\Scala\Operator.scala. Using presentation compiler with project's scala-library version: 3.3.6
2026.01.20 01:26:47 INFO  no build target found for C:\Users\USER\Desktop\Verilog\Verilog\Scala\Operator.scala. Using presentation compiler with project's scala-library version: 3.3.6
2026.01.20 01:26:47 INFO  no build target found for C:\Users\USER\Desktop\Verilog\Verilog\Scala\Operator.scala. Using presentation compiler with project's scala-library version: 3.3.6
2026.01.20 01:26:47 INFO  no build target found for C:\Users\USER\Desktop\Verilog\Verilog\Scala\Operator.scala. Using presentation compiler with project's scala-library version: 3.3.6
2026.01.20 01:26:47 INFO  no build target found for C:\Users\USER\Desktop\Verilog\Verilog\Scala\Operator.scala. Using presentation compiler with project's scala-library version: 3.3.6
2026.01.20 01:26:47 INFO  no build target found for C:\Users\USER\Desktop\Verilog\Verilog\Scala\Operator.scala. Using presentation compiler with project's scala-library version: 3.3.6
2026.01.20 01:26:47 INFO  no build target found for C:\Users\USER\Desktop\Verilog\Verilog\Scala\Operator.scala. Using presentation compiler with project's scala-library version: 3.3.6
2026.01.20 01:26:48 INFO  no build target found for C:\Users\USER\Desktop\Verilog\Verilog\Scala\Operator.scala. Using presentation compiler with project's scala-library version: 3.3.6
2026.01.20 01:26:48 INFO  no build target found for C:\Users\USER\Desktop\Verilog\Verilog\Scala\Operator.scala. Using presentation compiler with project's scala-library version: 3.3.6
2026.01.20 01:26:49 INFO  no build target found for C:\Users\USER\Desktop\Verilog\Verilog\Scala\Operator.scala. Using presentation compiler with project's scala-library version: 3.3.6
2026.01.20 01:26:49 INFO  no build target found for C:\Users\USER\Desktop\Verilog\Verilog\Scala\Operator.scala. Using presentation compiler with project's scala-library version: 3.3.6
2026.01.20 01:26:49 INFO  no build target found for C:\Users\USER\Desktop\Verilog\Verilog\Scala\Operator.scala. Using presentation compiler with project's scala-library version: 3.3.6
2026.01.20 01:26:49 WARN  no build target for: C:\Users\USER\Desktop\Verilog\Verilog\Scala\Operator.scala
2026.01.20 01:26:49 INFO  no build target found for C:\Users\USER\Desktop\Verilog\Verilog\Scala\Operator.scala. Using presentation compiler with project's scala-library version: 3.3.6
2026.01.20 01:26:49 INFO  skipping build import with status 'Failed'
2026.01.20 01:31:54 INFO  Shutting down server
2026.01.20 01:31:54 INFO  shutting down Metals
2026.01.20 01:31:54 INFO  Exiting server
